temperature_var_derniere	temperature_var_max	temperature_var_ecart_type	temperature_ecart_moyenne	humidite_var_derniere	humidite_var_max	humidite_var_ecart_type	humidite_ecart_moyenne	gaz_var_derniere	gaz_var_max	gaz_var_ecart_type	gaz_ecart_moyenne	niveau
continuous	continuous	continuous	continuous	continuous	continuous	continuous	continuous	continuous	continuous	continuous	continuous	normal anomalie critique
												class
-2.257	-3.425	0.641	-5.203	0.169	0.500	0.323	0.662	0.867	0.867	0.661	0.785	normal
0.136	0.494	0.394	0.423	0.878	0.878	0.566	0.495	1.305	1.305	0.863	1.625	normal
0.258	-1.012	0.532	-0.605	-0.194	-1.927	0.752	-1.483	-0.467	-0.602	0.451	-0.923	normal
0.457	-8.581	3.807	-3.068	-0.335	1.677	0.828	0.708	0.871	3.114	1.600	0.411	anomalie
-5.197	-5.238	0.470	-9.608	0.837	7.490	3.017	2.708	0.222	-1.622	1.129	0.768	anomalie
-0.874	-0.874	0.277	-1.162	2.822	5.332	1.035	8.023	-1.823	-1.823	1.078	-0.792	normal
-0.939	-0.939	0.478	-1.221	-0.263	3.663	1.666	0.954	0.499	-7.573	3.326	-4.467	anomalie
-3.863	-4.506	0.389	-8.111	-11.626	-11.626	4.995	-9.505	5.359	6.257	0.702	10.153	critique
1.043	1.043	0.645	0.357	4.726	4.910	0.319	9.699	0.766	0.766	0.493	0.690	normal
0.452	-0.756	0.469	-0.509	-1.388	12.711	5.398	2.363	-0.620	8.142	3.697	0.182	critique
-1.150	-1.150	0.606	-0.740	-0.147	-1.448	0.559	-1.373	4.139	5.527	1.067	7.242	normal
-0.145	3.298	1.635	0.534	-0.839	1.486	0.859	-0.015	0.008	-2.395	0.880	-1.655	normal
-2.300	-2.300	0.316	-3.620	-4.776	-5.928	0.412	-10.561	-0.340	0.751	0.405	0.500	normal
-1.723	-1.723	0.780	-1.778	-0.049	-1.554	0.806	-0.619	0.202	-0.793	0.452	-0.472	normal
-4.051	-6.454	0.924	-10.054	-1.080	-1.637	0.678	-1.320	5.012	5.669	0.648	9.854	normal
-3.745	-3.745	0.688	-5.871	0.318	1.427	0.544	1.660	-5.063	-5.431	0.616	-9.898	normal
0.210	0.564	0.274	0.528	1.936	-7.254	3.552	-1.775	1.075	1.075	0.348	1.538	anomalie
0.242	-0.739	0.412	0.065	-0.148	0.387	0.267	-0.408	11.634	11.634	5.108	9.257	critique
-0.209	-1.403	0.942	-0.266	-0.769	-0.769	0.527	-0.297	0.969	0.969	0.613	0.438	normal
-2.897	-3.791	0.806	-5.219	0.078	-1.489	0.782	-0.412	-4.231	-4.231	0.132	-8.325	normal
2.812	3.777	0.570	6.008	3.408	4.620	0.561	7.163	-1.494	-1.494	0.540	-1.685	normal
2.577	3.131	0.422	5.338	-0.234	-4.283	1.781	-1.794	-0.620	-1.253	0.770	-0.616	normal
-4.162	-4.373	0.893	-7.870	0.402	11.567	4.837	7.250	-0.481	-0.481	0.320	-0.389	critique
-0.972	-1.247	0.179	-1.888	0.609	1.076	0.552	0.478	-2.633	-2.738	0.446	-4.493	normal
-4.396	-5.650	0.485	-9.567	14.441	14.441	6.495	11.085	2.642	3.569	0.621	5.711	critique
0.395	2.962	1.348	0.482	0.730	1.942	1.202	0.182	1.756	13.764	5.584	4.839	critique
1.925	2.280	0.128	4.595	1.856	1.856	0.472	2.362	-0.125	1.028	0.636	1.005	normal
-0.276	2.954	1.394	0.993	-0.403	-0.794	0.176	-1.491	0.169	0.685	0.239	0.912	normal
-2.241	-4.083	0.677	-6.191	-0.921	-0.921	0.399	-0.999	-0.910	2.007	1.049	0.144	normal
-0.097	2.728	1.104	2.051	-0.768	-0.768	0.487	-0.447	-0.689	1.499	0.969	0.377	normal
-1.432	13.739	6.205	7.084	0.272	1.094	0.394	1.165	0.251	-1.426	0.700	-0.533	critique
0.087	0.978	0.324	1.011	2.220	2.220	0.899	1.592	2.559	3.412	0.344	5.375	normal
0.714	-0.889	0.585	0.245	0.384	0.805	0.357	0.635	-1.320	-1.320	0.984	-0.713	normal
-1.091	-1.091	0.728	-0.574	-0.332	8.631	3.697	2.850	1.019	1.019	0.710	0.847	anomalie
0.461	-1.294	0.780	-0.858	-4.624	-5.155	0.201	-9.585	0.053	1.628	0.626	1.715	normal
-0.306	0.815	0.466	0.145	1.352	1.439	0.703	1.519	0.007	-0.410	0.213	0.014	normal
-3.195	-3.195	1.380	-2.708	0.032	-1.047	0.727	0.379	-3.277	-4.025	0.307	-7.838	normal
-1.141	-1.141	0.652	-0.892	4.915	4.915	0.584	8.150	-1.581	-1.581	0.936	-1.049	normal
-5.300	-5.573	0.413	-10.044	2.052	2.052	0.825	1.723	-0.303	0.552	0.362	-0.368	normal
4.128	6.415	0.829	9.928	-4.831	-5.879	0.879	-8.963	-0.270	-7.313	3.151	-4.673	anomalie
4.812	4.812	0.578	8.831	-0.342	-0.642	0.351	-0.811	0.859	0.859	0.570	0.489	normal
-0.049	0.807	0.557	0.288	-0.801	0.849	0.680	-1.014	0.788	-14.296	6.378	-2.259	critique
-0.350	-1.431	0.857	-1.311	-5.132	-5.785	0.426	-10.735	-2.269	-3.306	0.619	-5.077	normal
-0.637	1.034	0.648	0.280	1.848	3.596	0.725	3.937	-2.244	-2.244	1.493	-1.157	normal
3.869	3.886	0.200	7.375	-5.118	-5.118	0.358	-9.351	0.774	0.774	0.164	1.635	normal
-4.779	-5.232	0.182	-9.430	1.180	2.923	0.720	4.674	1.533	1.533	1.289	0.270	normal
-0.026	1.584	0.742	-0.103	-3.130	-3.777	0.581	-6.197	-0.083	-0.573	0.314	0.496	normal
3.996	3.996	1.784	2.944	-0.226	0.763	0.554	0.108	-0.583	1.124	0.685	0.373	normal
-1.277	-1.277	0.723	-0.764	0.223	-0.333	0.201	0.042	-0.213	0.475	0.307	-0.668	normal
0.556	-13.735	6.108	-2.263	-1.059	-1.059	0.934	-0.579	0.025	-0.631	0.244	-0.263	critique
-2.582	-2.670	0.442	-4.579	-3.766	-3.766	0.733	-6.222	0.333	-1.014	0.542	-0.574	normal
-0.109	-0.791	0.480	0.392	3.254	3.774	0.381	6.141	-1.355	-1.355	0.840	-0.981	normal
-0.310	14.784	6.274	3.033	-3.700	-3.700	1.394	-3.662	0.470	0.470	0.257	0.398	critique
0.808	0.808	0.485	1.116	0.619	-1.017	0.756	0.740	1.007	-1.851	1.082	-0.827	normal
1.025	-13.849	6.198	-7.786	-0.794	-0.794	0.446	-0.908	-0.002	-1.174	0.416	-0.279	critique
-1.086	11.507	5.281	5.965	-0.545	0.931	0.524	0.181	0.594	0.788	0.565	0.455	critique
4.745	8.132	1.256	11.943	1.047	1.047	0.738	-0.183	0.557	2.746	1.509	0.334	normal
0.625	0.724	0.368	0.781	0.175	0.775	0.252	1.715	5.072	6.312	0.533	9.996	normal
-0.019	-0.826	0.438	-0.261	-2.264	-5.095	1.067	-5.571	3.955	5.647	1.071	7.937	normal
-0.788	-3.352	1.025	-4.309	0.229	1.468	0.876	0.708	-0.549	1.070	0.625	-0.006	normal
-0.457	1.250	0.741	-0.070	-0.756	-0.756	0.554	-0.101	-4.625	-4.625	0.841	-7.044	normal
-1.035	3.209	1.730	-0.811	0.173	-1.442	0.713	-0.503	1.074	-4.206	1.978	-2.130	normal
-0.607	-0.957	0.480	-0.540	-5.326	-5.326	0.250	-10.133	-0.982	-1.146	0.484	-1.502	normal
0.761	0.761	0.402	0.238	5.276	5.691	0.808	9.456	-4.764	-5.433	0.587	-9.549	normal
0.653	0.653	0.392	0.990	0.016	11.544	5.143	6.562	-0.696	1.317	0.839	-0.567	critique
-3.909	-5.169	0.684	-7.904	-0.206	-1.371	0.654	-0.969	-0.153	1.212	0.498	0.123	normal
-4.130	-5.470	0.570	-8.831	-7.625	-7.625	3.732	-5.336	1.274	-12.831	5.919	-6.692	critique
0.920	0.920	0.654	0.626	-7.294	-7.294	3.210	-5.910	0.237	0.748	0.402	0.234	anomalie
-0.456	-1.206	0.801	-0.459	-0.183	1.499	0.976	0.310	-0.305	-7.430	3.411	-4.033	anomalie
-5.317	-5.317	0.430	-9.258	5.077	5.946	0.371	10.526	-4.284	-5.539	0.643	-9.667	normal
-1.477	-2.394	0.373	-4.010	2.791	2.791	0.402	4.223	-2.080	-4.036	0.862	-5.074	normal
-1.041	-1.196	0.838	-0.678	-0.747	1.430	0.974	0.723	6.121	6.964	0.609	11.748	normal
1.302	1.302	0.887	0.730	-1.831	-1.831	0.874	-1.177	0.121	-7.953	3.509	-2.942	anomalie
0.818	1.679	1.226	-0.266	-0.546	0.701	0.530	-0.077	-0.273	0.458	0.306	0.178	normal
-0.552	-12.881	5.273	-4.180	1.499	-7.702	3.640	-0.521	-0.569	-0.569	0.198	-1.313	critique
2.386	3.507	0.444	5.159	-1.065	-1.580	0.772	-1.783	-3.647	-6.299	0.963	-8.390	normal
0.076	-0.876	0.512	-0.675	5.005	5.102	0.879	8.635	1.371	1.371	0.755	0.431	normal
3.875	5.715	0.784	9.427	0.667	-8.054	3.786	-2.289	-0.212	-0.953	0.357	-0.561	anomalie
-3.981	-3.981	1.755	-3.197	0.006	4.420	1.829	0.853	2.606	2.957	0.883	3.833	normal
-2.620	-2.620	1.368	-1.920	5.807	6.444	0.255	11.673	4.510	6.205	0.688	9.723	normal
4.530	5.413	0.376	10.088	0.062	0.802	0.274	0.900	0.278	0.758	0.198	0.884	normal
-0.034	-0.622	0.258	-0.624	-0.190	0.406	0.214	-0.036	5.373	5.828	0.446	10.590	normal
0.108	1.082	0.726	-0.078	1.739	3.411	0.669	4.385	-5.581	-5.581	0.118	-10.682	normal
-5.550	-5.947	0.372	-11.108	0.282	1.400	0.848	0.541	0.160	-8.650	3.817	-1.884	anomalie
0.907	0.907	0.353	1.064	-5.737	-6.694	0.681	-11.777	0.527	4.630	2.055	1.433	normal
-4.663	-4.663	0.530	-8.061	3.612	5.064	0.576	8.864	-6.826	-6.826	0.856	-12.519	normal
2.285	2.285	1.477	1.817	-13.702	-13.702	5.986	-11.169	0.639	1.216	0.383	1.390	critique
-0.467	-14.903	6.469	-9.909	-0.874	-0.874	0.310	-1.176	4.580	4.580	0.823	6.913	critique
-5.017	-6.623	0.631	-11.218	0.436	-0.562	0.394	-0.491	-6.655	-6.655	0.627	-11.729	normal
0.078	-1.365	0.730	-0.748	-0.117	-0.826	0.256	-0.874	-0.241	15.065	6.419	5.808	critique
-3.905	-3.905	0.252	-7.136	-0.441	-0.919	0.404	-1.179	3.183	3.183	0.488	4.885	normal
3.670	4.602	0.604	7.080	1.331	1.331	0.484	1.457	0.952	14.937	6.299	5.704	critique
-0.389	-0.478	0.315	-0.317	-6.783	-6.833	0.410	-12.873	7.344	7.344	3.056	6.862	anomalie
0.945	2.149	0.520	2.340	0.685	0.685	0.446	0.793	0.125	0.870	0.508	0.423	normal
0.339	-13.228	5.867	-2.405	-0.487	-2.477	0.839	-1.528	-4.601	-4.762	0.340	-8.819	critique
0.488	-8.367	3.852	-5.020	0.679	-0.948	0.583	-0.133	-0.905	-0.905	0.726	-0.536	anomalie
0.734	1.457	0.782	0.583	1.123	1.123	0.615	0.518	0.282	0.667	0.286	0.653	normal
-0.471	-0.471	0.275	-0.041	1.060	1.060	0.704	0.404	1.117	1.117	0.746	0.565	normal
-0.085	-3.103	1.469	-1.711	5.521	6.252	0.369	11.150	2.019	2.019	0.774	2.075	normal
0.008	1.451	0.877	0.121	2.938	3.025	0.422	6.039	-7.090	-7.090	3.115	-5.886	anomalie
0.828	-2.701	1.421	0.426	-0.277	-0.771	0.533	-0.143	-2.770	-4.572	0.696	-7.379	normal
-0.647	1.489	1.115	-0.338	0.746	1.999	0.980	1.103	0.372	15.169	6.412	9.015	critique
0.096	-4.453	2.032	-0.260	0.390	0.919	0.491	0.769	-1.094	-1.094	0.613	-1.588	normal
0.883	4.807	2.332	0.691	1.906	1.906	0.134	3.646	-6.226	-6.226	0.723	-10.816	normal
5.562	6.374	0.366	11.061	0.500	-0.852	0.534	-0.368	0.056	0.617	0.447	-0.318	normal
-3.047	-4.343	0.511	-7.700	-0.286	-7.570	3.476	-4.095	3.920	4.068	0.291	7.773	anomalie
-3.993	-5.581	0.820	-8.241	-12.484	-12.484	5.407	-10.116	4.970	6.252	0.530	10.128	critique
-0.014	-0.524	0.256	-0.070	-4.661	-6.174	0.606	-10.346	2.201	2.295	0.157	4.343	normal
-0.070	-1.162	0.615	-0.223	-0.379	0.768	0.494	0.824	1.030	1.755	0.867	1.732	normal
0.413	4.409	1.884	0.976	2.560	4.073	0.809	6.350	1.534	1.534	1.053	0.208	normal
-1.181	-1.181	0.588	-0.910	2.641	4.239	0.592	6.651	-3.499	-3.780	0.295	-6.791	normal
-16.348	-16.348	7.210	-13.870	-0.735	-0.735	0.484	-0.368	1.411	1.411	0.712	1.415	critique
-3.586	-3.586	1.530	-2.608	-0.711	-1.270	0.811	-1.382	-3.303	-3.303	0.143	-6.086	normal
-3.850	-4.618	0.306	-7.910	-2.100	-2.101	0.118	-4.011	1.070	3.323	0.798	3.547	normal
0.329	0.845	0.553	0.786	-0.428	-1.123	0.843	-0.127	-0.670	-7.425	3.146	-1.973	anomalie
0.980	0.980	0.389	1.232	0.112	-0.447	0.233	-0.112	1.132	1.132	0.785	1.077	normal
0.406	12.334	5.196	2.722	-0.848	-11.641	4.845	-3.576	0.718	0.821	0.511	0.647	critique
-0.807	-1.076	0.672	-0.955	1.091	1.091	0.481	0.879	0.965	-11.483	4.844	-7.248	critique
0.699	-1.096	0.664	-0.407	-0.836	1.312	0.955	-0.445	-1.441	-1.441	1.047	0.454	normal
-0.962	-0.962	0.276	-1.282	0.271	1.729	0.782	-0.017	5.395	5.601	0.989	8.729	normal
0.310	0.596	0.365	0.358	-3.295	-3.945	0.306	-7.191	-3.420	-3.420	1.515	-2.784	normal
4.649	5.353	0.451	9.561	-1.260	-3.458	0.861	-4.097	0.079	0.487	0.308	0.123	normal
-0.757	-7.339	3.188	-1.941	1.843	7.321	2.965	6.231	-0.516	-7.297	3.060	-3.215	anomalie
1.542	1.542	0.817	1.714	6.865	6.865	3.092	5.562	-1.348	-7.271	2.771	-5.750	anomalie
-3.806	-3.806	1.726	-2.618	-0.893	-3.392	1.359	-1.871	0.695	-7.577	3.430	-0.387	anomalie
-0.078	0.450	0.220	-0.515	-0.592	-0.694	0.187	-1.164	-0.972	-0.972	0.763	0.358	normal
-0.561	-1.179	0.238	-1.858	-0.046	0.925	0.542	0.801	6.135	6.135	0.464	10.762	normal
0.056	0.871	0.413	1.112	-0.873	-0.873	0.497	-0.802	0.057	0.765	0.365	0.849	normal
3.381	4.253	0.451	7.367	6.666	6.666	0.629	11.902	0.655	-0.935	0.584	-0.051	normal
-6.404	-6.404	0.588	-11.701	5.779	5.782	0.313	10.645	2.648	2.648	1.533	2.306	normal
-3.923	-4.029	0.321	-7.337	0.604	0.604	0.297	0.296	0.274	0.833	0.288	0.583	normal
-0.526	-0.575	0.272	-1.233	0.290	-1.324	0.602	-0.143	-0.206	-0.566	0.399	-0.076	normal
-2.629	-5.548	1.063	-8.324	0.026	-0.809	0.564	-0.257	0.351	0.692	0.326	0.856	normal
-0.683	-0.831	0.516	-0.640	1.581	1.581	1.159	0.493	0.132	0.907	0.443	1.064	normal
-0.971	1.492	0.981	-0.474	0.290	1.428	0.698	0.636	-0.444	-1.950	0.926	-0.492	normal
-0.485	0.790	0.519	0.414	-2.627	-3.788	0.429	-6.198	-0.596	0.861	0.559	-0.097	normal
-0.624	15.187	6.697	7.415	4.822	5.723	0.818	9.292	5.851	5.851	0.766	10.458	critique
-0.079	-0.798	0.324	-0.145	-0.419	1.072	0.667	-0.428	1.488	1.488	0.949	0.267	normal
-2.333	-2.589	0.114	-4.832	3.753	4.105	0.205	8.141	-5.133	-5.133	0.487	-8.726	normal
-2.236	-2.236	1.188	-1.896	-4.977	-4.977	0.943	-8.502	2.598	2.598	1.017	2.497	normal
-0.384	-12.790	5.557	-8.112	0.086	-0.973	0.393	-0.454	11.611	11.611	4.956	9.275	critique
0.183	-1.296	0.568	-1.332	-1.304	-7.520	3.245	-4.628	5.235	5.654	0.264	10.121	anomalie
-0.022	3.207	1.492	0.403	-0.057	-15.056	6.593	-3.439	0.138	-0.782	0.388	-0.769	critique
-0.100	0.199	0.114	-0.186	-0.348	-1.208	0.478	-0.995	0.854	1.205	0.339	1.632	normal
0.255	1.174	0.494	0.417	0.355	-8.411	3.728	-4.129	-0.677	-1.458	0.814	-1.214	anomalie
-0.732	-1.916	0.851	-1.592	0.136	1.170	0.786	0.488	-1.172	-1.172	0.484	-1.329	normal
1.226	1.226	0.384	1.740	3.873	4.393	0.522	7.310	0.017	-1.481	0.657	-1.002	normal
0.686	1.011	0.431	1.287	-8.846	-8.846	3.964	-7.017	3.854	4.391	0.248	8.131	anomalie
-2.642	-4.404	0.905	-5.693	5.646	6.808	0.505	12.027	-0.206	1.382	0.831	-0.461	normal
0.664	-7.646	3.397	-3.928	1.292	1.594	0.931	1.101	-0.434	-12.716	5.678	-1.943	critique
-1.562	8.201	3.900	3.172	0.134	-1.387	0.799	-0.466	0.113	-1.642	0.939	-0.320	anomalie
-1.016	1.107	0.829	0.286	-0.347	7.237	3.302	0.662	-0.924	-2.962	0.807	-3.586	anomalie
5.139	5.921	0.282	10.909	-0.666	0.786	0.541	-0.457	3.790	3.831	0.360	7.354	normal
-4.661	-4.661	1.947	-4.339	-0.745	-11.631	4.805	-8.127	0.919	0.919	0.664	0.699	critique
-2.143	-4.240	0.850	-6.847	-0.568	-0.789	0.537	-0.822	0.143	0.829	0.596	0.186	normal
-2.582	-2.625	0.697	-3.409	-0.372	1.028	0.656	-0.656	0.133	-14.473	6.501	-5.299	critique
0.257	-4.869	2.370	-2.182	-0.094	1.084	0.453	0.094	-0.789	0.840	0.734	-0.657	normal
0.613	0.884	0.309	0.589	0.348	0.424	0.347	1.039	-0.833	14.936	6.527	4.434	critique
0.268	-2.249	0.957	-0.425	-1.262	-1.262	0.854	-0.415	0.007	-8.899	3.931	-3.282	anomalie
-3.971	-5.942	0.871	-9.187	-0.663	-1.028	0.549	-1.074	-2.445	-2.719	0.184	-4.959	normal
4.375	4.913	0.445	8.257	-1.232	-1.232	0.807	-0.535	-0.041	-0.355	0.172	0.053	normal
0.401	-1.366	0.843	0.354	0.130	1.593	1.051	0.221	-1.065	14.091	6.221	2.015	critique
-1.286	-1.286	0.622	-1.072	1.469	1.469	1.054	0.511	0.492	0.745	0.498	0.522	normal
0.168	1.254	0.730	0.068	-0.351	0.950	0.468	0.767	-0.776	-1.153	0.248	-1.465	normal
-0.193	-0.732	0.296	-0.418	0.783	0.783	0.358	1.092	-0.580	-0.580	0.423	-0.986	normal
7.569	7.569	3.534	4.948	-0.760	7.335	3.380	0.575	-0.651	-0.967	0.551	-1.210	anomalie
1.442	1.442	0.506	1.999	-0.503	2.797	1.571	-0.121	-0.607	-13.432	6.080	-5.584	critique
0.778	1.330	0.716	0.739	-0.469	0.609	0.498	-0.278	-0.078	0.724	0.503	-1.192	normal
9.033	9.033	4.268	5.819	0.375	1.571	0.487	1.758	0.673	-0.884	0.602	0.114	anomalie
0.163	0.163	0.125	0.099	0.094	-8.509	3.668	-3.904	-0.254	-1.331	0.619	-1.219	anomalie
-0.634	0.787	0.552	-0.720	-0.688	1.021	0.708	0.228	0.328	11.837	5.094	4.836	critique
0.333	-13.572	6.056	-5.219	-0.004	-0.442	0.258	-0.048	-0.508	0.923	0.594	0.030	critique
1.038	1.181	0.681	1.084	-0.015	-1.042	0.518	-0.267	-0.223	0.980	0.466	0.039	normal
6.598	6.598	1.306	10.017	-0.380	0.466	0.435	-0.086	-2.947	-4.563	0.592	-6.500	normal
3.759	4.869	0.495	8.655	-1.189	1.818	1.104	-0.173	-0.247	1.081	0.612	-0.246	normal
-0.367	-2.716	1.333	-1.166	0.480	-0.827	0.493	0.031	-0.063	-0.752	0.300	-0.650	normal
0.307	0.664	0.482	0.308	-0.788	-0.788	0.246	-0.835	0.247	0.471	0.109	0.375	normal
0.019	8.069	3.294	4.892	-1.076	-1.076	0.538	-0.261	2.422	2.422	1.103	2.644	anomalie
-5.682	-5.682	0.339	-10.572	-1.420	-2.505	0.573	-4.164	4.362	5.442	0.968	8.731	normal
-0.724	-0.997	0.392	-1.167	3.575	5.398	0.839	8.623	-2.682	-3.187	0.511	-5.093	normal
0.993	-1.014	0.774	0.603	-6.206	-6.284	0.486	-11.739	1.153	1.153	0.304	2.011	normal
5.122	5.122	0.383	9.356	3.330	3.330	1.753	1.673	1.118	1.118	0.704	0.779	normal
0.226	-0.588	0.405	0.436	2.004	2.004	0.279	3.567	-0.890	0.943	0.668	-0.290	normal
-1.071	-8.796	3.431	-5.061	2.681	3.635	0.404	6.192	-5.804	-5.804	0.763	-10.543	anomalie
0.239	11.291	5.139	6.195	0.274	-1.520	0.731	-0.472	0.783	-1.502	0.839	-0.611	critique
0.104	-1.096	0.729	0.192	5.246	5.837	0.364	10.705	0.338	-4.350	1.837	-1.813	normal
0.253	-3.127	1.346	-1.907	2.022	3.232	0.493	5.443	1.742	4.354	0.955	5.817	normal
0.285	1.163	0.540	0.835	4.425	4.985	0.854	8.544	3.453	4.631	0.657	7.730	normal
-4.338	-4.952	0.534	-7.541	6.231	6.335	0.474	11.078	0.946	-1.187	0.777	0.115	normal
-4.963	-6.611	0.598	-11.298	-0.432	-1.815	0.992	-0.913	0.745	0.998	0.353	0.971	normal
0.461	0.802	0.528	0.489	-4.553	-4.881	0.228	-8.903	3.592	3.592	0.677	5.589	normal
4.304	5.044	0.523	9.154	-0.092	1.478	0.599	0.622	0.696	-4.084	1.951	-0.644	normal
0.847	-1.085	0.691	-0.054	-0.155	-7.072	2.944	-2.225	1.134	1.134	0.579	1.074	anomalie
-0.729	1.592	0.841	0.982	0.253	-0.502	0.318	-0.610	-5.630	-5.630	0.830	-9.324	normal
0.602	-0.924	0.642	1.001	-0.780	-0.780	0.255	-1.042	1.487	-1.491	1.077	1.298	normal
-0.786	-12.656	5.548	-8.134	0.240	0.384	0.174	0.372	-1.040	-1.111	0.599	-0.906	critique
6.473	7.020	0.233	12.912	-0.454	-1.527	0.762	-0.676	11.743	11.743	5.132	8.945	critique
1.146	1.146	0.697	0.685	-0.147	-1.446	0.618	-0.757	1.290	-1.519	1.026	-0.080	normal
-1.073	1.683	0.987	0.322	0.717	1.118	0.599	0.929	0.472	-0.803	0.503	0.537	normal
0.489	-1.101	0.644	-0.907	1.049	1.049	0.726	0.568	-0.393	0.778	0.524	0.610	normal
3.017	3.017	1.615	1.629	0.840	0.840	0.436	0.652	-0.068	0.492	0.222	-0.419	normal
-0.317	0.474	0.300	-0.184	-0.066	-0.624	0.340	-0.351	0.661	1.725	0.845	1.053	normal
2.621	3.555	0.475	5.541	1.858	1.858	1.257	1.557	4.558	4.558	1.957	3.643	normal
0.350	1.194	0.649	0.484	1.208	2.878	0.642	3.572	0.087	-1.053	0.621	0.759	normal
-0.450	-14.168	5.993	-9.245	-0.870	-0.870	0.177	-2.162	0.403	0.403	0.247	0.805	critique
-4.754	-4.754	0.157	-9.341	0.863	13.452	5.777	5.857	0.159	-0.483	0.309	-0.205	critique
-0.195	-4.107	1.839	-2.880	-0.332	1.096	0.713	0.480	-0.786	-0.786	0.160	-1.082	normal
-0.692	-1.855	1.351	-1.354	0.287	-9.001	4.060	-2.556	0.264	-14.821	6.423	-2.835	critique
1.530	2.457	1.131	2.553	0.696	-0.917	0.653	0.421	6.312	6.312	0.516	11.243	normal
0.269	-0.585	0.342	-0.534	-0.672	1.325	0.716	-0.226	4.920	5.784	0.429	10.063	normal
-4.014	-4.414	0.713	-7.172	0.143	0.612	0.417	-0.146	-2.803	-3.700	0.608	-5.224	normal
2.424	2.424	1.151	1.869	3.132	3.251	0.375	5.948	0.198	-0.862	0.416	-0.020	normal
-4.039	-4.039	0.564	-6.902	1.022	1.602	0.818	1.936	0.147	1.041	0.751	-0.529	normal
-0.499	-1.357	0.703	-0.855	0.093	-2.214	0.960	-0.586	-0.523	-0.876	0.378	-1.374	normal
0.328	-0.978	0.469	-0.360	-0.221	-1.172	0.374	-1.743	0.383	-0.526	0.408	0.351	normal
-0.573	0.655	0.461	-0.411	-3.230	-3.230	0.302	-5.404	1.225	1.666	0.637	1.951	normal
3.321	3.321	0.364	6.673	-0.385	-0.385	0.136	-0.056	0.561	-0.751	0.466	0.004	normal
0.371	-11.838	5.131	-4.749	1.113	-14.057	6.296	-7.751	0.723	0.723	0.340	0.628	critique
1.213	3.530	1.715	2.902	2.881	4.469	0.603	6.768	1.414	1.414	0.824	0.731	normal
1.158	-7.636	3.530	0.092	-4.469	-4.469	0.723	-7.578	0.209	1.184	0.670	-0.434	anomalie
0.231	-3.501	1.617	-0.313	-1.086	-1.086	0.853	-0.342	0.041	-0.422	0.316	-0.004	normal
-0.881	-0.881	0.459	-0.349	-4.916	-4.985	0.595	-9.379	-7.179	-7.179	2.853	-6.544	anomalie
-0.079	2.075	1.105	-0.247	1.240	7.842	3.360	5.630	-0.175	1.286	0.717	0.691	anomalie
0.070	0.632	0.285	-0.022	1.632	2.982	0.823	4.497	-4.611	-4.611	0.673	-7.664	normal
0.929	0.929	0.637	0.141	-0.640	-0.640	0.325	-0.888	-0.581	1.015	0.641	0.278	normal
3.769	3.769	0.476	6.584	-0.568	8.164	3.769	3.766	-0.195	-1.653	0.863	-0.224	anomalie
0.407	-0.500	0.358	-0.147	-5.554	-6.316	0.745	-10.166	-0.162	0.968	0.503	0.012	normal
2.634	2.634	1.279	1.621	-2.815	-4.089	0.477	-5.855	-0.197	-1.555	0.865	-0.099	normal
0.479	0.961	0.487	0.707	1.099	1.099	0.881	0.475	-0.309	0.438	0.304	-0.147	normal
0.045	-13.462	5.888	-8.727	-5.797	-5.816	0.963	-10.414	4.694	5.839	0.593	9.988	critique
0.332	1.641	0.750	0.910	-0.336	-2.596	1.128	-0.751	0.834	15.142	6.485	3.159	critique
0.815	-1.174	0.714	-0.046	-5.376	-5.376	0.438	-9.934	-3.416	-3.695	0.109	-6.963	normal
-4.120	-5.889	0.722	-10.592	-1.172	8.192	3.684	4.471	-15.161	-15.161	6.592	-12.391	critique
0.597	3.144	0.955	3.615	-0.537	-1.773	0.895	-1.392	-0.688	4.688	2.267	0.810	normal
-0.671	8.756	3.897	0.965	0.109	15.818	6.781	5.875	0.615	-0.994	0.625	-0.462	critique
0.723	1.253	0.789	0.940	0.632	0.632	0.430	1.126	1.887	3.658	0.705	4.902	normal
0.094	15.060	6.581	5.991	-0.671	-7.208	3.108	-1.510	0.696	7.993	3.569	5.387	critique
0.425	8.631	3.717	5.599	-0.368	0.582	0.357	0.135	-0.055	1.320	0.495	0.730	anomalie
5.263	5.801	0.705	9.576	-3.752	-4.184	0.177	-7.831	-1.881	-3.458	0.641	-5.626	normal
7.469	7.469	3.009	6.519	-5.702	-5.702	0.411	-10.003	1.474	-2.524	1.470	-1.226	anomalie
-0.165	13.178	5.703	2.373	0.961	0.961	0.505	0.644	-4.442	-4.442	0.526	-8.139	critique
0.460	0.882	0.576	1.223	-0.446	-1.300	0.485	-0.376	-0.284	-15.174	6.546	-3.134	critique
-0.616	-0.616	0.424	-0.065	-1.324	-1.324	0.498	-1.898	0.998	0.998	0.497	1.036	normal
-4.781	-5.346	0.251	-10.370	-0.662	-0.662	0.568	-0.656	-1.197	1.224	0.858	-0.719	normal
0.053	3.432	1.576	0.987	-0.710	11.107	5.048	0.995	-0.909	14.783	6.645	2.000	critique
0.748	0.748	0.270	0.800	-0.012	0.516	0.350	0.509	4.154	5.603	0.582	9.201	normal
-0.666	-0.666	0.343	-0.349	0.134	0.496	0.380	-0.571	0.118	-0.366	0.220	0.138	normal
-1.137	-1.137	0.558	-0.960	0.139	-0.972	0.641	-0.133	0.674	-7.379	3.188	-3.202	anomalie
-0.292	0.985	0.600	-0.101	4.370	4.370	0.668	7.062	-0.224	-0.580	0.291	-0.116	normal
-0.050	8.780	3.916	3.514	0.517	-0.530	0.396	-0.348	-3.172	-3.172	0.591	-5.145	anomalie
-4.054	-4.054	0.533	-7.238	1.061	-2.185	1.228	0.155	12.861	12.861	5.671	9.553	critique
-4.806	-5.565	0.464	-9.589	-0.581	1.376	0.769	0.956	-0.742	0.926	0.653	-0.397	normal
-0.058	12.798	5.646	4.383	1.283	15.024	6.295	10.454	0.812	0.812	0.560	-0.308	critique
-3.417	-4.360	0.644	-7.434	-4.185	-6.907	1.122	-11.003	-3.059	-3.329	0.110	-6.181	normal
0.377	-0.741	0.499	0.650	-0.672	-1.256	0.266	-1.175	0.118	-8.681	3.616	-2.442	anomalie
5.145	6.065	0.461	10.439	0.249	1.166	0.407	1.353	0.851	0.851	0.437	0.496	normal
-0.484	-1.361	0.835	-1.240	-0.321	-1.216	0.558	-0.684	9.394	9.394	4.326	6.220	anomalie
0.483	0.684	0.484	0.605	0.693	0.693	0.332	0.546	-0.271	0.719	0.504	-0.323	normal
-0.719	1.341	0.806	0.407	-8.389	-8.389	3.584	-7.018	0.185	-2.073	0.811	-1.531	anomalie
-0.141	0.969	0.403	0.681	-0.130	-1.384	0.633	-0.152	-0.040	-0.397	0.158	-0.497	normal
3.577	4.471	0.340	8.318	-0.110	0.296	0.154	0.344	-0.382	-0.847	0.364	-0.032	normal
0.954	1.066	0.674	1.461	1.100	2.881	1.335	2.905	-4.750	-4.750	0.654	-8.831	normal
-0.214	-15.075	6.643	-6.769	0.832	0.832	0.303	0.597	-3.705	-4.096	0.305	-7.402	critique
0.439	4.597	2.122	1.517	-2.490	-2.490	1.284	-1.299	-5.319	-6.685	0.522	-11.700	normal
-0.208	1.813	0.940	-0.244	-4.486	-4.486	0.432	-7.843	-1.246	-1.246	0.747	-0.710	normal
5.551	6.730	0.650	11.448	-0.794	1.232	0.842	-0.842	-0.120	1.608	0.780	0.845	normal
0.060	-4.757	2.011	-2.742	-0.111	-4.714	2.157	-0.507	-0.352	0.771	0.526	-0.941	normal
2.039	-14.864	6.606	-2.660	3.330	3.521	0.631	6.544	-1.272	7.574	3.437	3.328	critique
-2.587	-3.399	0.711	-4.556	0.607	-1.146	0.731	0.186	-1.357	-11.463	4.678	-8.268	critique
2.732	4.569	0.668	7.013	-0.660	-0.988	0.565	-1.087	0.758	2.472	0.784	2.353	normal
-14.079	-14.079	5.989	-11.849	-0.278	-1.862	0.587	-1.467	0.341	-1.102	0.714	0.275	critique
0.779	-2.053	1.346	0.465	-0.300	-1.874	0.960	-1.533	8.497	8.497	3.959	6.236	anomalie
4.129	4.129	0.519	7.611	-0.751	1.007	0.692	0.122	-0.579	0.745	0.520	-0.748	normal
-0.411	0.576	0.450	-0.398	-4.773	-6.178	0.552	-10.693	0.193	-0.574	0.400	0.726	normal
-2.126	-2.126	1.531	-1.441	0.282	1.098	0.451	0.700	7.289	7.289	3.055	6.325	anomalie
-1.549	-1.549	0.636	-1.717	0.003	14.929	6.585	5.085	-0.009	1.375	0.743	1.478	critique
-0.345	-0.499	0.407	-0.425	-1.318	-1.318	0.328	-1.846	0.094	-1.646	0.717	-1.311	normal
0.139	-3.729	1.769	-0.070	-0.070	-0.582	0.368	-0.246	3.065	3.181	0.330	5.468	normal
-0.897	-0.897	0.267	-0.775	4.412	4.840	0.453	8.696	0.308	0.978	0.269	1.803	normal
0.759	0.899	0.621	0.326	-0.026	-1.413	0.493	-1.103	-1.055	-1.055	0.790	-0.051	normal
0.906	1.236	0.679	1.364	3.901	5.756	0.690	9.121	0.190	-7.133	3.040	-3.246	anomalie
-0.092	8.421	3.665	1.667	-0.266	-0.648	0.515	0.122	0.129	0.775	0.520	0.487	anomalie
1.790	1.790	0.892	2.382	-1.921	-3.652	1.129	-4.788	0.807	0.807	0.491	0.854	normal
-1.393	-1.393	0.459	-1.767	0.554	-1.153	0.867	-0.090	1.711	1.711	1.112	0.090	normal
-3.403	-3.403	0.337	-5.723	0.972	0.972	0.374	0.715	0.080	0.291	0.087	0.555	normal
5.885	5.942	0.892	10.969	0.454	1.110	0.533	1.195	-0.100	-1.084	0.495	-0.081	normal
0.225	0.598	0.219	0.129	1.111	1.111	0.877	1.544	0.925	-1.062	0.735	0.180	normal
-0.518	-0.820	0.314	-0.868	0.649	8.437	3.583	2.350	-0.508	-0.806	0.494	-0.689	anomalie
0.754	-1.528	1.095	-0.111	0.545	-11.373	5.063	-4.347	4.406	6.851	0.944	10.259	critique
0.264	-1.176	0.639	-0.503	2.725	2.725	0.448	4.933	-0.309	1.029	0.486	0.371	normal
-2.337	-2.811	0.555	-4.472	0.856	0.856	0.271	1.126	0.740	-15.785	6.909	-9.373	critique
1.622	2.402	0.307	3.653	0.702	0.702	0.345	0.444	-1.371	-1.371	0.568	-1.372	normal
0.420	7.321	3.182	1.829	-4.068	-4.068	0.444	-7.961	3.364	4.202	0.627	6.631	anomalie
-8.948	-8.948	4.052	-6.915	1.117	1.744	1.206	0.519	3.883	4.842	0.400	8.996	anomalie
-7.797	-7.797	3.441	-5.995	-1.413	-2.720	0.647	-3.370	-0.307	-1.249	0.805	-0.235	anomalie
4.290	5.844	0.737	9.568	0.436	1.067	0.700	0.620	-0.053	-1.374	0.479	-0.801	normal
-0.562	-0.999	0.695	-0.398	-8.167	-8.167	3.697	-6.147	4.616	6.719	0.824	11.170	anomalie
0.803	0.803	0.648	0.822	0.262	-1.288	0.757	0.710	-0.186	-0.609	0.402	0.056	normal
-0.348	-0.348	0.261	0.365	-1.626	-2.897	0.569	-3.900	0.527	-0.895	0.619	0.112	normal
0.904	1.182	0.785	0.898	3.273	4.577	0.526	7.873	0.363	3.130	1.234	1.828	normal
0.873	0.873	0.419	0.801	-3.789	-3.789	1.782	-2.615	-0.931	-0.931	0.674	-0.829	normal
-5.871	-6.483	0.592	-10.937	-0.542	1.759	0.831	0.509	-0.126	11.063	4.625	2.277	critique
0.514	8.782	3.617	4.205	4.235	4.235	1.765	3.661	3.195	4.726	0.640	7.112	anomalie
1.295	8.326	3.350	6.168	-7.876	-7.876	3.503	-6.217	-1.628	-1.628	0.752	-1.245	anomalie
-0.904	1.150	0.754	0.593	0.713	1.017	0.594	0.374	-0.449	-1.313	0.447	-1.102	normal
0.108	-0.505	0.367	0.268	0.690	8.801	3.834	1.525	-1.163	-2.011	1.022	-1.505	anomalie
2.461	4.710	0.841	6.950	0.977	-1.378	0.889	0.595	-5.878	-5.878	0.244	-11.326	normal
-0.185	1.079	0.515	0.565	0.002	-1.226	0.496	-1.321	-0.531	-0.531	0.356	-0.281	normal
4.836	5.426	0.305	9.805	1.156	3.549	0.947	3.339	0.041	1.565	0.729	0.140	normal
4.010	4.610	0.319	8.561	-0.851	-0.851	0.337	-0.730	-3.102	-3.453	0.231	-5.729	normal
3.886	4.420	0.393	7.446	0.080	-1.157	0.540	-0.353	-5.800	-5.800	0.710	-9.675	normal
-3.659	-4.486	0.318	-7.643	1.023	2.286	0.811	2.323	12.738	12.738	5.769	8.908	critique
0.106	-0.791	0.415	-0.126	0.014	0.630	0.455	0.097	-0.468	1.052	0.591	-0.004	normal
0.306	0.684	0.316	0.523	-0.070	-0.151	0.030	-0.267	-0.093	1.152	0.535	0.643	normal
-0.457	0.657	0.524	-0.465	0.279	1.102	0.705	0.837	1.062	1.062	0.584	0.906	normal
0.266	0.854	0.213	0.882	0.272	-0.872	0.545	0.300	-4.481	-4.481	0.641	-7.384	normal
5.931	5.931	0.436	11.267	4.341	6.428	0.738	10.768	-0.701	0.748	0.603	-0.045	normal
5.209	6.835	0.575	11.951	0.481	-1.495	0.759	-0.729	-0.452	-0.647	0.420	-0.190	normal
-1.258	3.698	1.825	1.898	-0.199	-13.974	5.993	-3.881	0.723	0.835	0.368	1.075	critique
-3.195	-3.490	0.850	-4.940	3.528	4.736	0.512	6.787	0.003	-0.250	0.098	0.376	normal
-2.034	-2.895	0.343	-4.813	-0.045	-0.734	0.352	-0.267	0.786	-1.188	0.712	0.287	normal
3.834	5.664	0.870	8.046	1.555	1.555	0.753	1.005	-3.059	-3.498	0.835	-5.094	normal
0.579	0.891	0.519	0.424	-1.338	-2.539	0.531	-2.839	0.146	0.422	0.170	0.205	normal
-0.695	0.913	0.640	-0.386	7.630	7.630	3.462	5.453	0.665	-0.835	0.657	1.015	anomalie
2.744	3.697	0.387	6.258	0.428	-8.091	3.770	-0.280	4.052	5.202	0.511	8.825	anomalie
-3.443	-3.443	0.927	-4.988	-0.266	-2.595	1.725	1.017	-0.096	-1.187	0.468	-0.515	normal
1.197	1.291	1.001	0.964	0.668	1.188	0.680	0.942	1.099	1.099	0.565	1.067	normal
0.412	-1.387	0.694	-0.590	-5.602	-6.655	0.581	-10.833	0.581	-1.149	0.777	0.338	normal
-0.958	-0.958	0.452	-1.348	-1.286	-1.286	0.486	-1.885	0.225	-7.254	3.043	-4.373	anomalie
1.061	1.061	0.482	1.297	0.070	3.954	1.744	3.080	-0.465	-0.685	0.486	-0.430	normal
-2.722	-4.756	0.812	-7.220	0.754	-1.141	0.743	0.746	0.771	-1.239	0.735	-0.199	normal
5.729	6.713	0.357	12.144	3.901	5.025	0.456	8.834	5.318	7.043	0.689	10.953	normal
-0.599	1.213	0.687	-0.335	0.565	8.131	3.481	2.135	0.796	-0.935	0.731	0.508	anomalie
0.450	-7.184	3.034	-2.851	-2.790	-3.621	0.809	-5.178	-1.500	-1.500	0.975	-0.951	anomalie
4.830	6.258	0.580	10.435	-0.504	-1.321	1.011	-0.704	0.330	0.918	0.347	1.060	normal
-0.011	-1.122	0.451	-1.255	-0.943	8.138	3.792	0.281	1.363	1.363	0.578	1.095	anomalie
12.799	12.799	5.838	9.605	-0.657	-1.206	0.711	-0.399	0.141	7.542	3.345	4.838	critique
-2.657	-2.934	0.110	-5.293	-0.280	1.302	0.665	0.460	0.968	-1.852	1.058	0.128	normal
11.038	11.038	4.735	8.677	-0.829	-0.871	0.146	-1.578	-0.005	-12.087	5.245	-5.154	critique
-5.408	-5.902	0.463	-10.597	2.491	2.491	1.336	0.781	4.007	4.007	0.519	7.236	normal
1.947	15.129	6.300	10.259	1.005	-1.799	1.021	-0.157	-2.522	-4.502	0.701	-7.111	critique
-1.198	-1.607	0.892	-1.575	0.794	2.444	1.126	0.829	-0.287	-0.949	0.278	-0.997	normal
-1.061	-1.061	0.499	-1.503	-4.277	-5.688	0.516	-10.163	4.933	6.431	0.652	10.940	normal
-0.071	-13.549	6.244	-4.912	6.410	6.410	0.575	11.518	0.619	-0.857	0.524	0.221	critique
0.118	-0.864	0.389	-0.323	-4.762	-5.292	0.272	-9.552	-4.217	-6.519	0.968	-8.798	normal
-8.552	-8.552	4.015	-6.898	0.276	7.724	3.354	2.092	-2.641	-12.163	5.252	-3.599	critique
-0.014	2.341	1.097	0.253	1.423	1.423	0.797	0.812	-0.489	3.889	1.753	1.774	normal
1.080	1.080	0.637	0.520	-6.867	-6.867	0.677	-11.788	4.750	4.750	0.567	7.587	normal
0.808	0.808	0.516	0.456	-0.245	0.432	0.343	0.363	3.957	4.562	0.234	8.046	normal
1.096	1.098	0.361	1.925	4.582	5.198	0.253	9.421	4.098	4.509	0.289	8.500	normal
0.354	0.827	0.591	0.300	2.443	2.608	0.513	4.306	-0.244	1.817	0.796	0.871	normal
1.607	2.921	0.498	4.303	0.515	-1.292	0.770	0.636	1.057	1.057	0.593	0.735	normal
1.312	2.285	0.417	2.917	-0.318	-1.789	0.833	-1.251	-0.316	-2.801	1.463	-0.829	normal
0.382	-0.887	0.610	-0.515	-0.064	-1.276	0.437	-1.502	0.105	1.069	0.795	1.008	normal
-4.175	-4.175	0.855	-6.634	-0.609	2.206	1.322	0.613	0.331	0.597	0.264	0.891	normal
0.002	-1.033	0.524	-0.360	1.312	1.312	0.910	0.481	-0.266	7.353	3.511	3.466	anomalie
-2.291	-2.924	0.460	-4.827	0.423	-0.797	0.434	-0.229	-1.437	-14.582	6.295	-4.156	critique
2.159	4.377	1.091	5.850	-0.976	-1.264	1.037	-1.364	0.494	1.078	0.652	0.234	normal
0.900	2.127	0.549	3.287	1.057	-3.047	1.554	-1.575	-1.232	-12.822	5.398	-4.163	critique
0.189	-7.353	3.507	-2.209	-0.887	-1.730	0.415	-1.951	-0.232	0.699	0.384	-0.179	anomalie
0.151	-0.601	0.307	0.156	-0.217	-1.740	0.684	-1.491	-4.305	-5.434	0.446	-9.075	normal
3.541	3.973	0.299	7.668	-0.521	-0.521	0.336	-0.368	-1.261	-1.261	0.709	-1.446	normal
-12.024	-12.024	4.883	-11.068	-0.901	-1.162	0.662	-1.286	0.436	0.632	0.481	0.480	critique
0.072	1.076	0.401	0.937	5.124	5.878	0.801	9.445	-0.230	1.551	0.668	1.261	normal
0.642	0.737	0.295	0.912	-0.833	-0.833	0.412	-0.628	-3.992	-3.992	1.987	-2.872	normal
0.408	-1.264	0.592	-0.537	-0.735	-0.735	0.427	-0.180	0.642	0.642	0.392	0.605	normal
1.654	3.016	0.734	2.791	-0.282	-11.608	5.014	-4.883	-1.065	-1.065	0.567	-1.658	critique
0.023	-13.988	5.862	-9.326	8.455	8.455	3.855	6.672	-0.564	0.587	0.423	-0.256	critique
4.829	4.829	0.266	9.188	-1.029	-4.134	1.664	-3.419	-2.024	-2.024	1.121	-1.522	normal
-0.706	-8.378	3.426	-6.068	2.964	3.996	0.401	6.339	-4.313	-5.285	0.468	-9.117	anomalie
0.282	-0.596	0.404	0.367	-0.296	-3.420	1.275	-2.086	-0.813	1.365	0.795	0.001	normal
-3.668	-4.319	0.465	-6.901	0.085	0.963	0.646	0.226	-3.783	-4.279	0.365	-8.149	normal
0.023	0.315	0.107	0.899	-0.674	0.686	0.536	-0.180	12.860	12.860	5.626	9.920	critique
1.211	8.510	3.772	3.818	-0.495	-0.495	0.253	-0.344	-4.166	-4.166	0.508	-7.176	anomalie
5.239	5.239	0.540	9.094	0.790	0.790	0.570	-0.584	-0.539	0.835	0.581	-0.332	normal
-4.061	-5.681	0.632	-9.348	1.175	1.175	0.827	0.519	-0.860	-1.869	0.768	-1.652	normal
0.777	12.951	5.462	8.186	0.658	1.341	0.977	0.558	-0.586	1.199	0.708	-0.229	critique
-0.400	-1.775	1.075	-0.812	-0.100	-1.071	0.451	-1.373	-0.488	-2.610	0.848	-2.081	normal
-1.276	7.861	3.645	1.948	-0.851	-0.851	0.577	-0.305	-1.177	-1.177	0.650	-0.168	anomalie
-0.537	-1.432	0.746	-0.851	0.470	3.196	1.411	1.254	-1.146	-3.095	1.049	-2.255	normal
8.394	8.394	3.714	6.068	0.470	-7.254	3.361	-1.958	-0.059	0.491	0.209	0.079	anomalie
1.520	1.520	0.605	1.787	7.944	7.944	3.523	6.752	1.031	2.967	0.800	3.590	anomalie
-0.290	-0.514	0.363	-0.215	0.511	-0.661	0.439	-0.097	-0.083	-0.861	0.529	-0.040	normal
-6.061	-6.061	0.490	-11.601	-4.734	-4.734	0.621	-7.607	-1.191	2.594	1.365	1.363	normal
0.113	-0.401	0.189	-0.373	-3.391	-3.391	1.553	-2.765	4.486	4.486	0.620	8.133	normal
0.728	-8.674	3.930	-5.094	0.164	-8.630	3.787	-5.273	-1.098	1.581	1.068	-1.077	anomalie
1.088	1.147	0.439	1.566	4.863	6.358	0.596	10.682	0.689	0.689	0.460	-0.134	normal
-0.751	-1.012	0.585	-1.318	0.161	0.725	0.376	0.243	0.080	-0.644	0.321	0.218	normal
0.436	1.056	0.757	0.375	-0.510	-1.770	1.150	-0.823	0.587	0.587	0.320	0.170	normal
-0.246	-0.707	0.229	-0.725	6.088	6.088	0.525	11.113	-4.137	-4.137	1.652	-4.055	normal
-0.748	1.036	0.708	-0.938	0.247	-0.994	0.445	-1.044	0.052	2.186	1.002	1.241	normal
-2.710	-3.157	0.309	-5.261	0.664	-1.022	0.693	1.502	-3.283	-4.525	0.704	-7.332	normal
-0.091	-1.221	0.686	-0.925	-3.041	-3.816	0.491	-6.501	-0.201	-0.601	0.364	-0.239	normal
-4.869	-4.869	0.758	-8.559	-0.100	-4.743	2.039	-1.975	-1.335	-1.335	0.716	-1.401	normal
-0.251	0.313	0.270	-0.004	-0.784	-0.784	0.604	-0.349	-5.007	-5.007	1.784	-5.185	normal
1.302	11.463	4.819	7.614	-5.260	-5.260	0.433	-9.558	-3.779	-4.797	0.514	-7.584	critique
0.404	1.542	0.561	1.068	0.488	5.095	2.432	0.683	-4.533	-5.537	0.408	-9.823	normal
-0.826	-0.826	0.315	-0.955	-0.340	-0.725	0.265	-0.674	-0.476	-0.991	0.271	-1.231	normal
0.444	2.045	0.715	1.722	-0.184	-8.432	3.746	-5.001	-5.571	-6.548	0.444	-11.958	anomalie
-5.524	-5.524	0.881	-9.447	-0.155	1.867	1.124	1.067	-1.496	-15.777	6.534	-11.428	critique
0.325	-1.170	0.553	-0.698	-0.537	0.630	0.443	-0.241	-0.438	1.909	1.091	-0.048	normal
0.085	0.886	0.335	0.218	-3.722	-4.337	0.275	-7.505	1.495	1.495	0.646	1.970	normal
-2.885	-4.528	1.219	-4.788	8.310	8.310	3.631	6.215	-0.343	-1.170	0.306	-0.906	anomalie
-0.653	-7.574	3.074	-5.760	-6.305	-6.305	0.674	-11.005	-0.031	-0.690	0.267	-0.907	anomalie
-0.620	-8.879	3.787	-4.503	-0.494	-1.151	0.535	-0.475	5.450	6.132	0.473	10.679	anomalie
0.112	0.358	0.186	0.275	-0.369	0.699	0.423	-0.383	1.142	-1.167	0.851	1.094	normal
-6.359	-6.359	0.715	-11.577	-0.275	-14.296	6.106	-3.880	-0.469	7.078	3.068	1.391	critique
-0.887	-0.887	0.636	-0.188	0.348	0.807	0.222	0.609	2.936	2.936	1.702	0.775	normal
0.506	-4.300	1.794	-1.416	-0.214	-1.216	0.453	-1.671	0.924	-1.442	0.842	0.125	normal
-3.923	-3.923	1.698	-3.462	4.573	6.095	1.018	9.573	-0.140	11.868	5.106	1.996	critique
-7.578	-7.578	3.299	-5.740	8.142	8.142	3.498	6.365	-1.521	-1.521	0.896	-1.007	anomalie
-0.138	1.383	0.579	1.246	2.855	3.190	0.303	5.474	0.679	-12.468	5.712	-1.588	critique
0.928	1.110	0.755	1.570	-0.156	-1.260	0.893	-1.199	0.336	-8.086	3.406	-1.956	anomalie
0.751	-2.317	1.274	-0.844	-0.739	-7.234	2.794	-2.792	0.590	0.590	0.320	0.092	anomalie
-5.945	-6.293	0.723	-10.799	15.015	15.015	6.672	11.790	5.007	5.007	0.311	9.473	critique
-0.627	-1.525	0.882	-0.070	-0.056	3.296	1.685	0.001	0.649	0.901	0.390	1.012	normal
0.906	0.906	0.503	0.471	-3.639	-5.584	0.765	-8.961	4.705	5.001	1.227	8.891	normal
0.339	7.791	3.399	3.394	-0.578	-1.166	0.574	-1.707	0.238	13.010	5.614	5.484	critique
0.332	-0.826	0.445	-0.911	-2.238	-2.522	0.485	-4.575	5.846	6.197	0.293	11.401	normal
-8.190	-8.190	3.520	-6.627	0.434	1.094	0.443	0.401	7.180	7.180	3.102	6.317	anomalie
5.378	6.628	0.504	12.060	2.927	4.265	0.517	6.853	-1.001	-8.792	3.570	-4.753	anomalie
-0.274	-7.333	3.182	-3.025	-3.310	-3.487	0.157	-6.841	0.284	1.551	0.774	0.095	anomalie
4.619	4.777	0.304	9.647	-0.246	-1.018	0.397	-0.804	-0.576	9.077	3.941	5.481	anomalie
-0.076	12.441	5.303	7.343	-0.249	-0.313	0.111	-0.543	0.059	1.062	0.446	0.579	critique
-1.503	-1.503	1.038	-0.307	0.510	-0.605	0.397	-0.311	-8.578	-8.578	3.389	-7.607	anomalie
-0.357	-0.628	0.206	-0.780	-0.211	-0.939	0.454	-0.403	-0.448	1.018	0.696	0.783	normal
0.342	-1.302	0.613	-0.393	-0.381	3.173	1.527	0.153	2.537	2.537	1.137	2.573	normal
-4.794	-6.516	0.614	-10.596	0.821	-1.101	0.706	0.691	2.473	2.473	0.377	3.417	normal
-0.878	-0.878	0.240	-0.988	0.429	-3.187	1.310	-1.884	0.087	-4.452	1.939	-2.277	normal
-0.480	-0.846	0.356	-0.471	-0.507	-0.977	0.532	-0.858	-0.218	1.360	0.796	-0.042	normal
4.741	6.895	1.037	9.962	-0.634	7.347	3.310	0.909	0.020	0.566	0.244	-0.065	anomalie
-4.569	-4.917	0.306	-9.132	0.106	1.993	0.772	1.587	1.806	1.806	1.300	0.140	normal
0.049	0.890	0.631	-0.165	-0.443	0.875	0.613	-0.299	1.733	1.733	0.876	1.677	normal
0.290	-7.885	3.629	-2.272	0.457	13.450	5.824	2.718	-0.009	-1.207	0.533	-1.346	critique
-0.172	-7.871	3.158	-5.606	-5.544	-6.211	0.448	-11.098	-0.478	0.728	0.492	0.176	anomalie
-2.099	-3.019	0.615	-4.273	2.358	2.627	0.165	4.661	7.105	7.105	0.738	12.552	normal
0.245	0.671	0.278	0.117	0.012	4.863	2.144	2.242	-4.841	-4.841	0.379	-8.420	normal
0.820	13.957	5.902	3.383	-2.145	-3.744	0.895	-5.545	0.417	7.816	3.392	1.229	critique
-0.650	0.893	0.738	0.233	-0.041	-0.758	0.394	-0.576	-0.153	1.701	0.807	0.515	normal
6.097	7.070	0.551	12.241	6.944	6.944	3.147	5.203	1.041	1.041	0.588	0.756	anomalie
-6.075	-6.075	0.430	-11.579	1.053	1.053	0.703	0.168	-0.760	-1.685	0.743	-0.586	normal
0.923	-1.729	0.982	0.075	-2.013	-11.135	4.903	-7.869	-2.411	-2.411	0.185	-4.438	critique
0.005	3.870	1.556	2.612	13.941	13.941	6.316	10.243	-0.036	-0.284	0.118	-0.073	critique
0.256	14.513	6.371	5.067	-0.603	-4.123	1.854	-0.612	-0.617	0.908	0.569	-0.895	critique
0.113	-0.685	0.429	-0.152	1.323	-2.518	1.401	0.281	-0.116	-4.061	1.857	-1.057	normal
3.469	3.735	0.739	6.304	0.088	0.476	0.148	0.309	3.980	4.884	0.523	8.609	normal
-0.406	-0.966	0.524	-0.128	-3.359	-4.809	0.540	-7.968	1.427	2.258	1.164	1.962	normal
-2.677	-3.609	0.370	-6.174	-1.653	-1.653	0.456	-2.589	0.269	-7.831	3.948	-2.040	anomalie
0.638	-1.513	0.762	-0.649	0.686	-1.190	0.740	-0.030	-4.926	-4.926	1.845	-4.892	normal
4.861	5.040	0.132	9.652	0.746	0.746	0.406	0.761	0.108	1.655	0.753	1.371	normal
0.201	-0.962	0.693	0.848	-0.289	1.040	0.550	0.511	0.935	-1.226	0.870	0.326	normal
2.391	2.681	0.734	4.226	0.037	0.969	0.381	0.769	0.167	0.729	0.264	0.866	normal
7.714	7.714	3.242	6.439	-1.299	-1.299	0.854	-0.339	0.548	-1.366	0.686	-0.945	anomalie
0.870	0.870	0.633	0.095	0.475	7.588	3.465	1.089	-0.347	-15.690	6.858	-3.199	critique
0.140	-4.302	2.230	-2.204	0.382	-0.842	0.494	-0.438	0.153	0.989	0.672	0.047	normal
-0.629	-1.049	0.416	-0.986	0.343	1.003	0.418	0.742	0.700	-1.147	0.799	-0.149	normal
-0.482	1.684	0.770	0.777	7.979	7.979	3.522	6.356	3.654	4.087	0.169	7.560	anomalie
-3.145	-3.678	0.257	-6.806	-0.427	7.986	3.409	1.828	0.470	1.359	0.768	0.629	anomalie
0.130	12.206	5.515	6.212	5.375	5.377	0.215	11.532	4.692	5.853	0.473	10.025	critique
4.321	4.321	0.462	7.323	-0.475	-1.752	0.612	-0.937	0.700	-0.789	0.619	0.650	normal
0.068	-0.836	0.352	-0.977	-4.635	-4.635	2.132	-3.131	-0.729	1.399	1.050	-1.464	normal
3.239	3.239	0.344	5.993	-0.587	-15.034	6.177	-10.539	-3.652	-4.177	0.354	-7.431	critique
0.664	-0.802	0.567	-0.187	-0.722	-1.067	0.360	-1.335	-0.420	8.205	3.618	3.218	anomalie
4.905	5.795	0.953	8.331	0.204	-7.870	3.468	-4.180	-0.410	13.971	5.843	7.925	critique
-1.141	-1.141	0.614	-1.079	5.524	5.524	0.840	9.104	0.129	4.629	2.114	2.324	normal
0.831	1.418	0.765	0.636	1.044	1.046	0.053	1.901	-1.427	-1.427	0.872	-0.225	normal
-0.409	-7.864	3.506	-1.181	-11.657	-11.657	5.173	-8.765	0.427	1.556	0.973	1.043	critique
-3.299	-3.299	0.509	-5.180	-1.005	1.030	0.767	0.451	0.382	0.755	0.358	0.570	normal
-5.055	-8.257	1.189	-12.624	5.791	5.791	0.247	11.223	0.458	0.458	0.346	0.293	normal
-0.471	-0.471	0.353	-0.556	0.172	1.194	0.364	1.692	-0.133	-7.948	3.271	-3.863	anomalie
3.958	3.973	0.428	6.977	0.254	-1.013	0.648	-0.142	0.835	-7.369	3.418	-1.696	anomalie
-14.827	-14.827	6.276	-12.302	-0.545	-1.253	0.600	-0.365	0.678	1.145	0.405	1.072	critique
0.828	13.521	5.544	8.112	0.825	2.058	1.104	1.139	2.945	4.820	0.811	6.180	critique
-1.520	-2.939	0.598	-3.918	0.521	1.322	0.913	0.203	4.798	6.693	0.679	11.008	normal
-0.741	-1.412	0.912	-1.243	-0.330	0.544	0.400	-0.282	13.551	13.551	5.945	11.271	critique
-0.667	-0.947	0.215	-1.615	1.018	8.369	3.493	5.213	-0.693	-0.693	0.359	-0.196	anomalie
3.559	3.957	0.279	6.208	-0.071	8.018	3.617	2.626	4.335	4.335	0.191	8.262	anomalie
0.830	1.136	0.767	1.233	3.920	4.666	0.491	8.364	-2.520	-2.520	1.275	-1.817	normal
-5.155	-5.967	0.410	-11.150	5.092	5.317	0.425	10.017	-1.061	-3.208	1.285	-3.361	normal
-0.268	0.811	0.511	0.085	-3.016	-4.540	0.696	-6.972	-1.040	-1.783	0.833	-1.425	normal
1.739	3.351	0.644	4.137	1.198	1.198	0.490	1.128	-0.233	-1.408	0.744	-0.319	normal
-0.360	0.382	0.303	0.265	4.167	5.409	1.074	7.674	2.014	3.684	0.677	4.718	normal
-5.704	-5.704	0.513	-10.626	0.501	0.504	0.461	0.320	0.233	-0.817	0.390	-0.101	normal
0.048	-0.536	0.325	0.122	-4.635	-5.004	0.453	-8.883	-0.430	-1.040	0.547	-0.606	normal
0.458	-0.989	0.621	-0.438	-0.791	7.494	3.592	0.142	0.034	0.627	0.349	0.451	anomalie
-0.034	3.725	1.595	0.759	-0.828	-0.828	0.522	-0.923	-5.451	-5.945	0.179	-11.312	normal
1.915	1.915	0.960	2.058	1.132	4.643	1.680	4.121	0.869	0.869	0.641	0.318	normal
-7.722	-7.722	3.405	-6.372	-1.115	4.146	1.964	1.964	-0.717	-4.874	2.297	-0.949	anomalie
-0.294	-1.336	0.606	-0.901	3.512	3.512	1.884	2.207	-4.839	-5.211	0.140	-10.036	normal
0.933	1.376	0.844	1.317	0.155	-8.348	3.600	-4.416	-1.269	-1.452	0.550	-1.835	anomalie
-2.701	-3.424	0.263	-6.134	0.728	1.660	0.891	0.784	0.591	-1.701	1.237	1.941	normal
-1.298	-1.298	0.808	-2.102	-3.477	-3.477	0.366	-6.198	0.148	-0.963	0.512	-0.208	normal
0.541	2.060	0.831	0.747	0.287	0.610	0.323	-0.173	5.616	5.616	0.347	10.675	normal
4.180	6.921	1.145	10.709	-0.602	1.087	0.677	-0.315	-0.487	1.241	0.867	-0.866	normal
0.337	-0.427	0.275	0.460	2.118	3.545	0.658	4.954	8.510	8.510	3.843	5.956	anomalie
4.228	5.502	0.477	9.570	0.474	0.660	0.537	0.682	-1.290	-1.290	0.618	-1.328	normal
-2.187	-2.734	0.275	-4.944	0.448	1.251	0.565	1.022	-3.251	-3.251	0.701	-4.862	normal
6.758	6.758	0.508	12.104	3.536	3.536	0.814	5.606	-0.193	1.037	0.664	0.275	normal
-3.418	-3.917	0.876	-5.720	0.091	-0.841	0.412	-0.240	-0.804	-1.416	0.917	-0.372	normal
-0.992	2.516	1.284	1.177	4.072	4.785	0.719	8.333	2.339	2.339	0.507	3.635	normal
-1.220	11.493	5.201	1.199	-3.323	-3.323	1.608	-2.473	2.744	2.744	0.525	4.528	critique
0.970	1.300	1.013	0.443	0.714	11.105	4.706	4.556	0.547	0.778	0.509	0.866	critique
0.902	-1.271	0.781	0.038	0.975	0.975	0.643	0.461	5.320	5.320	0.677	9.384	normal
6.322	6.322	0.651	10.735	-6.152	-7.379	0.542	-13.259	1.082	1.082	0.771	1.032	normal
0.623	-0.992	0.583	-0.334	4.751	6.363	0.727	9.765	-0.936	1.037	0.704	-0.893	normal
-1.110	-8.554	3.496	-6.299	1.490	1.490	0.503	2.727	-0.309	7.160	3.196	4.337	anomalie
7.038	7.038	3.153	5.471	0.653	0.890	0.319	1.236	-0.578	2.754	1.518	-1.212	anomalie
-0.131	1.067	0.491	0.670	0.291	0.746	0.277	0.893	0.217	0.893	0.398	0.444	normal
1.521	1.521	1.048	0.418	3.428	4.585	0.714	7.364	-1.136	-2.080	1.067	-1.437	normal
1.187	1.187	0.604	0.427	-15.147	-15.147	6.687	-12.406	-0.010	-4.968	2.071	-2.278	critique
4.564	6.200	0.596	10.471	0.813	0.813	0.411	1.158	1.000	-11.426	5.307	-3.922	critique
0.122	-0.947	0.458	-0.199	0.881	-8.615	3.755	-1.587	-0.630	0.829	0.626	-1.327	anomalie
0.404	1.104	0.584	-0.117	-3.337	-3.337	1.354	-3.903	-0.117	-8.106	3.391	-2.679	anomalie
-4.731	-5.089	0.372	-9.285	2.777	3.126	0.423	5.366	5.190	6.012	0.308	11.671	normal
-0.508	-0.508	0.313	-0.728	-0.946	-7.086	3.047	-4.960	0.837	0.837	0.320	1.132	anomalie
-0.385	0.618	0.359	0.138	0.940	-1.695	0.949	-0.262	1.748	3.676	0.773	4.541	normal
0.338	-0.916	0.449	-0.267	-0.420	0.818	0.460	0.470	-2.529	-3.539	0.873	-4.929	normal
0.792	-1.184	0.702	-0.334	-1.071	-1.144	0.573	-1.819	-2.950	-3.822	0.853	-5.134	normal
-0.446	-7.424	2.995	-5.266	0.480	-1.004	0.566	-0.092	1.026	1.026	0.606	0.714	anomalie
1.186	1.186	0.434	1.267	0.294	-0.929	0.648	-0.530	0.169	1.223	0.627	0.295	normal
7.998	7.998	3.733	6.225	5.311	5.311	0.991	9.050	8.744	8.744	3.753	7.290	anomalie
-0.217	-0.294	0.050	-0.606	-4.549	-5.161	0.611	-9.091	1.513	1.513	0.774	1.486	normal
5.388	6.611	0.689	10.780	0.523	-1.034	0.679	0.004	-1.121	-7.380	3.016	-4.001	anomalie
-4.659	-4.659	1.930	-4.703	4.338	4.338	1.983	3.251	0.826	1.339	0.567	0.881	normal
3.367	3.367	0.131	6.882	0.784	4.636	1.835	2.687	5.254	5.738	0.748	9.400	normal
-0.524	-0.524	0.409	0.022	0.188	-0.465	0.348	0.557	8.219	8.219	3.719	6.515	anomalie
-0.674	-0.674	0.227	-0.849	-0.325	1.245	0.650	0.044	-3.109	-4.087	0.511	-6.713	normal
-0.195	0.499	0.298	-0.107	-4.175	-5.896	0.796	-10.177	0.268	-0.701	0.387	-0.881	normal
-5.053	-5.152	0.563	-8.994	0.414	-1.242	0.748	-0.335	0.782	0.782	0.431	0.797	normal
0.154	-0.918	0.607	-0.212	-0.209	1.026	0.444	1.064	0.517	-5.019	2.125	-1.533	normal
-0.619	0.774	0.531	0.029	-1.067	-1.435	0.756	-1.478	8.571	8.571	3.808	6.968	anomalie
0.359	-1.260	0.786	0.837	0.856	0.856	0.425	1.247	-0.638	0.722	0.567	-1.147	normal
0.399	12.953	5.778	5.258	0.837	-1.249	0.829	-0.334	1.678	3.229	0.623	3.406	critique
-0.050	1.186	0.444	0.833	3.700	5.038	1.168	8.221	-0.808	-11.648	5.229	-4.919	critique
3.082	3.698	0.345	6.507	5.717	5.717	0.613	10.410	0.367	7.361	3.186	1.133	anomalie
0.243	-0.399	0.255	-0.181	-0.774	-0.774	0.348	-1.100	-4.809	-5.745	0.426	-10.145	normal
-0.256	-0.900	0.489	-0.730	-5.399	-7.106	0.925	-10.652	-3.405	-3.405	0.509	-5.893	normal
0.926	0.926	0.481	1.193	-0.737	-0.737	0.618	-1.101	0.585	0.585	0.399	0.627	normal
-2.926	-3.266	0.159	-5.826	0.180	-1.385	0.585	-0.310	-5.057	-5.224	0.670	-9.345	normal
-0.621	-12.091	5.031	-3.330	-0.227	0.941	0.577	-0.560	-0.369	1.723	1.058	0.308	critique
1.106	1.106	0.772	0.945	-0.055	-8.909	3.898	-1.469	-0.108	3.484	1.440	2.132	anomalie
0.413	2.049	0.898	0.482	-0.192	-0.683	0.394	-0.281	-1.622	8.422	3.812	4.384	anomalie
-3.742	-4.373	0.470	-7.767	-4.483	-4.483	0.721	-7.334	-1.685	-2.947	1.047	-3.031	normal
-0.032	-0.534	0.269	-0.496	0.517	0.517	0.353	0.573	-0.296	-1.301	0.698	-0.128	normal
-1.139	5.051	2.439	0.163	4.525	5.698	0.440	9.933	-0.177	0.612	0.406	-0.142	normal
-0.168	-14.862	6.476	-6.604	-0.514	1.850	0.854	0.554	2.977	4.408	0.508	7.198	critique
-1.501	15.367	6.732	2.112	-5.324	-5.889	0.422	-10.680	4.190	5.410	0.874	7.602	critique
0.257	1.054	0.558	0.239	-0.610	9.222	4.190	2.833	-2.946	-4.036	0.498	-6.942	anomalie
0.370	-0.841	0.456	0.101	4.359	4.359	1.966	3.850	-1.082	1.233	0.914	-0.245	normal
-3.673	-3.673	1.726	-2.324	0.742	0.742	0.331	0.336	0.307	0.601	0.409	0.037	normal
5.157	6.327	0.558	10.776	-0.269	-0.513	0.269	-0.098	-4.379	-5.165	0.569	-8.748	normal
12.636	12.636	5.547	9.595	0.670	7.778	3.529	4.759	-4.591	-4.591	2.252	-4.178	critique
-0.174	-1.153	0.487	-0.582	-14.994	-14.994	6.594	-12.462	-12.461	-12.461	5.504	-9.890	critique
-2.449	-2.449	1.404	-1.631	-0.402	-0.850	0.496	-0.796	-9.108	-9.108	3.892	-7.743	anomalie
-3.369	-4.788	0.847	-7.281	0.238	-12.173	5.250	-3.103	0.763	0.763	0.470	0.553	critique
1.865	3.164	0.546	4.791	4.895	4.895	0.400	9.526	1.024	1.024	0.433	1.467	normal
-0.332	1.025	0.585	-0.734	-0.543	-0.543	0.338	-0.275	-4.663	-4.663	0.241	-8.931	normal
5.900	6.243	0.463	12.507	-0.162	-0.659	0.179	-0.663	0.075	0.444	0.132	0.237	normal
6.277	6.516	0.165	12.707	1.412	-9.050	4.193	-2.797	3.047	3.562	0.706	6.441	anomalie
-0.425	-4.794	1.928	-2.539	1.271	-1.272	1.070	1.362	-0.521	-1.065	0.700	-0.733	normal
1.596	3.203	1.302	3.308	0.010	0.879	0.613	-0.074	0.346	-11.309	4.915	-2.428	critique
0.193	0.990	0.387	0.602	0.298	8.367	3.513	4.330	0.250	0.606	0.337	0.918	anomalie
4.182	4.182	0.436	8.004	-0.059	8.473	3.924	0.334	0.801	-8.630	3.693	-5.590	anomalie
0.767	1.964	0.934	2.124	0.463	-1.642	0.925	-0.039	-0.077	0.730	0.373	0.404	normal
0.569	0.569	0.335	0.584	7.955	7.955	3.337	6.458	-3.881	-3.881	0.899	-5.921	anomalie
0.361	0.783	0.346	0.707	0.459	-0.911	0.595	-1.230	1.182	-8.016	3.561	-2.834	anomalie
4.123	4.571	0.316	7.576	0.885	0.885	0.567	0.307	5.802	6.138	0.457	11.209	normal
-0.041	-1.611	0.784	-0.559	-1.005	15.285	6.683	1.904	-2.120	-4.194	0.906	-5.006	critique
0.372	-0.456	0.365	-0.408	-0.930	1.314	0.903	0.168	-1.596	-1.596	0.725	-1.225	normal
-5.261	-5.261	0.503	-9.730	0.445	0.445	0.267	0.709	0.377	-0.411	0.330	-0.017	normal
0.497	1.043	0.677	-0.296	0.581	0.581	0.386	0.479	-3.363	-3.696	0.127	-7.114	normal
0.562	-0.825	0.504	-0.078	-3.620	-5.675	0.966	-8.562	4.342	6.048	0.640	10.403	normal
-7.580	-7.580	3.262	-6.499	-1.181	-1.475	0.632	-2.077	-1.596	14.819	6.668	1.471	critique
-0.576	-14.696	6.402	-9.924	-0.028	1.498	0.650	1.016	-5.668	-6.986	0.641	-11.961	critique
0.263	0.481	0.191	0.092	-0.311	0.852	0.431	0.191	-4.828	-5.868	0.419	-10.129	normal
2.493	2.982	0.426	4.678	-0.886	-0.886	0.486	-0.146	5.362	5.362	0.203	10.091	normal
14.362	14.362	5.874	12.361	1.331	1.331	0.986	1.103	0.191	-0.894	0.544	-0.829	critique
0.029	7.709	3.262	3.016	0.152	-1.698	0.688	-0.477	-0.181	-0.378	0.112	-0.068	anomalie
-0.534	7.444	3.280	2.484	-3.373	-3.451	0.185	-6.492	-5.495	-5.495	1.030	-8.600	anomalie
-0.758	13.083	5.778	6.259	0.372	-0.631	0.458	0.037	2.294	3.926	0.946	5.374	critique
4.818	4.818	2.266	3.350	-2.993	-3.797	0.355	-6.260	1.066	1.066	0.640	0.460	normal
-1.247	-1.247	0.824	-1.156	-0.316	1.490	0.891	-0.059	1.092	1.092	0.505	1.363	normal
0.337	-0.674	0.376	0.060	0.023	8.250	3.402	5.341	-5.941	-6.228	0.658	-11.202	anomalie
-0.252	0.551	0.340	0.840	-0.440	2.302	1.192	0.151	0.193	8.107	3.473	3.545	anomalie
0.214	0.754	0.457	0.497	0.010	-1.110	0.469	-0.770	0.152	-1.572	0.851	-0.239	normal
1.304	1.304	0.984	1.284	-0.402	12.375	5.151	7.469	0.185	4.494	1.980	0.607	critique
-2.622	-2.622	0.357	-5.141	-4.274	-4.662	0.607	-7.195	-0.356	0.818	0.474	0.563	normal
0.393	0.860	0.471	0.335	0.638	-9.019	4.129	-2.929	1.298	-3.392	1.720	-1.310	anomalie
2.472	4.161	0.629	6.306	-0.246	-7.845	3.186	-3.021	3.124	3.674	0.364	5.946	anomalie
-1.055	1.328	0.878	-0.481	0.289	1.615	0.772	0.790	-4.630	-4.632	0.272	-8.772	normal
-0.795	-0.795	0.384	-1.075	1.086	-2.417	1.256	-0.833	0.326	-4.119	1.929	-0.776	normal
-0.092	0.440	0.211	0.225	-0.355	-0.712	0.386	-0.971	-0.311	1.323	0.734	0.190	normal
0.141	0.891	0.304	0.315	-0.049	2.149	0.895	0.714	0.150	-12.215	5.239	-2.699	critique
1.908	3.009	0.404	3.965	-0.446	-2.617	1.213	-0.201	-0.204	1.066	0.471	0.303	normal
0.203	-0.658	0.459	0.263	0.526	-1.242	0.691	-0.381	-0.441	0.695	0.455	-0.034	normal
1.238	1.238	0.602	1.237	-0.004	0.601	0.247	0.237	0.821	-0.827	0.658	-0.005	normal
1.048	-1.919	1.191	-0.097	-0.098	0.922	0.396	0.616	0.915	-0.977	0.758	0.267	normal
0.075	2.653	1.351	0.681	-0.046	1.474	0.734	0.932	-0.631	1.110	0.666	0.149	normal
-0.221	-4.643	1.894	-2.276	0.419	-0.954	0.528	-0.093	0.243	-0.533	0.407	0.285	normal
-0.434	-0.688	0.386	-0.295	0.411	-1.105	0.683	-0.064	-0.088	-0.977	0.372	-0.443	normal
-0.299	-4.439	1.875	-1.121	-0.213	-0.393	0.233	0.125	-2.783	-4.063	0.647	-6.382	normal
0.328	2.448	1.313	0.605	-0.095	3.503	1.439	2.020	0.816	-15.096	6.666	-2.448	critique
-1.190	-1.190	0.678	-0.552	0.335	1.729	0.836	0.743	0.509	15.256	6.496	6.356	critique
-0.352	-0.856	0.641	-0.546	-0.681	0.885	0.744	-0.345	-0.889	-0.889	0.700	-0.157	normal
7.630	7.630	3.457	5.424	4.181	4.181	0.633	7.501	2.382	3.323	0.596	5.089	anomalie
0.206	-1.096	0.585	-0.958	-0.536	12.760	5.572	2.285	0.477	0.477	0.150	0.246	critique
-0.111	1.408	0.823	0.227	-1.709	2.290	1.540	0.571	-3.388	-3.388	0.967	-4.974	normal
4.473	5.894	0.821	9.392	-0.419	0.972	0.642	-0.812	0.157	0.946	0.383	1.025	normal
0.364	-1.550	0.829	-0.499	-0.048	-8.327	3.738	-4.935	-0.226	0.520	0.370	-0.257	anomalie
11.703	11.703	4.664	10.657	3.569	4.387	0.451	7.530	0.591	0.960	0.676	0.245	critique
4.477	4.477	0.400	8.262	-7.941	-7.941	3.690	-6.689	-0.392	0.420	0.314	-0.600	anomalie
0.721	-1.310	0.740	-0.278	-0.795	-11.191	4.638	-3.528	-0.956	-0.956	0.654	-1.458	critique
-0.578	-0.744	0.177	-1.326	3.627	3.627	0.164	6.805	-6.833	-6.833	0.676	-11.963	normal
0.199	0.600	0.365	0.511	-0.193	-8.321	3.573	-2.287	0.664	-1.886	1.056	0.480	anomalie
-0.522	0.922	0.632	-0.968	0.722	-1.493	0.887	1.220	0.903	1.337	0.795	1.776	normal
0.524	0.790	0.277	0.983	-0.063	1.250	0.670	0.592	4.836	5.092	0.772	9.168	normal
0.786	0.786	0.527	0.402	0.373	12.632	5.605	2.569	-0.832	-0.832	0.379	-1.055	critique
0.411	-1.608	0.784	0.073	-0.767	-0.767	0.570	-0.937	0.347	2.105	1.012	1.760	normal
0.029	0.542	0.235	0.198	0.068	1.134	0.605	0.535	0.719	-7.214	3.301	-4.227	anomalie
-0.828	1.318	0.788	0.800	0.478	-4.738	2.093	-0.387	0.207	-0.894	0.559	0.351	normal
-1.113	-1.113	0.638	-0.502	-1.972	-4.543	1.025	-6.301	-0.830	-1.793	0.623	-1.971	normal
-1.143	-1.143	0.820	-0.942	-5.171	-6.873	0.682	-11.708	-0.104	15.287	6.692	8.048	critique
-3.884	-3.989	0.301	-7.784	-0.733	1.728	1.074	0.333	0.975	0.975	0.552	0.277	normal
-3.962	-4.475	0.757	-6.829	-0.402	-0.881	0.508	-0.899	0.077	0.293	0.187	0.251	normal
1.217	-14.932	6.854	-2.314	0.258	1.420	0.641	0.645	-3.557	-3.794	0.665	-6.713	critique
-0.088	-0.544	0.256	-0.209	-3.069	-4.827	0.862	-6.790	0.395	15.518	6.940	8.777	critique
-1.589	-1.589	0.718	-1.641	0.600	1.073	0.307	1.803	0.601	15.500	7.051	1.908	critique
-0.972	-2.869	0.998	-1.978	-1.189	-3.504	0.877	-4.142	-0.310	-0.310	0.151	0.134	normal
-0.666	-0.666	0.445	-0.198	-0.363	2.607	1.345	-0.167	-6.177	-6.809	0.839	-12.144	normal
-0.451	-8.487	3.963	-4.936	-0.676	-1.489	0.949	-1.790	-0.902	-0.902	0.470	-0.724	anomalie
0.607	-0.701	0.551	0.464	-1.429	4.497	2.325	-0.606	0.454	0.956	0.699	0.914	normal
0.076	1.073	0.457	1.095	-2.095	-2.884	0.285	-4.504	3.134	3.134	0.508	5.395	normal
-1.056	-1.056	0.612	-1.280	0.978	-1.396	0.890	-0.372	-0.395	1.495	0.720	0.446	normal
-0.956	-0.956	0.561	-1.043	-0.324	-0.678	0.471	-0.684	0.458	0.458	0.267	0.433	normal
1.322	1.322	1.007	0.330	-0.494	-13.241	5.807	-6.263	-0.867	1.041	0.694	0.425	critique
0.645	0.895	0.665	0.555	2.598	3.615	0.376	6.044	-0.636	-1.623	0.600	-0.943	normal
0.430	-0.517	0.384	0.388	1.891	1.891	0.925	1.527	4.320	6.382	0.851	10.741	normal
-0.056	7.426	3.330	1.189	0.172	0.899	0.518	0.620	-0.605	8.045	3.701	3.670	anomalie
2.631	2.631	0.223	5.011	-1.904	-1.904	0.788	-1.701	0.105	-1.331	0.577	-0.912	normal
0.955	1.040	0.709	1.104	14.884	14.884	6.511	10.983	-3.055	-3.055	0.779	-4.380	critique
-4.456	-4.611	0.274	-8.693	0.497	11.695	4.743	5.489	-5.533	-5.813	0.681	-10.368	critique
3.584	3.584	0.819	6.637	5.024	6.423	0.546	11.168	-0.077	-14.192	6.063	-6.767	critique
1.022	1.022	0.444	1.050	-0.362	-2.013	1.077	-0.229	6.816	6.816	0.589	12.671	normal
-0.207	-4.338	1.795	-3.042	-0.456	-1.472	0.976	-0.188	-6.028	-7.185	0.807	-12.553	normal
-1.488	-1.488	0.695	-1.478	3.718	5.494	0.744	8.418	3.105	4.326	0.547	6.939	normal
-0.277	1.080	0.777	-0.228	1.624	-2.480	1.559	1.065	-0.064	0.456	0.325	-0.104	normal
-1.165	-1.165	0.499	-1.386	-5.246	-5.246	0.215	-9.858	0.086	-0.525	0.245	-0.098	normal
0.420	-7.335	3.609	-3.843	-0.330	-1.051	0.650	-0.887	-6.412	-6.412	0.954	-10.566	anomalie
2.323	4.015	0.722	5.324	0.780	2.122	1.028	1.943	-0.759	-8.390	3.578	-4.078	anomalie
0.218	0.739	0.521	-0.490	-6.141	-6.141	0.358	-11.423	0.839	2.070	0.823	1.370	normal
-0.183	1.284	0.657	-0.395	11.421	11.421	5.208	7.500	-13.031	-13.031	5.943	-10.563	critique
-0.349	0.666	0.375	0.447	-4.071	-4.415	0.262	-7.850	0.623	11.109	4.429	3.234	critique
0.679	0.679	0.328	0.673	-1.863	-4.057	1.202	-5.718	3.458	3.468	0.122	7.419	normal
0.117	1.862	0.763	0.794	0.073	-2.818	1.321	-2.071	-0.336	1.635	1.158	-0.366	normal
0.172	-8.794	3.912	-1.446	-4.131	-5.636	0.904	-8.708	-1.348	-1.348	0.979	-0.430	anomalie
4.776	4.776	0.482	8.382	0.132	0.795	0.278	0.320	12.558	12.558	5.549	9.524	critique
2.928	3.568	0.501	5.554	-0.360	1.183	0.745	0.099	0.009	-0.637	0.236	-0.331	normal
-0.940	-1.157	0.585	-1.049	-7.918	-7.918	3.440	-6.553	-0.096	-4.124	1.664	-2.128	anomalie
-0.105	0.560	0.426	-0.103	-0.732	-0.732	0.431	-1.332	-3.222	-4.179	0.857	-6.400	normal
-0.681	-0.709	0.288	-1.060	5.521	5.853	0.556	11.772	0.061	4.516	2.031	-0.292	normal
-0.011	-0.836	0.564	-0.258	0.184	8.498	3.833	4.255	4.062	4.231	0.250	7.919	anomalie
3.782	5.050	0.597	8.188	-0.495	1.244	0.826	-0.335	-0.818	-0.818	0.470	-0.419	normal
1.104	15.203	6.543	3.459	-0.253	-1.145	0.668	-0.411	-1.236	-1.236	0.389	-1.319	critique
0.331	15.584	6.738	3.174	0.377	1.888	1.044	0.142	0.345	1.444	0.685	1.287	critique
7.555	7.555	3.507	4.649	-2.344	-2.344	0.292	-4.037	0.437	-0.701	0.497	0.251	anomalie
-1.213	-8.867	3.765	-2.713	-0.316	-1.275	0.554	-0.656	-0.097	-0.329	0.181	0.062	anomalie
0.759	-8.156	3.732	-4.708	-1.993	-2.344	0.169	-3.704	0.445	-11.495	5.111	-3.990	critique
0.745	1.356	0.245	2.064	0.526	-0.675	0.431	-0.507	3.140	3.846	0.655	5.050	normal
-0.717	1.009	0.658	0.522	0.647	-0.710	0.572	0.211	-0.204	-0.937	0.663	-0.392	normal
-2.160	-3.049	0.349	-5.552	0.319	-0.683	0.401	-0.102	0.008	0.742	0.417	-0.281	normal
-2.581	-2.581	0.440	-4.198	1.981	1.981	1.058	0.821	-0.714	-8.168	3.734	-4.037	anomalie
4.770	4.770	2.017	3.815	0.704	8.162	3.442	3.533	0.414	1.078	0.256	1.620	anomalie
0.194	4.170	1.903	1.265	0.030	-1.176	0.590	-0.337	-6.468	-7.238	0.310	-13.424	normal
-0.538	1.025	0.572	0.697	-1.443	-1.472	0.805	-1.450	6.197	6.518	0.777	11.794	normal
-0.668	1.275	0.720	0.263	-8.770	-8.770	3.633	-7.526	3.067	4.449	0.579	6.833	anomalie
-0.747	-1.142	0.544	-1.102	-1.305	-1.305	0.868	-0.724	-0.342	3.272	1.453	1.461	normal
7.561	7.561	3.096	6.271	1.159	1.159	0.695	0.282	4.566	4.566	0.754	7.291	anomalie
0.202	-0.916	0.496	-0.382	-0.056	1.056	0.857	-0.712	0.039	8.737	3.980	1.080	anomalie
-0.062	14.325	6.194	1.908	1.362	-1.466	1.135	0.698	-0.133	-1.160	0.909	-0.821	critique
0.734	12.411	5.522	2.013	-0.212	-1.434	0.748	-0.581	6.062	6.062	0.360	11.743	critique
-0.230	-5.030	2.098	-3.864	0.925	0.925	0.604	0.387	-0.004	8.567	3.686	2.000	anomalie
-0.183	-0.673	0.363	-0.365	-0.158	-1.305	0.512	-0.386	-7.686	-7.686	3.631	-5.615	anomalie
-0.969	-12.274	4.912	-3.997	7.864	7.864	3.276	6.748	-6.234	-6.772	0.792	-12.009	critique
-0.420	14.681	6.613	1.484	5.844	7.252	0.764	12.176	-0.006	-0.904	0.396	-0.982	critique
0.154	1.168	0.501	0.589	0.135	-1.810	0.871	-0.190	-0.147	0.655	0.443	0.015	normal
5.304	6.519	0.479	10.931	-0.082	-1.174	0.851	0.320	4.000	4.649	0.288	7.820	normal
-11.188	-11.188	5.033	-8.582	0.559	13.655	5.790	5.720	0.794	-1.884	0.980	-0.240	critique
-5.533	-6.238	0.369	-11.442	-5.158	-5.158	0.693	-8.306	0.827	-12.523	5.616	-7.207	critique
0.225	-2.085	1.062	-1.200	6.041	6.041	0.915	10.019	-0.100	-0.671	0.467	0.000	normal
1.243	-1.326	0.931	0.765	7.335	7.335	3.221	5.455	-0.033	0.850	0.571	0.145	anomalie
-0.150	-1.145	0.784	0.058	-1.017	-1.181	0.673	-1.001	2.812	3.823	0.383	6.855	normal
-0.392	-0.392	0.237	-0.519	-0.232	-0.232	0.110	0.001	-2.573	-3.605	0.407	-6.104	normal
8.897	8.897	3.658	7.928	1.350	-7.916	3.636	-3.551	-0.012	15.057	6.734	1.545	critique
-7.935	-7.935	3.045	-7.659	5.595	6.713	0.424	12.426	0.101	-0.797	0.511	0.015	anomalie
1.052	-3.726	1.768	-1.604	-4.029	-4.029	0.348	-7.374	0.380	-0.959	0.534	0.440	normal
-0.855	-0.855	0.520	-0.494	0.830	0.830	0.580	0.132	0.603	1.137	0.744	0.937	normal
-3.834	-5.385	0.646	-9.126	0.224	0.625	0.408	0.439	-1.000	-1.041	0.445	-1.479	normal
-15.471	-15.471	6.704	-13.012	0.012	-0.766	0.376	-0.469	-0.457	1.076	0.624	0.242	critique
4.545	4.545	0.797	7.708	0.151	-1.081	0.669	-0.336	-1.210	-1.210	0.676	-1.155	normal
-0.364	-1.819	0.801	-1.707	0.386	-1.057	0.546	-0.216	-0.498	2.710	1.330	-0.136	normal
2.630	2.630	1.457	0.670	-2.069	-14.732	6.000	-5.250	4.688	7.078	1.094	11.416	critique
-0.363	0.890	0.662	-0.199	-1.703	-1.703	0.932	-1.301	-0.007	-0.425	0.194	-0.505	normal
4.326	4.326	2.058	2.891	13.408	13.408	5.980	10.357	1.512	3.118	1.381	3.022	critique
0.103	-1.109	0.769	0.020	-0.348	0.952	0.669	-0.207	-0.890	7.364	3.227	3.695	anomalie
4.742	5.184	0.368	9.544	3.683	4.282	0.633	6.812	-0.403	11.764	5.442	3.836	critique
-0.586	-3.313	0.983	-3.939	-0.368	0.747	0.564	-0.361	-0.203	-1.398	0.524	-0.770	normal
-0.178	-2.669	0.949	-1.973	0.876	0.876	0.533	0.532	-1.055	7.396	3.485	3.157	anomalie
1.686	1.686	1.018	2.105	-1.431	-2.981	0.557	-3.921	0.537	0.537	0.310	0.344	normal
0.181	-15.347	6.435	-4.238	3.588	3.588	1.359	3.823	3.229	3.229	0.236	5.747	critique
-0.460	-1.922	1.140	-1.136	5.135	5.135	0.568	8.916	-0.131	0.578	0.459	-0.654	normal
8.807	8.807	3.886	7.483	0.892	-11.448	4.886	-7.326	-0.403	-8.361	3.439	-4.613	critique
7.897	7.897	3.453	6.134	-0.858	1.154	0.841	-0.302	-0.352	-0.803	0.541	-0.550	anomalie
0.470	0.930	0.684	0.385	-4.509	-6.903	0.915	-10.880	0.679	0.753	0.421	0.380	normal
0.487	0.954	0.176	1.154	0.214	0.807	0.287	0.387	-0.529	-0.973	0.236	-1.326	normal
-0.972	-1.197	0.750	-1.154	-0.197	1.092	0.733	-0.234	-15.496	-15.496	6.730	-13.161	critique
-3.287	-3.689	0.160	-6.762	-0.045	-1.308	0.717	-0.527	-0.426	1.045	0.550	0.860	normal
4.625	5.965	1.002	10.134	0.166	1.328	0.560	0.816	6.317	6.317	0.822	10.756	normal
0.719	0.719	0.493	0.386	0.546	0.546	0.208	0.328	4.106	4.468	0.212	8.435	normal
0.642	1.333	0.536	0.427	0.146	2.827	1.383	1.175	-1.518	-1.518	0.637	-2.304	normal
-6.408	-6.568	0.866	-11.152	-1.936	-15.866	6.540	-5.728	0.641	-1.043	0.753	0.061	critique
0.162	-0.822	0.391	-0.420	3.266	4.345	0.391	6.824	-4.827	-4.827	0.585	-8.627	normal
-0.502	-1.939	0.662	-1.015	-0.259	-0.703	0.369	-0.167	-1.448	-1.448	0.967	-0.109	normal
-0.162	0.752	0.472	-0.004	-1.194	-1.194	0.494	-1.340	0.059	0.663	0.279	0.330	normal
-0.444	-0.955	0.412	-1.056	1.220	13.612	5.724	8.618	0.373	-1.562	0.914	-0.765	critique
0.180	-1.295	0.588	-1.023	-0.389	-2.407	1.346	-1.077	2.398	2.398	1.290	1.420	normal
0.588	0.588	0.356	-0.006	-13.606	-13.606	5.708	-11.094	-3.647	-3.647	1.433	-3.533	critique
-0.538	-0.956	0.601	-0.093	0.493	8.676	3.894	2.857	-3.795	-4.058	0.812	-6.278	anomalie
3.053	3.778	0.308	6.967	0.098	1.168	0.686	0.109	-0.463	0.988	0.559	0.021	normal
7.489	7.489	2.886	7.318	-0.023	-0.657	0.265	-0.211	0.617	0.682	0.573	0.585	anomalie
-12.763	-12.763	5.519	-10.444	-0.562	-1.555	0.511	-1.733	5.370	5.992	0.297	11.230	critique
-0.727	-0.727	0.199	-0.988	-0.565	0.896	0.595	-0.593	0.366	0.999	0.774	0.825	normal
-0.529	1.734	1.199	0.182	-0.358	0.595	0.456	-0.272	1.243	2.410	0.430	3.525	normal
-7.249	-7.314	1.299	-12.177	0.268	-7.627	3.449	-1.143	0.193	-1.082	0.695	0.427	anomalie
-1.280	-1.280	0.676	-0.854	-4.732	-6.328	0.666	-11.180	4.245	4.319	0.446	7.268	normal
-2.780	-3.199	0.478	-6.246	-0.426	-1.702	1.126	-0.846	1.522	1.522	0.716	1.514	normal
-0.707	-8.976	3.674	-4.829	-1.773	-1.773	1.202	-0.126	0.387	0.729	0.320	0.606	anomalie
0.214	-0.838	0.434	-0.215	0.395	11.668	4.819	3.516	-7.256	-7.256	3.044	-6.114	critique
3.168	3.168	0.694	5.918	6.915	6.915	0.632	12.008	-0.620	-0.867	0.525	-1.187	normal
-3.653	-3.653	0.647	-6.173	-1.141	-3.644	0.917	-4.361	5.836	5.836	0.228	11.396	normal
-1.252	-15.462	6.429	-7.769	3.417	3.417	1.503	2.384	12.759	12.759	5.369	10.848	critique
-0.460	0.846	0.470	0.239	-0.196	-3.314	1.544	0.032	-4.427	-4.976	0.546	-8.486	normal
-0.686	-0.686	0.181	-1.346	0.569	0.986	0.682	0.893	-0.372	-1.233	0.365	-0.884	normal
0.870	12.596	5.459	7.327	1.214	3.701	1.472	3.374	0.214	4.205	1.691	1.587	critique
-2.151	-3.896	0.686	-6.504	0.255	0.289	0.108	1.037	-0.588	1.535	0.770	0.509	normal
2.786	2.786	1.371	2.336	-0.272	1.410	0.706	0.811	0.410	1.411	0.642	0.848	normal
-4.651	-4.983	0.266	-9.601	8.254	8.254	3.544	6.547	-5.106	-5.106	0.596	-8.696	anomalie
-1.098	-4.012	1.679	-1.538	-0.279	1.066	0.615	-0.160	1.099	1.188	0.967	0.203	normal
-0.012	2.264	1.211	0.681	0.103	-1.470	0.980	-0.615	-5.265	-6.419	0.657	-10.839	normal
0.514	-13.116	5.844	-7.249	-0.212	-0.898	0.523	-0.029	-0.998	-0.998	0.447	-1.441	critique
0.609	0.681	0.320	0.736	-6.037	-6.037	0.864	-9.781	0.435	-1.014	0.651	0.719	normal
-0.062	11.068	4.977	3.343	-0.815	-1.345	0.674	-1.217	1.474	1.474	0.781	0.876	critique
-0.421	1.118	0.627	0.800	0.713	0.886	0.572	0.566	1.542	1.542	1.063	0.674	normal
3.079	4.655	0.913	6.562	-4.346	-4.346	0.689	-7.000	-0.321	-14.548	6.422	-6.049	critique
-0.637	1.434	0.758	-0.197	-0.072	-1.121	0.503	-1.168	-2.851	-3.269	0.364	-5.367	normal
-0.045	-1.218	0.460	-1.766	0.680	0.680	0.159	0.897	-3.908	-3.908	0.708	-5.960	normal
-1.181	3.057	1.735	1.053	-5.495	-5.495	0.183	-10.411	-4.067	-5.812	0.641	-9.826	normal
-0.596	-0.819	0.327	-0.980	-3.311	-4.523	0.547	-6.847	1.515	1.515	0.997	0.441	normal
-0.425	0.619	0.390	0.109	-1.080	14.839	6.522	8.199	-0.314	8.841	3.877	3.460	critique
-0.846	-1.808	1.362	0.395	-0.048	7.224	3.095	3.648	7.010	7.010	3.004	5.520	anomalie
1.009	-1.674	0.957	-0.638	-0.095	0.858	0.539	-0.142	-0.611	-1.053	0.395	-1.295	normal
-0.678	-0.678	0.249	-1.195	-0.951	-1.345	0.977	-1.254	4.019	4.251	0.101	7.458	normal
-0.196	-15.782	6.841	-7.505	-3.286	-3.286	1.591	-1.768	4.863	5.499	0.721	8.863	critique
-0.723	-0.919	0.509	-0.845	-0.165	-1.514	0.480	-1.851	-0.738	1.541	0.830	-0.062	normal
-0.549	0.955	0.611	-0.410	4.022	4.022	0.810	6.334	0.290	-11.528	5.142	-4.655	critique
-1.940	-3.133	0.456	-5.098	-0.242	-0.395	0.079	-0.325	4.475	4.475	1.050	7.541	normal
0.722	13.846	5.711	8.702	-4.517	-5.290	0.408	-9.595	0.979	0.979	0.698	0.049	critique
3.247	3.656	0.219	6.599	0.603	1.054	0.757	0.587	4.123	5.076	0.470	8.550	normal
0.175	1.272	0.599	0.391	-3.561	-4.621	0.440	-7.995	-0.803	-0.803	0.468	-0.520	normal
-0.036	-3.716	1.367	-2.367	0.179	-8.106	3.477	-1.870	-4.552	-5.813	0.618	-10.054	anomalie
-12.039	-12.039	5.073	-10.331	-1.001	-1.001	0.524	-0.367	-0.139	-0.836	0.599	-0.166	critique
0.317	-0.636	0.492	0.393	-0.323	1.251	0.667	0.346	0.138	-0.464	0.220	-0.305	normal
0.601	-13.393	5.779	-5.272	0.137	-0.754	0.389	-0.469	-0.749	0.918	0.613	0.008	critique
-0.794	-1.081	0.275	-1.573	0.766	-0.769	0.586	0.043	-2.850	-4.249	0.682	-6.154	normal
0.157	-0.424	0.228	-0.784	0.956	-3.754	1.853	-0.024	4.243	6.048	0.652	9.449	normal
-0.128	0.636	0.343	0.238	6.857	6.857	0.489	12.085	3.860	3.860	1.848	2.309	normal
2.506	2.506	1.368	1.342	0.229	1.138	0.342	0.380	3.016	3.388	0.491	5.502	normal
2.716	3.161	0.556	5.836	-0.832	1.664	1.019	0.904	0.157	-7.333	3.361	-3.801	anomalie
-0.239	-7.616	3.155	-2.717	0.149	1.057	0.486	1.301	-0.503	-7.591	3.166	-2.902	anomalie
0.062	0.371	0.200	0.235	0.427	-1.241	0.704	-0.545	-0.111	-1.101	0.430	-0.996	normal
-2.580	-3.555	0.564	-5.296	-2.869	-2.869	1.277	-2.675	-0.457	4.428	1.870	2.533	normal
11.625	11.625	5.330	8.443	-3.477	-4.843	0.491	-7.872	-1.003	-1.312	0.898	-1.146	critique
4.792	5.403	0.278	9.868	3.735	3.735	0.529	6.342	1.072	1.072	0.683	1.300	normal
-5.115	-5.789	0.366	-9.952	0.959	0.959	0.421	2.015	13.792	13.792	5.364	12.206	critique
-2.255	-2.255	1.116	-2.177	-0.126	1.264	0.497	0.329	-0.232	-1.272	0.886	-0.803	normal
-0.056	0.957	0.360	-0.002	0.337	2.626	0.920	2.501	0.537	8.700	3.614	3.967	anomalie
-0.226	-0.502	0.232	-0.937	5.816	5.816	0.376	11.002	0.993	1.090	0.560	1.432	normal
-2.249	-3.000	0.278	-4.547	-4.586	-5.834	0.589	-10.206	0.147	-0.627	0.307	-0.516	normal
5.735	6.620	0.688	11.073	1.152	-4.367	2.167	-0.558	0.123	0.849	0.324	0.182	normal
-0.371	7.591	3.504	3.784	-2.893	-2.893	1.404	-2.513	-0.974	-0.974	0.717	-0.703	anomalie
6.307	6.307	0.684	11.099	-4.976	-6.244	0.896	-9.939	-3.720	-4.392	0.611	-7.508	normal
-1.132	-1.132	0.643	-0.255	0.101	-1.492	1.019	0.880	5.933	7.582	0.876	11.852	normal
-0.115	-1.206	0.676	0.206	1.846	1.846	0.650	2.071	0.052	8.953	3.875	1.714	anomalie
-1.010	-1.322	0.508	-1.157	-4.616	-5.517	0.482	-9.523	-0.219	-1.031	0.655	-1.067	normal
-8.125	-8.125	3.636	-6.626	-1.817	-2.488	0.251	-4.023	0.828	1.419	0.565	1.163	anomalie
1.755	-13.325	6.088	-4.496	7.559	7.559	3.716	5.069	-0.387	-7.203	3.143	-3.968	critique
-0.122	-1.437	0.941	-0.645	4.146	4.146	0.242	8.153	0.968	0.968	0.585	1.134	normal
-0.527	-1.185	0.833	-0.589	-3.307	-3.583	0.561	-5.274	-0.245	13.152	5.864	4.522	critique
-8.003	-8.003	3.653	-6.057	-1.171	-1.171	0.726	-0.759	2.502	4.285	0.813	6.239	anomalie
-2.340	-3.683	0.538	-5.975	0.528	1.241	0.395	1.588	1.705	-14.339	6.566	-7.503	critique
4.612	4.612	0.657	7.975	-6.202	-6.202	0.506	-11.180	0.227	-2.205	0.936	-1.661	normal
-0.738	1.359	0.775	0.532	3.385	3.385	1.826	2.250	0.764	0.849	0.289	1.198	normal
4.245	5.729	0.547	10.286	1.127	1.127	0.372	1.543	0.632	-1.281	0.845	0.328	normal
-0.217	-8.248	3.229	-6.304	6.437	7.428	0.650	13.406	0.630	0.630	0.451	0.479	anomalie
0.450	7.275	2.945	4.639	-0.048	0.978	0.461	0.217	0.739	1.838	0.471	2.053	anomalie
0.056	-7.054	3.113	-4.350	-3.178	-3.178	0.815	-4.178	4.899	5.407	0.396	9.256	anomalie
-4.279	-4.322	0.152	-8.246	3.775	3.775	0.260	6.689	0.324	-1.349	0.760	-0.010	normal
-0.143	0.463	0.305	-0.006	-0.032	1.057	0.492	0.574	-0.057	14.011	6.257	1.880	critique
0.811	7.642	3.184	5.022	-2.848	-4.855	1.138	-7.447	0.732	1.526	1.066	0.230	anomalie
2.923	2.923	1.363	2.142	-0.578	-0.768	0.254	-0.976	5.202	6.441	0.460	11.644	normal
-5.885	-5.885	0.500	-11.512	1.144	1.144	0.640	1.168	0.204	-1.437	0.742	-0.909	normal
0.032	-0.813	0.317	-0.773	0.326	-1.322	0.684	-0.405	0.750	0.750	0.569	-0.008	normal
-0.902	-0.902	0.602	-0.725	1.804	1.804	0.814	1.368	-0.219	0.775	0.376	0.898	normal
0.369	-1.401	0.636	-0.496	0.297	8.902	3.583	5.795	0.298	0.635	0.400	0.349	anomalie
4.938	4.938	2.331	2.980	4.270	4.270	0.460	7.542	0.451	0.451	0.315	-0.021	normal
-1.097	-1.097	0.781	-0.316	-0.313	-1.133	0.759	-0.347	-0.899	-0.899	0.331	-1.046	normal
-0.579	15.569	6.724	5.799	-0.035	1.097	0.746	-0.410	0.722	-0.905	0.801	0.460	critique
0.589	0.860	0.316	0.820	-0.097	-0.951	0.417	-0.737	-4.577	-5.142	0.274	-8.929	normal
-2.838	-2.838	0.404	-4.340	0.212	1.163	0.426	0.239	-0.284	-0.603	0.278	-0.841	normal
0.674	0.674	0.294	0.705	-4.694	-4.694	0.750	-7.411	0.305	0.764	0.459	0.331	normal
-0.652	1.251	0.738	-0.245	-2.410	-4.449	0.773	-7.076	-15.478	-15.478	6.747	-12.528	critique
0.521	0.524	0.459	0.876	0.170	-0.549	0.294	-0.585	0.172	1.120	0.351	0.534	normal
3.842	4.091	0.353	7.757	0.353	1.147	0.553	0.621	0.853	1.040	0.833	1.090	normal
0.465	-1.032	0.576	0.582	4.432	5.193	0.369	8.214	0.190	-14.996	6.433	-3.854	critique
0.969	-7.379	3.345	-4.179	-1.008	-1.008	0.584	-1.066	-4.482	-4.482	0.562	-8.060	anomalie
-3.017	-3.017	1.370	-2.269	2.467	2.467	1.507	1.359	2.255	3.118	0.334	5.329	normal
3.299	3.299	1.333	3.223	-3.203	-4.901	0.635	-7.228	1.003	7.288	2.932	4.247	anomalie
1.687	3.203	0.880	4.210	-0.694	0.815	0.559	0.099	0.025	1.838	0.809	0.919	normal
12.416	12.416	5.685	8.673	0.631	1.121	0.412	1.480	5.253	5.253	0.909	9.186	critique
0.307	-8.655	3.940	-5.052	-0.821	1.004	0.662	0.135	1.645	-13.664	6.106	-2.129	critique
0.358	-1.055	0.572	0.167	-0.307	-0.577	0.185	-0.114	5.167	5.167	0.610	9.013	normal
0.290	-8.640	3.914	-1.785	-0.585	8.748	4.046	-0.079	0.695	-7.260	3.306	-2.490	anomalie
4.733	5.415	0.605	9.983	0.490	-1.180	0.598	-0.779	0.347	-0.863	0.574	-0.246	normal
0.926	-4.105	1.944	-1.228	0.484	0.914	0.627	-0.132	1.767	3.878	0.821	4.986	normal
0.708	0.814	0.421	1.062	-0.183	-7.175	3.096	-4.292	3.692	3.858	0.270	7.527	anomalie
-2.423	-3.563	0.686	-5.225	3.694	4.711	0.599	7.304	0.135	4.932	2.162	0.964	normal
0.903	0.903	0.426	1.128	0.120	0.780	0.327	0.321	-0.160	-0.856	0.353	-0.437	normal
4.316	6.134	0.656	9.982	-4.567	-4.844	0.549	-8.064	0.163	0.997	0.500	0.283	normal
0.257	1.305	0.616	0.985	-0.727	0.971	0.646	0.113	0.322	0.698	0.254	1.307	normal
4.764	5.967	0.432	10.090	0.036	-0.348	0.209	0.256	0.450	1.358	0.966	-0.643	normal
0.165	-1.269	0.576	-0.040	-0.510	-0.914	0.708	-0.755	0.352	-0.599	0.377	-0.138	normal
0.460	-0.496	0.340	0.134	0.260	-14.229	6.166	-5.484	4.194	4.681	0.998	7.761	critique
-1.208	-1.208	0.570	-0.599	-0.547	0.990	0.623	1.075	0.164	-0.711	0.509	0.571	normal
0.412	0.983	0.556	0.786	1.190	1.190	0.822	0.139	6.544	6.544	0.793	11.749	normal
0.101	1.333	0.736	-0.073	2.237	2.347	0.161	4.360	0.502	1.241	0.361	1.424	normal
0.582	-1.315	0.708	0.016	-1.009	-13.858	5.901	-6.568	0.671	8.966	3.696	6.517	critique
0.999	0.999	0.578	0.499	15.267	15.267	6.932	10.553	0.691	-11.267	4.984	-2.029	critique
-0.471	-0.471	0.263	-0.144	0.586	-1.024	0.699	0.405	12.227	12.227	5.310	9.199	critique
1.315	1.315	0.603	1.096	-0.497	0.835	0.543	-0.103	-2.096	-3.645	0.715	-5.196	normal
1.008	-15.853	6.946	-2.750	4.114	4.169	0.492	7.412	0.812	1.564	0.895	1.447	critique
0.453	-1.517	0.756	0.131	-1.134	-7.704	3.319	-4.297	-0.350	-0.571	0.454	-0.006	anomalie
-0.221	0.370	0.231	0.164	0.326	-1.083	0.538	0.008	3.540	3.561	0.238	6.999	normal
0.195	0.847	0.350	-0.062	5.882	6.329	0.267	12.367	0.601	-0.724	0.527	-0.285	normal
-0.613	0.832	0.589	0.306	-0.577	-1.179	0.532	-0.590	0.902	-7.630	3.536	-2.343	anomalie
0.486	15.008	6.469	3.189	-0.162	-0.452	0.145	-0.143	-2.715	-2.762	0.063	-5.401	critique
0.246	8.693	3.601	5.738	0.509	-0.601	0.437	0.532	-0.538	9.053	3.998	3.193	anomalie
-0.658	1.089	0.682	-0.760	1.040	-7.486	3.491	-0.508	-0.419	4.742	2.178	2.475	anomalie
-0.216	-0.714	0.503	-0.709	-0.211	0.667	0.468	0.502	-0.757	7.901	3.576	0.938	anomalie
1.769	1.769	0.743	1.820	5.349	5.717	0.424	10.660	0.053	-7.413	3.057	-4.945	anomalie
0.518	-1.207	0.671	-0.346	0.235	1.003	0.751	-0.022	3.763	3.763	0.525	6.024	normal
0.790	-8.001	3.761	-0.721	0.318	-1.153	0.547	-0.508	-0.092	8.607	3.942	4.453	anomalie
4.112	4.112	0.226	7.625	0.595	7.389	2.963	5.103	0.779	-1.508	0.989	0.088	anomalie
4.355	6.158	0.640	9.769	0.858	1.956	1.021	2.142	-0.514	0.607	0.406	-0.734	normal
-1.674	-1.674	0.616	-1.907	0.489	1.049	0.558	0.625	8.368	8.368	3.314	7.799	anomalie
0.355	1.626	0.699	0.651	-0.990	-1.293	0.293	-2.099	1.157	-1.549	1.005	-0.113	normal
3.429	4.060	0.369	6.728	-4.981	-5.057	0.537	-9.649	2.807	2.807	0.513	4.383	normal
0.008	1.030	0.448	1.081	0.876	-4.677	2.282	-1.690	0.445	0.601	0.405	0.660	normal
4.339	5.373	0.668	8.430	-0.218	0.655	0.367	-0.759	-5.521	-6.041	0.379	-10.721	normal
-5.569	-5.569	0.296	-10.645	-1.455	-1.455	0.928	-0.787	-4.541	-4.541	1.943	-4.130	normal
1.100	1.100	0.388	1.480	-0.229	-0.518	0.160	-0.316	-1.526	-1.526	0.503	-2.250	normal
0.466	-0.837	0.550	-0.139	2.977	4.703	0.934	6.976	0.676	0.869	0.304	1.156	normal
0.487	-3.835	1.634	-0.927	3.350	3.350	0.677	5.386	-4.910	-4.910	0.622	-8.200	normal
2.643	3.570	0.345	6.040	-0.087	3.176	1.284	2.062	-0.142	0.650	0.427	0.086	normal
-0.227	8.632	3.860	2.341	0.455	-1.379	0.669	-0.832	0.817	0.817	0.469	1.097	anomalie
-5.323	-5.323	0.134	-9.886	3.162	3.799	0.416	6.740	1.087	1.087	0.497	1.614	normal
-5.898	-5.898	1.082	-9.305	0.255	3.130	1.550	1.838	0.288	-0.948	0.511	-0.464	normal
0.877	-1.673	0.976	-0.299	0.621	0.848	0.408	1.578	1.307	4.112	0.992	4.743	normal
0.032	8.158	3.604	3.137	1.289	1.289	0.653	0.932	4.185	4.701	0.270	9.176	anomalie
4.720	6.730	0.811	11.096	0.416	0.961	0.290	0.783	-0.469	-7.244	3.341	-1.256	anomalie
-0.081	-13.459	5.652	-9.251	2.237	4.162	0.811	5.991	-5.322	-6.096	0.540	-10.453	critique
-0.499	1.265	0.695	0.615	-0.468	1.027	0.590	0.600	4.017	4.879	0.447	8.511	normal
-0.172	-1.389	0.547	-0.707	1.469	1.469	0.636	1.752	2.431	2.431	0.787	3.599	normal
0.652	0.751	0.438	0.560	0.557	-1.151	0.684	-0.159	3.707	3.707	0.707	6.496	normal
-3.716	-3.716	1.997	-2.504	-0.777	1.700	0.939	0.249	1.335	1.335	0.660	1.981	normal
0.678	0.678	0.410	0.510	-15.977	-15.977	7.153	-12.290	-0.452	-0.452	0.176	-0.805	critique
-0.392	-7.388	3.224	-3.762	1.637	1.702	1.054	2.099	6.867	6.911	0.700	11.911	anomalie
-3.073	-4.799	1.304	-5.527	-0.594	-1.821	0.640	-1.209	1.482	1.482	1.061	0.952	normal
0.601	-1.262	0.678	-0.724	5.392	6.120	0.566	10.527	4.951	6.205	0.498	11.424	normal
-2.784	-3.127	0.521	-5.330	0.171	-1.367	0.764	-0.345	-0.311	-0.624	0.149	-0.612	normal
4.500	5.415	0.477	9.183	0.875	0.991	0.620	1.098	0.656	-1.078	0.662	-0.386	normal
-3.980	-6.090	0.764	-9.560	2.780	3.181	0.597	5.177	-0.676	-1.577	0.509	-1.247	normal
-0.360	11.396	4.887	2.502	-0.176	13.780	5.852	5.528	0.400	-0.872	0.594	0.082	critique
-0.032	0.912	0.339	0.752	0.442	1.084	0.826	1.166	3.630	3.630	1.689	3.428	normal
1.684	2.579	1.261	1.345	-0.133	0.873	0.507	0.140	0.751	-1.421	0.785	-0.251	normal
2.001	2.001	0.192	3.410	5.511	5.511	0.338	9.973	-1.127	-1.127	0.351	-0.911	normal
0.742	0.742	0.308	0.915	-1.959	-1.959	1.091	-1.995	-0.569	-1.256	0.394	-1.665	normal
-0.304	-1.294	0.874	-0.876	0.516	0.769	0.305	0.933	5.066	5.145	0.717	9.081	normal
-0.388	-0.388	0.304	0.173	0.409	0.409	0.277	0.015	-0.299	1.169	0.522	0.630	normal
-0.345	-0.387	0.127	-0.549	0.079	-0.565	0.395	0.231	4.146	4.146	2.032	2.613	normal
-1.701	8.266	3.950	1.501	-0.611	0.783	0.500	-0.704	0.350	1.987	1.092	1.179	anomalie
-0.034	-1.263	0.675	-0.456	-0.393	-1.618	0.699	-1.235	-4.122	-5.126	0.513	-9.010	normal
-3.117	-4.127	0.538	-6.916	8.066	8.066	3.146	7.166	-0.269	-1.005	0.687	-0.116	anomalie
0.241	-3.956	1.790	-2.224	-3.568	-3.568	1.563	-3.137	0.705	1.259	0.592	0.667	normal
0.418	4.346	1.818	1.944	-4.199	-4.199	1.578	-4.096	-5.203	-5.237	0.500	-9.449	normal
-0.967	-0.967	0.365	-1.341	0.683	7.855	3.367	1.276	4.722	5.109	0.142	9.779	anomalie
-0.073	0.188	0.114	-0.206	1.533	2.633	0.392	4.171	3.191	3.191	0.345	5.603	normal
5.480	6.128	0.283	11.300	1.735	2.597	0.370	4.229	2.150	2.869	0.834	3.784	normal
-0.239	1.288	0.621	-0.177	-4.518	-5.372	0.494	-9.139	2.177	2.177	0.373	3.841	normal
-0.144	3.539	1.520	1.333	1.552	2.233	0.406	3.142	3.459	3.459	0.578	5.609	normal
1.680	-1.688	1.244	0.082	0.362	-1.118	0.706	0.905	-3.696	-3.696	1.745	-2.433	normal
1.357	1.933	0.298	3.240	2.019	2.960	0.384	4.948	0.551	0.551	0.291	0.803	normal
-8.013	-8.013	3.509	-5.941	-0.331	-7.006	3.317	-0.767	1.718	2.708	1.176	2.766	anomalie
3.433	3.831	0.502	6.332	0.568	7.295	3.092	4.319	-1.204	-1.204	0.812	0.024	anomalie
-0.001	-4.561	1.954	-3.297	-0.466	1.770	0.913	-0.052	5.998	5.998	0.685	11.553	normal
0.772	0.772	0.215	1.481	2.332	2.332	1.064	2.645	1.034	3.581	0.933	4.024	normal
-2.438	-2.630	0.149	-5.059	-0.941	-0.941	0.663	-0.448	0.116	0.977	0.610	0.022	normal
5.461	6.141	0.258	11.086	1.135	-1.145	0.819	0.141	4.466	4.466	0.742	6.793	normal
0.308	-14.013	6.027	-9.371	4.701	5.552	0.430	9.681	1.209	1.209	0.398	1.608	critique
0.249	13.028	5.560	7.230	0.948	11.202	4.595	2.821	-1.095	-1.181	0.527	-1.327	critique
2.897	2.897	1.245	3.073	-0.845	-0.845	0.388	-0.603	1.445	1.445	0.657	1.214	normal
0.797	-12.719	5.750	-7.362	-0.644	1.183	0.658	0.536	0.574	15.627	6.559	9.287	critique
0.608	1.132	0.572	0.217	6.150	6.437	0.164	12.271	5.529	5.529	0.732	10.224	normal
-0.471	-13.237	5.709	-3.549	-4.765	-6.274	0.620	-11.101	-3.000	-3.000	0.578	-5.522	critique
-15.039	-15.039	6.705	-11.738	0.393	0.471	0.355	0.120	-6.529	-7.155	1.249	-11.865	critique
-1.051	1.567	0.970	-0.959	5.792	7.215	0.748	11.814	-0.350	-4.106	1.955	-2.554	normal
3.674	4.280	0.365	7.373	1.077	1.077	0.723	0.278	-1.209	-1.209	0.670	-0.799	normal
-0.385	1.137	0.545	0.017	12.225	12.225	5.289	9.559	-0.314	0.895	0.483	0.941	critique
-4.212	-4.212	0.862	-6.820	-0.507	0.708	0.500	-0.556	0.700	0.700	0.331	1.026	normal
0.633	0.633	0.464	0.560	3.235	4.187	0.595	6.328	-3.777	-3.777	0.429	-6.643	normal
0.339	-1.734	0.747	-0.949	-0.276	3.743	1.554	1.124	1.166	1.241	0.489	1.888	normal
0.630	-1.781	1.173	-0.676	-5.620	-5.834	0.112	-11.374	0.506	0.506	0.360	0.966	normal
0.146	-8.472	3.706	-3.862	2.090	3.571	0.668	5.176	-0.189	1.551	0.656	1.220	anomalie
4.432	5.799	0.497	9.791	-0.536	0.997	0.650	0.056	0.422	-0.529	0.402	0.681	normal
6.932	6.932	0.631	11.887	12.545	12.545	5.640	9.063	-0.312	0.934	0.545	0.138	critique
-5.639	-5.639	1.188	-8.807	-0.411	-0.779	0.327	-0.385	1.246	-1.532	1.211	0.473	normal
-6.838	-6.838	0.763	-11.774	-0.760	-0.880	0.213	-1.878	1.982	4.223	0.887	6.210	normal
0.348	0.946	0.302	0.795	-0.240	-1.093	0.623	-0.414	-0.069	-8.431	3.423	-2.591	anomalie
1.398	1.398	0.825	0.756	0.010	1.355	0.478	0.959	-1.034	-1.034	0.422	-1.006	normal
0.031	-0.970	0.557	-0.233	-0.985	1.208	0.845	-0.691	0.581	13.972	6.168	8.021	critique
-0.670	1.840	0.949	0.202	0.729	0.729	0.354	0.877	-0.458	8.802	3.679	2.277	anomalie
-5.302	-5.302	0.407	-10.031	-0.989	-0.989	0.520	-0.552	-0.518	-13.281	5.384	-7.096	critique
-0.228	-0.599	0.262	-0.731	0.433	2.182	0.939	0.640	4.612	4.612	0.957	7.839	normal
-5.332	-5.332	0.481	-9.344	-0.098	0.689	0.351	0.106	-1.704	-1.704	0.800	-0.877	normal
0.309	1.663	0.795	1.364	1.696	2.092	0.160	3.163	5.338	6.132	0.306	10.897	normal
0.183	-1.036	0.554	-0.129	0.114	1.405	0.508	1.765	0.304	-1.095	0.748	0.715	normal
-2.972	-4.457	0.901	-5.827	3.986	3.986	1.569	3.633	-0.257	1.312	0.607	0.938	normal
-0.325	-1.632	1.123	0.119	7.998	7.998	3.615	5.893	-0.898	-0.898	0.508	-1.102	anomalie
0.707	0.707	0.464	0.476	-0.127	0.875	0.558	-0.062	0.702	0.882	0.473	1.477	normal
4.686	4.686	2.121	3.594	0.392	14.245	6.201	2.262	0.450	0.450	0.358	-0.011	critique
4.940	7.287	0.995	11.373	-0.519	-1.674	0.940	-1.364	-0.155	0.657	0.314	0.207	normal
4.057	4.646	0.231	8.289	1.518	1.518	0.526	2.036	0.924	-2.721	1.414	-0.419	normal
0.073	1.131	0.498	0.906	0.629	1.276	0.631	1.975	0.148	-1.320	0.866	-0.643	normal
0.196	11.350	4.776	4.581	1.204	1.204	0.819	0.990	-0.457	0.872	0.473	0.613	critique
6.021	6.559	0.655	11.268	-0.448	-1.365	0.588	-0.633	2.005	2.826	0.435	4.420	normal
0.339	0.948	0.578	0.227	-0.919	1.049	0.770	-0.141	-0.416	-0.931	0.408	-1.647	normal
0.310	0.808	0.315	0.330	0.639	-14.168	6.133	-6.413	-0.108	-1.175	0.630	-0.198	critique
-2.174	-2.461	0.245	-4.118	4.042	4.268	0.089	8.314	1.571	1.571	0.724	1.131	normal
4.546	5.102	0.399	9.069	0.770	7.597	3.608	2.344	0.145	0.478	0.348	0.644	anomalie
-0.126	-0.921	0.539	0.379	-0.302	-12.186	5.588	-7.049	-0.348	-0.497	0.305	-0.286	critique
0.697	0.801	0.466	0.035	0.166	1.431	0.901	-0.287	2.238	3.600	0.550	6.697	normal
3.844	3.844	0.225	7.190	0.043	-3.544	1.657	-2.123	4.912	6.116	0.552	10.709	normal
0.634	3.871	1.610	2.009	-4.773	-6.207	0.577	-10.996	1.329	-3.884	1.967	-0.106	normal
1.722	4.086	0.916	4.498	-0.347	-0.544	0.233	-0.630	4.049	5.207	0.418	8.578	normal
-1.019	-1.028	0.223	-1.261	-0.713	1.107	0.748	-0.862	-5.916	-6.636	0.521	-12.175	normal
-0.818	0.929	0.624	-0.495	4.808	5.029	1.065	7.728	-2.759	-4.964	0.814	-7.538	normal
-0.171	-1.071	0.630	-0.094	0.603	0.603	0.452	0.246	3.522	4.352	0.450	7.689	normal
-1.795	-1.795	0.853	-1.257	4.288	4.288	0.058	8.839	7.556	7.556	3.172	6.535	anomalie
-0.209	-5.061	2.490	-2.997	0.011	0.770	0.414	-0.054	0.504	-1.404	0.704	-0.376	normal
1.218	2.803	0.880	4.231	0.055	0.717	0.511	-0.329	-4.657	-4.657	2.106	-3.692	normal
-0.196	-4.514	1.856	-3.465	-1.255	-1.255	0.548	-1.750	-1.078	-1.078	0.614	-1.538	normal
0.637	0.637	0.447	0.135	-1.204	-1.204	0.779	-1.178	0.376	7.693	3.335	1.236	anomalie
2.774	2.774	1.222	1.858	-0.233	0.740	0.401	0.312	-3.330	-3.745	0.166	-6.229	normal
0.751	1.600	0.503	1.797	-0.783	1.606	0.972	0.030	-4.900	-5.652	0.285	-10.792	normal
0.970	-4.421	2.210	0.281	-1.652	4.288	2.259	0.992	0.018	2.032	1.163	1.345	normal
-0.083	0.837	0.344	0.300	0.610	1.066	0.726	-0.091	-3.627	-3.933	0.342	-7.056	normal
0.392	14.634	6.250	2.906	0.508	0.961	0.302	1.512	5.441	6.030	0.329	11.077	critique
-0.474	15.530	6.910	7.755	2.467	3.309	0.501	5.036	0.598	0.762	0.603	0.302	critique
0.887	0.887	0.503	0.924	-0.032	-1.249	0.724	0.054	0.912	2.697	0.672	3.240	normal
0.811	1.389	0.635	0.529	-0.278	0.878	0.712	-0.393	0.207	-4.369	1.946	-0.919	normal
-0.126	1.724	0.698	1.372	1.412	1.412	0.698	1.193	-0.300	1.357	0.707	0.083	normal
2.542	5.271	1.114	6.385	0.145	-1.387	0.656	-0.156	-0.220	7.358	3.113	4.351	anomalie
-0.143	7.397	3.086	3.239	1.025	1.025	0.570	0.551	-5.183	-5.183	0.722	-9.343	anomalie
-12.335	-12.335	5.381	-10.323	-0.671	-7.634	2.976	-5.520	-0.415	-1.697	0.632	-0.958	critique
-3.592	-3.592	1.747	-2.228	1.152	7.125	2.723	4.198	-2.963	-3.486	0.405	-6.778	anomalie
0.483	0.824	0.367	0.649	0.342	8.569	3.728	5.738	0.346	-0.809	0.472	0.315	anomalie
0.560	-7.854	3.391	-1.415	-0.575	-1.687	0.879	-1.369	0.647	8.854	3.881	5.985	anomalie
0.686	0.686	0.370	0.910	-0.024	-1.931	0.940	-0.448	2.451	2.696	0.734	4.030	normal
-0.569	-0.833	0.256	-0.680	-0.400	1.175	0.590	0.098	5.989	5.989	1.219	9.697	normal
0.901	0.901	0.488	0.760	-8.349	-8.349	3.778	-7.110	0.041	0.750	0.252	0.862	anomalie
0.401	-1.337	0.697	-1.122	-0.286	-0.742	0.516	-0.392	5.569	5.596	0.146	10.696	normal
-0.191	1.433	0.609	0.142	2.429	2.772	0.305	5.313	-3.690	-4.313	0.431	-7.453	normal
-0.510	-3.086	1.684	-0.108	-0.112	0.530	0.332	-0.086	-5.686	-7.512	0.667	-12.895	normal
-0.405	-2.078	0.831	-1.351	2.324	2.324	0.881	2.550	3.956	5.119	0.420	8.752	normal
5.454	6.902	0.720	10.546	2.746	4.648	0.914	5.598	5.565	6.422	0.667	10.702	normal
13.718	13.718	6.140	10.065	0.809	0.809	0.190	1.006	0.592	0.592	0.472	0.413	critique
-0.493	-7.783	3.289	-3.850	0.033	1.211	0.622	0.454	8.415	8.415	3.720	6.448	anomalie
0.233	12.996	5.785	2.175	-2.195	-2.356	0.423	-3.532	-0.009	1.712	0.720	0.986	critique
0.927	0.927	0.429	1.032	-0.414	-0.870	0.619	-0.531	-4.678	-5.064	0.471	-9.224	normal
5.590	5.590	0.490	10.420	0.384	-0.960	0.534	0.059	0.480	1.364	0.660	1.788	normal
0.258	0.394	0.259	-0.201	-4.121	-5.887	0.795	-8.902	2.924	2.924	1.019	4.927	normal
-0.254	0.783	0.498	-0.274	-0.694	11.460	5.202	3.874	-0.473	1.283	0.869	-0.214	critique
-0.994	-4.299	1.685	-1.994	-0.643	0.987	0.689	0.273	0.020	-7.378	3.196	-3.048	anomalie
-0.992	-0.992	0.520	-1.589	-0.265	3.265	1.697	1.027	0.746	0.746	0.268	0.607	normal
-0.221	-4.218	1.895	-1.134	0.824	0.824	0.495	0.685	-14.528	-14.528	6.406	-11.615	critique
1.029	-1.238	0.884	0.404	3.158	4.763	0.809	6.431	-0.346	1.014	0.527	0.109	normal
-3.360	-5.741	0.912	-8.503	-0.664	0.685	0.478	-0.975	-3.044	-4.190	0.587	-6.776	normal
-8.645	-8.645	3.815	-6.759	-4.745	-6.099	0.675	-10.572	0.603	-1.378	0.924	-0.600	anomalie
-3.061	-5.177	0.767	-8.357	1.370	2.996	0.621	4.365	-0.623	0.850	0.692	-1.264	normal
3.182	3.316	0.819	5.350	-5.830	-5.830	0.423	-10.592	-4.378	-5.404	0.526	-9.306	normal
-1.724	-1.724	0.967	-1.265	0.351	-1.105	0.539	-0.850	0.393	-0.811	0.460	0.486	normal
-0.902	-0.902	0.447	-1.011	-3.805	-4.501	0.340	-8.052	-0.389	8.623	3.774	2.782	anomalie
-0.974	-6.962	2.892	-5.240	-1.863	-1.863	0.883	-1.412	-6.269	-6.270	0.844	-11.230	anomalie
-2.580	-2.580	1.134	-2.379	5.486	5.996	0.485	11.126	0.742	0.742	0.142	1.530	normal
-2.976	-3.488	0.208	-6.471	0.293	-1.181	0.697	0.122	-0.763	-1.076	0.157	-1.639	normal
0.318	0.651	0.427	0.156	-0.365	-0.365	0.277	-0.167	8.872	8.872	3.724	7.350	anomalie
-2.348	-2.860	0.966	-3.838	-0.473	-1.450	0.532	-0.703	-0.599	1.516	0.762	0.654	normal
-2.241	-2.241	1.061	-1.737	-0.301	1.523	0.887	0.921	-0.205	-0.910	0.572	-0.748	normal
0.071	-0.697	0.452	0.197	-1.100	-1.100	0.662	-0.423	-0.096	-0.700	0.475	0.124	normal
-0.691	-0.959	0.308	-1.641	-0.914	-0.914	0.601	-0.896	-8.437	-8.437	3.834	-6.288	anomalie
-0.753	-0.963	0.526	-0.807	0.950	1.323	0.640	1.010	-0.484	13.174	5.785	4.260	critique
-0.836	2.531	1.250	1.091	-0.154	1.235	0.730	0.060	-0.262	-0.824	0.502	-0.426	normal
-0.282	3.497	1.559	0.839	-0.033	7.873	3.550	2.493	3.685	3.685	0.622	5.866	anomalie
-1.666	-1.666	0.938	-0.796	2.772	4.074	0.479	6.553	-4.578	-4.578	0.529	-8.232	normal
-1.413	-1.413	0.842	-0.927	5.773	5.773	0.939	9.236	-0.494	7.800	3.692	1.633	anomalie
5.653	5.653	0.260	10.577	-0.055	-0.464	0.242	-0.266	1.226	1.284	1.037	0.844	normal
-0.894	8.059	3.725	0.366	0.585	4.141	1.524	2.651	-0.704	1.125	0.740	0.273	anomalie
5.381	7.080	0.826	11.793	-0.120	1.036	0.491	0.302	-3.638	-3.638	0.349	-6.842	normal
-7.078	-7.078	3.185	-5.893	-0.164	3.141	1.668	1.437	4.163	5.418	0.474	8.745	anomalie
-2.806	-2.806	0.257	-5.210	-3.083	-3.083	0.390	-4.874	-0.557	14.783	6.757	1.446	critique
0.118	14.161	6.100	5.302	-0.364	-0.982	0.343	-0.875	0.206	-1.268	0.937	-0.785	critique
2.810	2.810	1.482	2.085	0.368	-0.538	0.411	0.205	-0.299	-7.475	3.268	-1.830	anomalie
-0.454	-0.454	0.312	0.404	0.005	0.732	0.319	0.464	-0.343	-7.124	3.269	-4.387	anomalie
-0.231	-0.952	0.286	-0.657	14.564	14.564	6.376	11.188	-1.739	-4.554	1.032	-5.068	critique
15.573	15.573	6.739	12.094	1.676	2.895	0.925	3.883	4.783	5.738	0.493	10.294	critique
4.372	6.717	0.847	10.153	5.049	5.722	0.886	8.790	-4.344	-4.743	0.328	-8.741	normal
3.821	3.821	0.567	5.569	0.345	-1.024	0.771	-0.268	-2.685	-4.483	0.855	-6.323	normal
-0.208	1.735	0.866	-0.102	0.057	-8.819	3.531	-5.292	2.751	2.864	0.247	5.192	anomalie
3.640	5.286	1.146	7.181	-0.402	-0.971	0.209	-1.232	0.177	-12.892	5.514	-6.301	critique
0.423	-1.789	0.904	-0.785	4.043	5.773	0.888	9.026	-0.622	0.723	0.568	-0.617	normal
-2.053	-4.347	0.892	-5.843	-0.561	-0.561	0.207	-0.725	-0.437	-0.437	0.147	-0.417	normal
0.814	13.543	5.550	3.889	0.328	4.350	1.608	3.429	6.197	6.444	0.637	11.698	critique
-1.433	-2.465	0.821	-1.978	2.744	3.864	0.414	6.508	-5.860	-6.605	0.830	-11.169	normal
7.218	7.218	3.187	5.302	-0.416	2.610	1.194	1.651	-1.506	-2.135	0.596	-2.621	anomalie
7.581	7.581	3.453	5.320	0.793	0.793	0.465	0.583	-5.194	-5.563	0.328	-10.141	anomalie
3.766	3.946	0.136	7.663	-5.986	-5.986	0.400	-11.037	0.607	0.607	0.390	0.231	normal
3.317	3.317	0.442	5.645	0.655	-7.363	3.420	-2.298	0.495	0.495	0.263	0.142	anomalie
13.531	13.531	5.632	10.906	-0.425	0.659	0.489	-1.085	-0.662	-1.554	0.690	-1.073	critique
0.115	1.450	0.703	0.124	12.665	12.665	5.398	10.311	0.031	-0.909	0.508	-0.488	critique
-6.624	-8.125	1.127	-13.475	1.508	1.508	0.601	1.451	1.691	1.691	0.864	0.968	normal
-8.086	-8.086	3.599	-6.694	-4.240	-4.950	0.270	-8.856	14.816	14.816	6.279	12.479	critique
0.661	-1.135	0.652	0.043	-0.245	-0.892	0.532	-0.442	0.221	0.221	0.121	0.009	normal
0.889	2.148	1.344	1.605	-0.187	-0.397	0.196	0.151	1.025	1.630	0.671	1.542	normal
-1.390	-3.900	0.930	-5.167	4.247	4.924	0.504	8.501	-1.621	-1.621	0.900	-0.828	normal
-1.169	8.838	4.023	4.113	0.249	-1.309	0.793	0.670	-0.231	-1.192	0.600	-0.980	anomalie
0.354	-8.316	3.541	-3.890	1.036	4.634	2.481	1.256	0.152	-0.902	0.602	0.279	anomalie
-0.750	-0.750	0.406	-0.825	-2.388	-3.432	0.417	-5.701	1.154	11.442	4.690	5.308	critique
-0.672	0.854	0.544	0.162	0.732	-10.988	4.906	-6.026	4.583	4.835	0.430	8.979	critique
-0.854	8.703	3.763	1.357	-0.099	-0.882	0.568	-0.019	0.246	0.500	0.238	0.213	anomalie
-0.728	0.934	0.694	-0.130	0.932	0.932	0.567	0.110	-0.025	0.692	0.528	0.115	normal
4.137	4.295	0.285	7.641	-4.959	-7.046	0.819	-12.535	-0.591	-0.591	0.385	-0.459	normal
-0.907	-4.428	1.981	-2.858	1.523	1.523	0.630	1.497	1.231	1.231	0.572	1.645	normal
0.716	-4.181	2.165	-1.775	-0.822	4.050	2.029	0.972	0.631	-13.758	5.947	-5.675	critique
0.185	8.935	4.075	1.168	0.068	8.655	3.649	5.268	-5.225	-5.549	0.370	-10.106	anomalie
2.126	2.262	0.253	3.989	0.806	0.806	0.471	-0.014	0.814	-1.090	0.752	1.356	normal
0.957	11.482	4.803	7.944	-0.384	-8.084	3.340	-4.411	-3.400	-5.353	1.211	-6.605	critique
0.924	0.924	0.505	0.850	-1.074	-1.074	0.584	-0.917	-0.413	0.540	0.375	-0.496	normal
-0.953	1.037	0.759	-0.316	-0.916	-0.916	0.579	-0.472	1.073	-11.828	5.336	-3.718	critique
0.464	-3.029	1.523	-0.977	-3.942	-3.942	1.046	-5.915	2.789	2.789	0.488	5.329	normal
-0.057	0.508	0.381	-0.721	0.760	0.760	0.425	0.621	0.764	0.889	0.575	0.456	normal
4.823	4.823	2.332	2.944	-6.478	-7.372	0.534	-12.887	3.523	4.707	0.657	7.671	normal
0.480	-3.737	1.585	-2.235	-2.646	-2.646	0.333	-5.285	-4.205	-4.205	1.877	-3.354	normal
0.172	-0.897	0.454	-0.305	-0.003	-1.222	0.555	-0.019	6.076	6.076	0.659	12.159	normal
4.773	6.294	0.786	11.287	0.830	-2.252	1.187	-0.338	3.885	6.335	0.885	10.002	normal
-11.816	-11.816	5.005	-9.886	-0.025	-0.827	0.378	-0.659	-1.114	-1.114	0.624	-1.095	critique
0.268	-0.986	0.569	0.382	0.131	9.069	4.034	1.656	0.140	0.714	0.312	0.253	anomalie
4.274	4.274	1.782	4.329	-0.445	-0.758	0.446	-0.881	-0.674	1.397	0.855	-0.545	normal
-2.919	-4.007	0.685	-5.334	-5.942	-6.210	0.228	-11.958	0.691	0.876	0.355	1.561	normal
0.305	11.605	4.921	1.534	0.907	-0.987	0.784	0.829	4.527	5.812	0.536	9.756	critique
-4.539	-5.554	0.610	-9.044	-2.590	-4.012	0.823	-6.399	-0.242	-1.090	0.664	-0.107	normal
-3.806	-3.806	0.406	-6.815	-0.164	11.541	4.792	6.815	1.492	2.397	1.523	1.585	critique
0.322	0.941	0.637	-0.346	0.421	-14.015	6.362	-1.944	-0.349	0.979	0.510	0.379	critique
0.797	1.499	0.673	1.367	1.864	3.428	0.572	5.026	0.309	14.232	6.177	2.722	critique
-0.514	-0.514	0.412	0.381	-2.989	-2.989	1.265	-3.212	3.759	4.636	0.993	6.215	normal
0.212	-1.096	0.574	-0.001	-0.937	14.951	6.889	4.090	-5.290	-6.068	0.860	-9.911	critique
0.331	-0.578	0.354	-0.014	-1.246	-1.246	0.482	-1.229	0.980	0.980	0.559	1.114	normal
1.523	-8.569	3.924	-0.551	-0.410	0.619	0.384	-0.315	-4.427	-5.755	0.968	-8.902	anomalie
0.032	-7.444	3.085	-2.902	0.992	0.992	0.559	1.166	4.290	5.220	0.367	9.922	anomalie
1.312	1.312	0.671	0.818	14.321	14.321	6.260	10.925	0.424	-0.686	0.431	0.460	critique
-0.172	14.717	6.444	2.468	1.612	1.612	0.854	0.941	0.479	-1.162	0.771	-0.482	critique
0.562	-1.050	0.733	-0.162	-0.164	1.354	0.852	0.177	-0.693	-0.958	0.560	-0.980	normal
-2.043	-2.668	0.417	-3.675	0.143	1.061	0.580	-0.132	0.253	1.985	0.893	0.668	normal
-0.744	-0.744	0.328	-0.541	-4.721	-5.335	0.524	-9.031	-1.338	-1.338	0.759	-0.738	normal
0.014	-0.919	0.459	-0.798	-1.412	-7.247	3.242	-4.855	-0.436	-0.974	0.373	-0.705	anomalie
0.074	-14.128	6.273	-8.686	-0.941	-0.941	0.499	-0.617	0.136	12.374	5.416	6.882	critique
1.150	1.150	0.812	-0.271	-4.553	-5.401	0.480	-9.144	0.701	-1.129	0.671	-0.895	normal
-0.651	-1.277	0.760	-1.622	1.781	4.663	1.810	4.246	-3.850	-4.085	0.529	-7.420	normal
0.422	1.217	0.385	1.311	0.107	0.744	0.449	0.161	-0.380	-0.603	0.255	-0.527	normal
-0.705	-0.705	0.417	-1.143	-0.938	0.982	0.708	-0.763	1.385	1.385	0.891	0.898	normal
2.701	4.076	0.506	6.821	-4.381	-4.381	0.563	-8.442	3.696	4.923	0.623	7.616	normal
0.489	2.333	0.800	2.342	-3.316	-4.781	0.583	-8.093	0.437	-1.061	0.534	-0.201	normal
-0.440	0.885	0.504	-0.701	2.878	3.187	0.486	4.401	0.505	0.638	0.346	0.059	normal
0.871	9.102	3.842	6.192	7.667	7.667	3.346	5.747	-0.328	-1.191	0.319	-1.053	anomalie
0.673	0.673	0.274	1.057	-0.011	5.007	2.177	1.563	0.189	0.662	0.445	0.646	normal
0.425	-7.545	3.210	-2.168	0.868	-3.634	1.832	-0.710	0.981	0.981	0.496	1.442	anomalie
0.334	0.944	0.516	1.226	-0.922	-0.922	0.456	-1.145	-0.432	-0.771	0.419	-0.268	normal
1.325	1.325	0.679	0.781	4.616	4.616	0.639	7.689	-0.737	-7.584	3.275	-5.311	anomalie
-0.082	-1.104	0.492	-0.276	2.159	3.809	0.770	5.132	1.343	1.343	0.555	1.530	normal
-0.326	0.657	0.456	-0.301	-2.886	-3.187	0.359	-5.495	0.860	7.603	3.148	2.003	anomalie
-0.300	-7.680	3.496	-4.604	1.466	1.690	0.429	2.923	4.963	5.999	0.381	11.041	anomalie
-0.065	-0.793	0.557	0.313	-0.277	1.586	0.672	1.348	-0.363	0.632	0.405	0.827	normal
3.535	4.535	0.769	7.986	0.170	-1.213	0.549	-0.962	4.740	7.966	1.168	12.029	normal
-0.502	-0.518	0.346	-0.849	-5.341	-6.305	0.843	-10.535	-0.309	0.569	0.426	0.042	normal
0.565	0.565	0.191	0.587	-0.796	0.863	0.694	0.120	2.139	2.139	0.942	1.632	normal
3.137	3.137	0.261	5.741	-0.696	-0.696	0.274	-0.421	-2.612	-3.678	0.399	-6.030	normal
3.972	3.972	0.821	5.499	3.230	3.230	0.549	5.690	0.482	1.449	0.509	0.581	normal
0.400	-1.233	0.650	0.413	-0.113	-8.950	3.794	-3.853	0.364	-0.922	0.475	0.014	anomalie
2.746	2.746	1.352	1.527	5.389	5.389	0.526	9.341	-0.577	1.334	0.755	-0.493	normal
-3.708	-4.764	0.426	-8.110	-0.332	0.815	0.493	-0.186	13.253	13.253	5.379	11.106	critique
-4.127	-4.866	0.335	-9.055	4.744	5.551	0.673	8.605	0.124	1.673	0.929	0.158	normal
5.031	5.031	2.184	3.635	0.200	-1.719	0.855	-0.323	-5.676	-5.676	0.391	-11.496	normal
2.344	3.532	0.447	5.655	0.111	-1.916	0.866	-1.013	0.771	-2.331	1.212	-0.571	normal
0.287	-0.648	0.373	-0.331	1.182	1.641	0.936	1.188	-0.376	-0.756	0.411	-0.328	normal
3.323	3.323	1.637	2.120	0.789	-1.259	0.979	0.417	3.412	3.412	0.914	5.230	normal
-0.714	0.750	0.591	-0.017	0.165	1.430	0.732	0.623	3.969	5.329	0.490	9.391	normal
1.005	1.005	0.530	1.202	0.624	0.624	0.440	0.180	0.976	0.976	0.250	1.470	normal
-4.855	-6.344	0.538	-10.643	0.644	0.644	0.325	0.851	-0.720	-0.720	0.621	0.269	normal
-2.673	-3.448	0.384	-5.254	-0.190	4.820	2.105	2.919	6.436	6.521	0.286	13.242	normal
-0.101	0.569	0.440	0.682	-0.570	1.199	0.654	0.197	0.699	-1.196	0.779	0.085	normal
0.807	1.007	0.759	0.845	3.817	4.143	0.414	7.530	-0.242	-14.829	6.174	-3.950	critique
0.863	-1.260	0.783	-0.384	7.716	7.716	3.438	5.864	1.918	3.257	0.772	5.224	anomalie
-0.109	1.508	0.826	1.044	-0.218	-1.437	0.550	-0.843	0.154	7.375	3.250	4.168	anomalie
-3.759	-4.140	0.546	-7.800	-0.171	0.495	0.271	0.242	-5.966	-5.966	0.503	-10.140	normal
-0.422	1.635	1.180	-0.184	-12.805	-12.805	5.338	-10.838	-0.531	-4.668	1.823	-3.357	critique
2.411	3.660	0.625	5.111	1.125	1.238	1.012	0.261	-0.396	2.553	1.333	0.476	normal
1.322	1.322	0.800	0.530	-7.710	-7.710	3.450	-6.192	3.010	3.010	0.707	4.621	anomalie
0.128	0.584	0.162	0.939	-0.298	1.210	0.533	0.199	0.018	-1.197	0.554	-0.758	normal
1.916	4.078	0.784	6.168	-0.413	0.699	0.426	-0.008	-1.396	-12.183	5.038	-8.418	critique
-1.148	-1.148	0.874	-0.438	0.599	-2.549	1.178	-0.781	0.465	0.540	0.201	0.417	normal
-5.617	-6.851	0.525	-11.531	7.683	7.683	3.137	6.632	-1.816	-2.692	0.332	-4.130	anomalie
-4.103	-4.870	0.701	-8.652	-1.795	-1.795	0.712	-1.362	10.891	10.891	4.996	7.432	critique
-5.611	-5.611	0.626	-10.158	0.802	-1.432	0.822	0.138	4.316	4.474	0.419	8.738	normal
-4.856	-5.866	0.433	-9.689	-0.468	1.781	0.808	0.670	0.024	0.625	0.466	-0.057	normal
1.130	1.130	0.873	0.970	-1.447	1.821	1.208	-0.910	-0.212	1.306	0.768	-0.129	normal
-0.557	0.698	0.480	-0.490	5.645	6.185	0.307	11.903	-0.338	-0.557	0.165	-0.513	normal
-4.145	-5.286	1.101	-7.932	-0.512	-0.611	0.216	-0.668	0.120	-12.717	5.296	-6.070	critique
0.099	1.414	0.510	1.090	-0.187	-0.621	0.445	-0.340	7.394	7.394	3.000	6.225	anomalie
-0.194	3.348	1.515	2.005	-3.944	-3.944	0.260	-6.939	-1.889	-4.379	0.881	-6.049	normal
-0.057	-1.639	1.086	-0.973	0.730	1.172	0.430	1.597	-6.849	-6.849	0.617	-12.246	normal
-1.293	-15.307	6.379	-7.912	-1.021	-1.745	0.280	-3.033	0.956	-1.467	0.990	-0.062	critique
0.704	1.810	0.597	1.482	4.741	6.157	0.689	9.807	0.514	0.598	0.034	0.569	normal
-3.340	-3.684	0.597	-5.696	-0.036	0.833	0.327	0.334	-4.925	-7.419	1.029	-11.179	normal
-0.236	0.722	0.497	0.236	4.987	5.111	0.591	9.775	1.232	1.232	0.718	1.436	normal
0.361	0.598	0.379	0.801	0.966	-7.284	3.392	-3.077	-0.272	0.714	0.385	-0.097	anomalie
-0.062	-0.632	0.350	-0.587	-3.176	-4.244	0.416	-7.025	-5.356	-5.881	0.579	-9.988	normal
6.045	6.224	1.090	11.005	0.319	-0.988	0.585	-0.599	-2.699	-2.699	0.421	-4.756	normal
0.634	0.634	0.352	0.635	-1.732	-3.023	0.819	-3.256	-0.118	1.174	0.663	0.934	normal
-7.629	-7.629	3.342	-6.467	-1.030	1.052	0.835	-0.136	5.197	5.537	0.323	10.554	anomalie
-3.294	-5.674	0.958	-8.785	-3.275	-3.699	0.875	-5.207	-1.307	-1.307	0.584	-1.388	normal
-0.151	-0.757	0.472	0.149	0.596	-0.943	0.670	-0.120	1.402	1.611	0.517	2.067	normal
-4.218	-4.218	0.398	-7.951	3.183	3.710	0.624	5.696	4.385	6.577	0.954	9.876	normal
-3.433	-4.462	0.756	-7.001	0.190	-0.825	0.398	0.123	0.030	11.249	4.701	6.764	critique
0.212	15.511	6.814	3.111	0.592	0.592	0.386	0.854	0.312	-1.044	0.647	-0.242	critique
-0.272	-1.900	0.694	-1.240	0.173	-0.587	0.344	-0.046	-6.064	-6.064	0.929	-9.833	normal
0.047	1.990	0.901	1.108	1.190	-1.374	0.915	-0.147	-5.157	-5.157	0.681	-8.903	normal
2.652	3.741	0.710	6.126	-3.790	-4.621	0.600	-8.026	5.609	5.667	0.365	10.710	normal
4.718	4.718	0.410	8.766	0.106	15.219	6.428	8.820	-3.623	-4.693	0.605	-7.830	critique
-0.048	1.290	0.652	1.190	0.599	-0.620	0.444	-0.348	3.146	3.146	0.314	6.342	normal
0.544	-0.871	0.646	0.267	0.095	13.770	5.935	2.747	-2.529	-2.529	0.841	-3.595	critique
0.193	0.473	0.138	1.158	-7.048	-7.048	2.793	-6.631	0.547	-1.055	0.734	-0.146	anomalie
-0.026	-7.221	3.376	-0.674	-1.881	-2.973	0.638	-4.423	-0.367	-1.146	0.648	0.122	anomalie
0.300	15.349	6.630	5.732	0.785	-0.893	0.669	-0.120	-1.733	-1.733	1.023	-1.548	critique
-2.717	-3.490	0.367	-5.188	0.355	-1.303	0.603	-0.893	0.929	0.929	0.710	0.256	normal
-0.117	-0.399	0.244	-0.066	-3.917	-4.373	0.432	-7.678	-0.157	-4.293	1.946	-1.930	normal
-7.724	-7.724	3.553	-6.106	-1.362	-1.362	0.849	-0.699	1.055	8.096	3.270	4.158	anomalie
-4.997	-4.997	0.622	-7.810	0.645	-1.312	0.837	-0.257	-3.850	-4.959	0.861	-7.710	normal
-0.362	-0.805	0.502	-0.641	1.205	1.205	0.780	0.469	0.836	0.836	0.486	0.086	normal
-0.181	1.002	0.464	0.841	0.623	-0.994	0.602	-0.269	4.883	5.131	0.100	10.123	normal
0.417	0.993	0.533	1.531	-1.286	1.524	1.008	-1.139	-0.206	-3.091	1.116	-2.327	normal
-6.561	-6.561	0.231	-12.868	-0.975	-0.975	0.481	-0.126	-0.117	0.599	0.311	0.263	normal
-0.076	-2.658	1.301	-1.353	-0.887	-0.887	0.438	-1.070	0.847	4.173	1.568	3.217	normal
0.203	0.836	0.241	1.035	-0.827	-0.827	0.475	-0.932	0.582	-0.883	0.523	-0.074	normal
0.411	-7.992	3.570	-1.247	-0.049	-8.719	3.750	-3.395	-0.427	-2.146	1.122	-1.763	anomalie
0.075	1.048	0.692	0.383	0.791	0.791	0.380	0.685	-3.671	-3.671	1.798	-1.962	normal
0.533	-8.228	3.833	-0.553	-1.020	-1.020	0.696	-0.473	5.497	5.849	0.638	10.128	anomalie
-0.301	-1.044	0.292	-1.305	0.203	0.313	0.137	0.871	1.068	1.068	0.557	0.892	normal
1.228	8.946	4.021	5.772	-0.738	1.156	0.725	0.373	0.342	-0.630	0.428	-0.230	anomalie
0.309	-7.202	3.247	-2.600	-0.193	-0.761	0.295	-0.130	-1.052	-3.161	1.181	-2.397	anomalie
0.511	-0.920	0.586	0.615	-0.026	0.809	0.466	0.416	0.563	-4.585	2.267	-2.609	normal
0.737	1.016	0.611	0.496	-3.669	-4.413	0.345	-8.080	4.711	6.193	0.761	10.724	normal
0.107	4.299	1.839	1.048	0.381	1.772	1.011	0.665	-0.154	1.338	0.907	0.796	normal
-2.116	-3.611	0.538	-5.681	-0.149	-1.475	0.532	-0.618	4.782	5.901	0.521	10.034	normal
-15.260	-15.260	6.848	-11.962	-0.485	0.798	0.491	0.218	-4.384	-6.159	0.633	-10.486	critique
0.520	-0.655	0.474	0.086	12.482	12.482	5.126	10.710	4.980	5.136	0.280	9.831	critique
0.717	0.717	0.526	0.892	-0.953	1.268	0.860	0.341	0.776	-0.867	0.648	0.806	normal
1.260	1.260	0.750	0.553	-2.899	-2.918	0.582	-5.296	1.561	1.561	1.010	0.331	normal
-0.459	0.652	0.446	-0.602	3.039	3.039	1.392	2.323	-0.199	1.075	0.686	0.484	normal
-0.241	0.767	0.571	-0.053	-0.445	1.042	0.599	-0.139	-3.781	-3.781	1.923	-2.452	normal
0.344	0.498	0.136	0.884	1.230	15.130	6.294	9.466	-4.414	-5.676	0.583	-9.110	critique
2.802	2.802	1.234	2.058	0.228	-1.433	0.677	-1.099	-0.163	-0.973	0.568	-0.259	normal
-0.394	-1.871	0.755	-1.854	0.724	8.831	3.489	6.537	-0.047	1.205	0.651	-0.004	anomalie
-1.843	-1.843	0.990	-1.647	-2.508	-2.508	1.152	-1.660	0.020	0.805	0.317	0.508	normal
-1.700	-1.700	0.864	-0.938	0.286	6.980	2.958	3.612	-11.001	-11.001	5.066	-7.953	critique
1.980	2.749	0.305	4.818	-0.052	-12.126	5.205	-5.244	5.127	5.513	0.527	10.178	critique
4.661	5.462	0.682	8.956	-1.530	-1.530	0.407	-2.903	0.353	0.982	0.240	1.244	normal
4.322	5.282	0.446	9.243	1.452	-1.468	1.087	0.867	1.867	3.685	0.810	4.666	normal
-1.826	-1.826	1.143	-1.001	0.162	-1.500	0.703	-0.628	0.191	0.675	0.460	0.294	normal
-0.736	-7.350	2.914	-2.355	-7.754	-7.754	3.418	-5.781	0.432	-4.045	1.739	-1.026	anomalie
-1.151	-1.151	0.846	-1.313	0.924	-1.985	1.169	1.289	-0.418	-7.862	3.326	-1.629	anomalie
3.359	3.374	0.468	5.798	-0.153	-7.184	2.829	-5.289	-15.676	-15.676	6.690	-13.345	critique
4.034	4.484	0.160	8.354	0.701	0.730	0.421	1.031	2.637	4.236	0.633	7.225	normal
13.513	13.513	5.663	11.284	-2.672	-4.964	1.028	-6.156	0.772	0.772	0.534	0.802	critique
-8.361	-8.361	3.370	-7.437	-3.742	-4.532	0.399	-8.105	-0.260	-0.510	0.326	-0.627	anomalie
-0.394	-1.640	0.911	-1.383	4.983	5.708	0.411	9.997	0.119	1.162	0.473	1.271	normal
3.125	3.125	1.354	2.429	0.832	4.099	1.937	0.603	0.513	0.731	0.516	0.571	normal
0.826	-1.193	0.902	0.999	4.784	4.784	0.106	9.322	-0.257	-0.799	0.270	-1.034	normal
-0.394	-1.647	0.886	-0.490	4.339	5.009	0.393	8.887	1.210	3.689	1.759	1.372	normal
-2.786	-3.009	0.093	-5.761	-0.753	-1.187	0.886	-0.858	1.170	3.906	1.489	2.871	normal
-0.318	-0.776	0.266	-0.793	-1.272	-1.324	0.592	-1.468	-1.140	-1.374	0.740	-2.318	normal
0.425	-1.351	0.732	-0.522	-2.764	-3.198	0.441	-5.117	-0.086	-1.213	0.436	-0.649	normal
-1.247	-12.605	5.175	-9.069	0.525	0.525	0.268	0.529	0.225	-0.770	0.373	-0.399	critique
-4.737	-4.737	0.569	-7.890	0.556	15.079	6.463	3.187	0.639	7.186	3.093	1.610	critique
-1.014	1.105	0.817	-0.355	3.353	4.622	0.628	7.180	0.259	-0.999	0.555	-0.989	normal
-0.939	-1.119	0.423	-1.408	-4.914	-4.914	1.811	-4.686	-0.593	-0.696	0.236	-1.281	normal
-4.225	-4.393	0.190	-9.010	0.653	-0.813	0.720	0.479	-1.037	-1.037	0.653	-1.039	normal
1.042	1.042	0.699	0.124	9.080	9.080	3.930	7.302	-2.258	-2.688	0.451	-4.425	anomalie
0.635	-0.825	0.516	-0.126	0.242	14.024	6.098	7.848	3.007	3.725	0.718	5.479	critique
0.217	0.960	0.372	0.831	0.028	0.689	0.336	0.587	-13.196	-13.196	5.700	-11.416	critique
-0.347	8.195	3.536	1.304	-0.040	-1.242	0.503	-0.811	-5.536	-6.337	0.376	-11.134	anomalie
0.031	-11.568	4.776	-8.244	4.172	6.086	0.685	9.687	0.367	1.463	0.686	0.018	critique
-5.636	-6.232	0.408	-11.660	-0.002	0.427	0.231	0.565	0.052	-1.008	0.575	-0.993	normal
-5.902	-7.573	0.752	-12.239	-0.033	1.579	0.941	0.382	5.668	5.668	0.090	11.085	normal
0.696	0.727	0.370	0.944	-8.563	-8.563	3.843	-6.109	-2.255	-2.255	1.051	-1.668	anomalie
-0.089	1.023	0.436	0.333	0.628	12.783	5.336	3.050	-0.999	-0.999	0.582	-0.444	critique
6.432	6.432	0.751	10.834	0.020	7.844	3.247	3.544	3.640	5.038	0.498	8.521	anomalie
1.078	3.733	1.560	1.775	-0.435	-0.872	0.375	-1.031	4.973	5.067	0.387	9.575	normal
0.207	15.709	6.742	5.747	0.715	0.715	0.291	0.565	0.589	7.259	2.920	4.170	critique
0.212	-0.935	0.417	-0.544	3.090	3.640	0.511	5.655	-0.218	11.814	5.092	2.338	critique
-8.004	-8.004	3.612	-6.103	0.429	0.820	0.420	1.486	-1.463	-1.463	0.852	-0.394	anomalie
0.635	-11.931	5.085	-7.331	4.834	5.290	0.175	9.958	0.318	-0.672	0.401	-0.345	critique
3.869	3.946	0.593	6.918	0.971	0.971	0.703	-0.289	-0.894	-0.894	0.510	-0.376	normal
-0.445	1.476	0.843	0.866	-0.154	1.028	0.746	0.583	-0.317	-1.078	0.381	-1.197	normal
-0.850	-1.453	1.149	0.360	-0.926	1.501	0.866	-0.278	0.275	0.974	0.486	0.211	normal
-4.990	-5.640	0.384	-10.080	1.614	13.930	5.887	9.337	-0.467	-0.467	0.288	-0.165	critique
1.899	1.899	0.987	1.371	-0.287	0.684	0.470	-0.006	-3.530	-4.537	0.553	-7.489	normal
1.348	-2.882	1.605	0.517	-0.032	1.544	0.621	0.872	-0.329	-7.757	3.760	-2.600	anomalie
0.106	8.721	3.719	4.929	1.307	1.307	0.697	1.838	-8.677	-8.677	3.656	-7.166	anomalie
4.451	4.451	0.465	7.789	-0.869	-0.869	0.505	-0.801	2.544	4.039	0.622	5.716	normal
-2.476	-3.218	0.270	-5.745	0.330	2.169	0.983	0.678	-1.245	-1.245	0.912	-0.038	normal
-1.005	-1.005	0.742	-0.170	1.179	1.266	1.059	1.338	0.115	4.437	1.895	2.060	normal
-0.411	-0.665	0.226	-1.187	0.848	-3.868	1.855	-0.558	-4.551	-4.551	0.645	-7.366	normal
-0.007	0.771	0.312	0.274	-0.408	-0.523	0.368	-0.685	0.444	-1.493	0.809	-0.529	normal
4.277	5.429	0.441	9.059	-0.611	1.189	0.795	-0.403	0.455	15.152	6.351	3.328	critique
0.414	-0.891	0.480	-0.282	-3.164	-3.278	0.710	-5.570	1.246	-14.271	6.492	-2.127	critique
-4.355	-5.117	0.399	-8.949	3.080	4.631	0.586	7.255	-1.178	-4.305	1.775	-3.313	normal
0.076	1.039	0.480	0.723	-0.964	-1.080	0.500	-0.989	-3.873	-3.873	1.158	-4.718	normal
-3.602	-3.602	0.467	-5.867	0.695	0.749	0.137	1.612	0.082	1.826	0.774	1.338	normal
-8.346	-8.346	3.511	-6.833	-0.910	-4.467	1.802	-1.223	-0.461	-0.508	0.351	-0.028	anomalie
-15.621	-15.621	6.828	-12.972	-0.524	2.192	1.088	0.710	8.552	8.552	3.778	7.208	critique
0.048	0.563	0.351	-0.106	0.493	-13.904	6.069	-8.710	-4.314	-5.813	0.708	-8.967	critique
0.006	0.741	0.368	0.616	-0.373	-1.244	0.901	0.382	0.729	7.981	3.237	5.886	anomalie
-1.386	-8.215	3.627	-5.888	-0.713	8.718	3.907	1.026	-1.276	-1.276	0.649	-0.981	anomalie
-1.138	-1.138	0.660	-0.772	-1.050	2.673	1.365	-0.054	-0.322	-0.612	0.533	0.633	normal
0.488	1.001	0.254	1.999	-0.331	0.946	0.541	0.039	0.798	-1.766	1.036	-0.178	normal
0.602	-14.521	6.335	-3.649	4.699	4.699	0.629	7.825	-1.331	-1.331	0.707	-1.254	critique
5.626	5.973	1.028	9.946	0.977	0.977	0.547	0.136	0.469	-0.974	0.578	-0.438	normal
3.537	3.537	0.449	5.619	-3.728	-3.728	0.524	-6.190	-0.744	1.025	0.807	-0.009	normal
0.447	-0.713	0.447	0.275	-0.257	11.132	4.978	1.689	4.754	4.754	1.927	4.456	critique
-0.392	-1.535	0.937	-1.417	0.489	-0.802	0.538	-0.858	0.246	-3.175	1.723	-1.830	normal
-3.210	-5.894	1.030	-8.935	0.079	-7.462	3.338	-1.337	0.276	1.217	0.592	0.524	anomalie
0.190	-4.581	2.011	-1.695	3.008	3.230	0.530	5.418	-0.115	7.883	3.425	1.983	anomalie
-0.014	-1.328	0.831	-0.372	0.614	-12.348	5.520	-2.322	4.334	5.420	0.471	8.848	critique
0.957	0.957	0.294	2.223	1.339	1.339	0.644	1.950	-0.403	-0.403	0.199	-0.368	normal
-0.969	1.787	0.976	-0.034	-0.884	-0.884	0.591	-0.175	-4.339	-4.339	0.635	-7.560	normal
0.931	1.130	0.553	1.022	3.402	3.686	0.289	6.198	-1.283	-1.444	1.001	-1.919	normal
-0.816	-1.500	0.655	-1.253	-1.597	-1.597	0.862	-0.962	13.228	13.228	5.746	10.952	critique
-0.086	1.271	0.581	0.434	-0.333	0.443	0.337	0.336	-3.671	-4.294	0.314	-7.542	normal
-1.927	-1.927	1.209	-0.382	1.320	1.320	0.898	0.310	-0.466	-0.875	0.511	-0.976	normal
3.904	3.904	0.624	6.918	-0.451	0.600	0.411	0.246	0.920	4.092	1.664	2.029	normal
1.222	12.598	5.643	7.730	-0.203	8.960	3.986	1.226	0.879	1.186	0.503	1.543	critique
0.285	-0.773	0.477	0.983	5.283	6.378	0.491	11.220	-0.289	0.695	0.372	0.128	normal
0.374	0.463	0.240	0.584	4.864	5.386	0.413	9.933	11.436	11.436	4.885	8.989	critique
0.011	0.691	0.353	0.820	1.415	4.112	1.025	4.329	1.731	3.029	0.489	4.760	normal
1.201	-14.195	6.469	-4.754	5.224	5.224	0.304	9.426	4.069	4.232	0.518	7.165	critique
2.224	2.490	0.555	4.089	-0.204	-7.804	3.650	-2.789	6.575	6.575	0.981	10.931	anomalie
-0.490	-1.101	0.449	-0.573	-0.720	1.109	0.670	-0.096	8.716	8.716	3.477	8.353	anomalie
4.173	4.173	0.520	7.397	-3.526	-3.526	0.878	-5.052	0.544	-1.290	0.652	-0.391	normal
0.203	-1.004	0.438	-0.760	1.552	1.552	0.980	0.342	-0.298	7.678	3.225	2.450	anomalie
-0.152	0.374	0.249	-0.154	0.744	0.913	0.295	0.979	-0.752	-7.537	3.288	-5.369	anomalie
-5.417	-5.895	0.770	-10.653	0.411	0.856	0.450	-0.200	0.314	0.671	0.143	1.076	normal
0.733	0.965	0.852	0.362	1.121	14.493	6.026	6.331	-1.540	-2.480	0.397	-3.520	critique
-1.069	-1.605	0.658	-2.081	0.064	13.020	5.940	1.138	3.562	4.180	0.495	7.001	critique
0.800	0.800	0.495	1.120	-0.439	-0.576	0.409	-0.653	0.502	0.502	0.352	0.594	normal
0.760	-13.541	6.226	-4.706	1.433	-5.007	2.489	-0.101	0.541	-13.625	6.260	-1.869	critique
3.333	3.403	0.930	4.408	15.973	15.973	6.783	13.009	-0.885	-0.885	0.626	-0.670	critique
-0.938	-1.157	0.844	-1.302	0.869	-1.301	0.947	0.338	-0.380	8.638	3.562	3.335	anomalie
-2.866	-2.866	1.755	-0.484	0.279	-0.771	0.402	-0.565	0.372	0.372	0.246	0.186	normal
5.197	5.197	0.169	10.180	-0.699	1.296	0.746	-0.698	-0.119	-3.016	1.581	0.479	normal
-3.831	-4.564	0.518	-7.311	4.037	6.482	0.898	9.733	-0.746	2.213	1.156	0.777	normal
0.846	1.124	0.506	1.247	-14.184	-14.184	6.349	-10.925	1.697	2.696	0.514	3.940	critique
-0.664	0.699	0.502	-0.490	0.147	-0.886	0.513	0.159	-2.411	-3.747	0.546	-5.961	normal
-0.165	-7.528	3.326	-3.761	0.766	-1.819	1.241	0.534	1.091	4.532	1.938	2.231	anomalie
6.047	6.047	1.232	9.090	-0.064	0.694	0.316	0.837	0.264	0.837	0.214	0.836	normal
1.542	1.542	0.585	1.590	2.985	4.767	0.822	6.762	-4.686	-4.686	0.130	-8.911	normal
0.684	-4.317	1.839	-1.451	0.719	-1.222	0.842	0.039	-0.567	-0.567	0.382	-0.502	normal
-0.185	2.250	1.149	0.896	0.049	-0.582	0.225	-0.544	0.311	-11.728	4.927	-3.107	critique
-0.404	-0.500	0.096	-0.394	-2.412	-2.412	0.456	-3.830	-11.290	-11.290	5.143	-8.562	critique
0.220	1.354	0.611	0.459	1.218	1.218	0.503	1.252	2.175	3.611	0.558	5.124	normal
-3.651	-6.062	0.879	-9.116	-0.371	11.951	5.273	4.509	-0.661	-1.319	0.970	-0.760	critique
-5.238	-5.953	0.356	-10.554	-0.433	0.902	0.542	-0.153	-0.537	-0.537	0.370	-0.244	normal
-2.027	-2.027	0.819	-2.026	-1.243	2.145	1.271	-0.845	-0.991	7.412	3.476	2.088	anomalie
0.518	-0.633	0.498	-0.006	-0.311	-2.881	1.455	-0.412	-0.264	8.790	3.840	5.150	anomalie
3.504	4.193	0.398	7.533	-0.510	-1.158	0.470	-1.467	-3.801	-4.208	0.833	-6.596	normal
-5.407	-6.313	0.384	-11.478	0.121	-0.542	0.262	-0.114	12.537	12.537	5.251	10.636	critique
2.008	2.008	0.797	2.288	3.998	4.103	0.745	6.712	0.133	-3.341	1.546	-2.043	normal
0.249	0.748	0.349	0.494	-0.648	1.513	0.831	-0.307	-0.001	11.466	4.906	2.423	critique
-0.475	-1.401	0.641	-0.668	4.713	6.330	1.105	9.215	-1.808	-15.619	6.305	-11.421	critique
-2.022	-3.162	0.579	-4.393	0.705	8.159	3.310	5.952	-0.314	7.455	3.389	2.206	anomalie
0.836	7.828	3.451	5.134	-0.852	-4.351	1.730	-3.512	0.552	1.042	0.560	0.804	anomalie
1.293	1.293	0.931	-0.044	3.033	3.117	0.399	5.208	1.891	3.305	0.542	5.061	normal
-0.576	0.822	0.499	-0.414	0.457	-13.402	5.854	-8.146	0.771	7.849	3.124	2.605	critique
1.401	1.401	0.706	1.283	-0.324	0.868	0.517	-0.239	0.780	0.783	0.272	1.178	normal
0.250	-1.738	0.983	-0.692	0.184	13.594	6.007	2.717	1.929	3.170	0.693	4.885	critique
2.915	3.863	0.570	6.247	7.335	7.335	3.040	6.235	-8.193	-8.193	3.718	-6.705	anomalie
-3.766	-4.197	0.484	-7.509	-0.118	-0.895	0.349	-0.681	-0.522	-12.313	5.239	-3.276	critique
0.410	-8.270	3.660	-2.430	-0.966	1.230	0.912	-0.481	2.182	2.182	0.785	2.615	anomalie
0.322	0.322	0.217	0.414	-3.408	-3.408	1.743	-2.075	5.760	6.338	0.265	11.834	normal
-1.506	-3.236	0.660	-3.801	1.031	-15.503	6.861	-5.772	-0.703	1.119	0.898	-0.280	critique
0.939	0.939	0.386	0.870	-1.286	1.610	1.087	-0.850	2.864	3.240	0.683	4.530	normal
8.095	8.095	3.622	6.259	-1.011	2.998	1.503	0.160	-1.255	7.089	3.382	3.424	anomalie
-0.857	-0.857	0.557	-0.187	-6.616	-6.616	0.614	-11.978	-0.496	-1.296	0.511	-0.994	normal
0.648	0.858	0.306	0.792	0.074	-1.361	0.770	0.749	-2.650	-4.137	0.723	-6.116	normal
0.184	1.008	0.421	1.221	0.699	0.699	0.496	0.295	-0.341	-0.341	0.278	-0.463	normal
-2.145	-2.145	0.915	-1.982	-0.610	1.282	0.717	-0.038	-1.643	-4.854	2.537	-2.425	normal
0.862	-1.212	0.870	-0.341	-0.047	-1.015	0.532	-0.405	-0.683	1.544	0.909	0.732	normal
-6.873	-6.873	0.732	-12.124	-0.862	-0.998	0.735	-0.846	-0.839	3.105	1.503	1.368	normal
-1.379	-1.379	0.751	-1.328	-0.798	-1.245	0.178	-1.738	-2.966	-2.966	1.448	-2.537	normal
0.277	0.840	0.337	0.426	2.859	3.330	0.692	5.636	0.610	13.939	6.067	5.352	critique
0.395	1.369	0.931	0.540	5.400	5.575	0.485	10.011	0.052	1.160	0.477	0.539	normal
-4.114	-4.114	2.004	-3.081	0.332	2.721	1.138	1.918	-2.713	-2.713	1.136	-2.383	normal
0.258	3.884	1.705	2.040	-12.148	-12.148	5.492	-9.422	1.096	1.096	0.469	0.855	critique
-3.265	-3.573	0.610	-5.981	3.220	3.573	0.654	5.900	-0.003	-0.942	0.355	-0.708	normal
0.065	-0.321	0.200	-0.370	-3.453	-3.453	0.150	-6.466	0.718	1.217	0.745	0.079	normal
-5.287	-5.651	0.708	-9.871	-0.530	-4.771	1.973	-2.549	-1.988	-2.746	0.339	-3.860	normal
0.487	1.639	0.682	0.203	0.075	3.229	1.267	1.344	0.041	-0.504	0.228	-0.562	normal
4.692	6.389	0.779	10.207	8.620	8.620	4.119	5.636	-0.079	0.629	0.413	-0.072	anomalie
-0.368	-7.822	3.348	-2.358	-0.094	1.282	0.693	1.036	-7.849	-7.849	3.350	-6.361	anomalie
-0.593	-1.456	0.806	-1.230	-0.183	-0.971	0.678	-0.429	0.598	0.598	0.234	0.513	normal
-0.549	-0.559	0.270	-0.559	-3.343	-3.780	0.340	-6.876	0.600	-1.250	0.723	-0.224	normal
-2.059	-3.428	0.572	-5.359	0.283	0.769	0.576	0.193	0.012	0.939	0.337	1.157	normal
-4.838	-4.838	0.773	-8.220	-1.277	-1.277	0.411	-1.720	1.120	1.120	0.790	0.417	normal
-0.870	-0.870	0.510	-0.126	0.857	8.275	3.653	3.219	-1.021	5.064	2.600	1.400	anomalie
0.054	0.223	0.117	-0.429	-0.884	-6.783	2.492	-4.077	-0.441	-12.045	5.037	-3.746	critique
1.492	1.492	0.835	1.948	3.391	4.976	0.776	8.158	-0.372	-0.372	0.216	-0.210	normal
0.440	-1.341	0.705	-0.282	-0.335	13.512	5.997	2.564	0.365	-0.857	0.463	-0.547	critique
14.691	14.691	6.303	11.494	5.545	6.855	0.548	11.525	0.603	0.603	0.100	0.989	critique
-0.608	-0.608	0.452	-0.232	-2.642	-3.306	0.414	-5.061	2.276	3.791	0.668	5.678	normal
3.679	3.719	0.346	7.007	-4.036	-4.915	0.380	-9.113	-0.083	-0.470	0.309	0.085	normal
-0.037	8.479	3.664	1.650	-0.966	-0.966	0.588	-0.504	1.016	1.016	0.551	0.431	anomalie
-0.162	0.909	0.592	-0.368	-0.197	0.308	0.181	-0.152	-0.534	-0.534	0.319	-0.601	normal
-0.691	-1.170	0.581	-1.054	1.026	3.107	1.539	0.698	-7.293	-7.293	3.340	-6.173	anomalie
0.619	-1.369	0.752	-0.578	0.227	1.184	0.576	1.198	0.462	-3.196	1.695	-0.954	normal
-0.461	-3.090	1.002	-3.243	0.417	0.417	0.233	-0.129	1.581	11.036	4.774	2.904	critique
2.067	2.067	1.219	2.385	0.162	-8.807	3.960	-4.993	7.094	7.493	0.650	14.201	anomalie
0.567	1.670	1.069	0.041	1.895	3.112	0.487	4.776	-0.293	8.742	3.652	3.578	anomalie
3.844	5.615	0.784	9.294	-0.654	-1.118	0.178	-1.547	0.347	-0.967	0.514	0.565	normal
0.667	0.667	0.334	0.537	-1.095	-2.629	1.151	-2.474	0.554	1.982	0.637	1.477	normal
-0.675	-2.885	0.807	-3.510	-0.020	-12.329	5.276	-8.221	-2.092	-2.559	0.491	-4.390	critique
0.874	0.874	0.609	0.972	-0.592	-0.592	0.418	0.256	1.043	1.043	0.595	1.068	normal
0.205	-1.398	1.010	-0.608	0.336	10.818	4.478	2.733	0.542	0.542	0.419	0.933	critique
0.773	14.686	6.203	9.441	-3.034	-3.051	0.557	-5.061	4.384	5.235	0.731	9.219	critique
-0.127	-0.376	0.109	-0.046	0.238	1.273	0.523	1.507	2.494	3.118	0.422	4.705	normal
-0.500	1.139	0.586	0.085	-8.885	-8.885	3.682	-7.644	4.081	4.081	0.652	6.685	anomalie
0.627	-1.321	0.735	-0.333	-0.444	-0.549	0.325	-1.068	0.747	0.982	0.301	1.412	normal
5.297	6.616	0.545	11.639	-1.112	-1.112	0.694	-0.641	-0.140	-0.140	0.091	-0.252	normal
0.880	0.880	0.661	0.890	-1.788	2.320	1.478	-0.571	-1.109	-1.109	0.688	-1.160	normal
0.178	-1.273	0.764	-0.283	0.179	12.570	5.500	7.154	-3.973	-3.973	1.764	-3.020	critique
0.134	0.759	0.351	-0.029	-0.471	-1.742	0.645	-1.295	0.207	11.607	4.964	2.202	critique
0.038	-0.402	0.212	0.169	-0.430	-13.506	5.948	-2.117	-15.001	-15.001	6.268	-12.707	critique
-4.534	-6.081	0.548	-10.350	0.877	0.877	0.524	0.693	-2.137	-2.137	0.757	-1.808	normal
0.842	-14.692	6.411	-6.379	-0.123	-1.110	0.397	0.101	-5.146	-5.695	0.271	-10.173	critique
0.696	0.696	0.536	0.496	-1.438	-1.438	0.802	-1.462	0.452	-12.519	5.572	-7.335	critique
6.091	6.211	0.654	10.548	-4.687	-4.687	0.487	-7.627	4.333	5.863	0.724	9.433	normal
3.537	3.537	0.183	6.923	-5.339	-6.245	0.621	-11.225	-5.852	-6.275	0.567	-11.786	normal
-0.922	-2.506	1.309	-1.106	-0.014	0.409	0.166	0.779	-0.138	-1.911	1.007	0.075	normal
0.189	1.776	1.287	-1.009	0.219	0.680	0.469	-0.061	-0.005	0.509	0.274	-0.053	normal
-0.824	7.092	3.260	3.285	0.069	1.975	0.923	0.059	-4.809	-5.220	0.429	-9.167	anomalie
-4.766	-5.394	0.426	-9.699	-3.297	-3.759	0.339	-6.284	4.884	4.884	0.851	7.567	normal
-4.244	-4.244	0.600	-6.695	-1.204	-8.925	3.968	-4.804	-4.131	-4.131	1.659	-3.936	anomalie
-0.034	1.085	0.610	0.830	-2.745	-2.745	1.411	-2.278	-0.373	-7.048	3.137	-4.948	anomalie
-2.028	-3.510	0.654	-5.583	1.608	-1.839	1.240	-0.051	4.659	4.659	0.634	7.515	normal
3.218	3.489	0.403	6.267	0.222	-1.234	0.647	-0.641	-5.953	-5.953	0.378	-11.529	normal
-1.038	-15.284	6.530	-3.994	0.200	-8.145	3.404	-2.047	0.352	15.424	6.738	2.712	critique
2.138	3.990	0.788	4.663	-0.490	1.902	0.944	0.771	0.584	-8.926	3.936	-1.706	anomalie
0.311	8.556	3.810	5.404	0.550	0.591	0.152	0.701	0.263	-0.961	0.479	-0.606	anomalie
1.264	2.228	0.686	1.783	1.093	1.093	0.485	1.116	5.038	5.766	0.483	10.299	normal
0.563	1.082	0.204	1.002	0.310	-3.316	1.601	-1.084	-0.273	0.989	0.545	-0.034	normal
0.560	1.933	0.763	1.423	0.797	0.797	0.611	0.368	0.235	-0.854	0.515	0.063	normal
0.849	-13.282	6.099	-1.691	-0.789	-0.789	0.082	-1.207	-8.986	-8.986	4.056	-7.486	critique
3.149	4.221	0.418	7.160	-7.181	-7.181	2.934	-6.154	0.181	0.882	0.660	0.020	anomalie
11.281	11.281	5.212	7.946	0.147	-0.789	0.444	-0.701	-0.781	-1.924	0.749	-1.631	critique
-0.343	0.891	0.563	-0.011	-5.201	-5.201	0.648	-9.172	0.422	1.208	0.793	1.136	normal
4.440	5.444	0.386	8.984	0.713	-1.303	0.777	-0.076	0.020	1.298	0.709	0.419	normal
-3.822	-4.363	0.202	-8.025	-0.085	0.529	0.222	0.370	0.809	0.809	0.460	1.074	normal
-3.351	-4.233	0.655	-5.571	-0.446	-0.947	0.493	-1.129	-0.450	-1.206	0.364	-1.176	normal
-0.928	-0.928	0.633	-0.424	-0.611	0.760	0.622	-0.233	-0.082	-0.326	0.197	-0.133	normal
-4.480	-4.480	2.158	-2.920	0.124	1.228	0.542	0.799	0.045	-0.559	0.328	-0.140	normal
-0.409	1.339	0.859	-0.047	-0.414	0.893	0.631	0.016	-0.531	-0.906	0.462	-0.059	normal
1.005	-12.724	5.770	-6.485	0.789	0.789	0.547	0.118	-2.066	-2.066	0.905	-2.085	critique
0.099	0.759	0.508	-0.230	5.528	5.990	0.258	11.725	0.103	7.404	3.349	4.145	anomalie
-0.172	3.090	1.371	0.679	-1.580	-1.580	0.200	-2.451	-1.895	-1.895	1.075	-2.128	normal
-0.127	-0.598	0.410	-0.192	8.836	8.836	3.893	6.947	-1.385	1.997	1.288	0.832	anomalie
0.117	-0.928	0.452	-0.368	0.513	-7.088	3.171	-1.170	0.450	14.063	5.961	3.023	critique
-0.008	7.334	3.177	4.717	6.781	6.781	0.868	11.895	-4.532	-4.532	2.121	-3.047	anomalie
-0.531	-1.133	0.326	-0.405	4.410	5.221	0.418	8.688	-0.031	0.143	0.092	0.133	normal
8.741	8.741	3.960	6.632	4.883	4.883	0.126	9.490	0.292	-13.251	5.728	-8.363	critique
-0.431	-0.962	0.296	-1.265	-12.915	-12.915	5.520	-10.768	0.346	2.490	1.246	1.583	critique
1.249	1.249	0.624	0.891	0.826	0.826	0.306	1.347	-0.432	0.504	0.347	0.593	normal
-3.571	-4.819	0.462	-7.957	0.387	0.973	0.679	0.376	-0.421	14.250	6.054	2.598	critique
-3.011	-3.011	1.618	-1.883	2.983	2.983	0.421	5.911	-2.140	-3.375	0.496	-5.814	normal
-5.133	-6.010	0.591	-10.093	-0.139	-13.125	5.908	-2.041	-0.556	1.135	0.738	-0.567	critique
3.818	4.472	0.381	7.646	6.389	6.389	0.541	11.662	1.049	15.177	6.244	4.542	critique
1.014	9.041	3.691	6.351	-2.343	-2.496	0.520	-4.457	-0.251	-0.544	0.372	-0.184	anomalie
-0.417	-0.491	0.235	-0.512	1.655	1.655	0.853	1.674	0.046	0.616	0.265	0.226	normal
0.159	-0.568	0.275	-0.324	8.454	8.454	3.830	7.076	-0.410	-0.410	0.249	-0.164	anomalie
-0.695	-0.695	0.513	-0.106	5.564	5.564	0.489	10.230	4.622	5.471	0.681	9.312	normal
-1.960	-2.853	0.350	-5.206	5.445	5.445	0.640	9.827	-5.139	-5.139	0.554	-9.734	normal
6.084	6.084	0.799	11.315	0.701	0.701	0.330	0.583	0.484	-8.022	3.494	-4.944	anomalie
2.560	4.809	0.916	8.060	0.970	-2.184	1.164	-0.271	6.083	6.913	0.742	11.299	normal
-0.222	-14.970	6.381	-10.037	-0.212	1.326	0.896	-1.292	0.430	11.037	4.684	6.282	critique
0.199	0.429	0.126	0.262	-0.301	0.853	0.423	0.724	-0.034	-0.621	0.433	-0.010	normal
1.616	1.616	1.090	0.838	-3.834	-3.908	0.806	-6.641	-1.378	15.828	7.148	4.261	critique
0.021	0.940	0.358	1.317	0.549	-1.177	0.804	0.090	3.209	3.209	0.225	5.566	normal
-0.105	0.584	0.344	0.103	0.553	-1.403	0.768	-0.775	-0.461	11.420	5.063	6.278	critique
0.191	0.878	0.398	0.635	3.728	4.816	0.789	7.299	-0.647	-0.647	0.347	-0.793	normal
3.403	3.403	0.336	5.774	0.743	-8.903	3.712	-5.409	-0.769	14.983	6.883	1.371	critique
0.647	0.923	0.284	1.183	-0.550	-0.634	0.475	-1.021	0.775	0.775	0.350	1.533	normal
-0.677	0.824	0.615	-0.325	-0.112	-0.378	0.127	-0.363	0.307	0.820	0.418	0.453	normal
0.041	-1.088	0.700	-0.577	-7.035	-7.035	0.892	-11.538	-0.744	0.798	0.573	-0.236	normal
-0.055	-0.692	0.441	-0.500	4.805	6.166	0.500	11.036	-0.532	0.740	0.461	0.024	normal
-0.023	-1.188	0.809	-0.114	-0.464	1.689	1.047	0.624	-0.264	0.876	0.488	0.876	normal
-0.798	-0.798	0.360	-0.553	-4.427	-5.218	0.804	-9.002	1.117	-1.347	0.912	0.709	normal
-0.383	6.987	3.242	3.860	-6.380	-6.380	0.567	-11.597	0.542	-1.304	0.772	0.418	anomalie
-2.604	-5.488	1.093	-7.230	0.180	1.058	0.323	0.950	-0.899	1.607	1.052	-0.536	normal
0.951	0.951	0.642	0.143	3.799	4.410	0.231	7.936	0.732	-2.103	1.184	0.290	normal
-0.146	-12.859	5.790	-7.752	0.320	12.634	5.484	7.300	0.204	15.275	6.382	4.088	critique
4.719	5.595	0.319	9.480	-1.921	-1.921	0.662	-2.481	0.528	0.528	0.348	0.396	normal
-0.476	-13.292	5.720	-8.528	0.295	0.740	0.224	1.249	-0.455	0.530	0.373	0.070	critique
0.690	0.725	0.239	1.287	-0.277	-0.592	0.395	-0.524	-7.731	-7.731	3.522	-5.925	anomalie
-0.564	-0.840	0.233	-0.706	0.032	2.449	1.058	1.693	0.488	0.488	0.155	0.631	normal
-0.336	-0.779	0.298	-0.823	-0.200	0.641	0.477	-0.340	0.411	-0.425	0.303	0.414	normal
-0.423	1.119	0.657	-0.050	-4.572	-4.572	0.209	-8.860	0.420	3.242	1.152	1.818	normal
-0.323	-0.904	0.536	-0.622	-0.266	-0.372	0.131	-0.733	0.391	-3.238	1.394	-1.499	normal
1.464	14.317	6.134	9.188	0.568	0.828	0.238	0.830	1.213	1.213	0.377	1.683	critique
0.124	12.576	5.238	3.027	-0.400	-0.400	0.168	-0.099	0.626	-0.834	0.551	0.273	critique
-4.832	-6.013	0.486	-10.441	4.008	4.008	0.189	7.764	-0.410	-15.629	6.792	-3.722	critique
3.575	4.585	0.732	8.096	-3.365	-3.764	0.308	-6.180	-4.433	-7.190	1.009	-10.636	normal
-0.027	0.806	0.304	0.795	-2.815	-3.075	0.432	-5.286	-0.026	-1.344	0.902	0.590	normal
-0.710	1.197	0.704	-0.031	0.800	0.902	0.694	0.868	-0.382	-1.840	0.792	-1.078	normal
5.776	6.684	0.827	10.710	0.067	15.887	6.858	6.011	0.404	-0.954	0.560	0.031	critique
6.114	6.114	0.904	10.646	-4.193	-4.532	0.492	-8.060	-2.878	-2.878	1.513	-0.737	normal
0.441	8.901	3.624	4.622	-1.351	-1.351	0.439	-1.407	0.024	-7.856	3.386	-4.826	anomalie
-0.127	-0.900	0.332	-0.607	-0.370	1.240	0.606	0.121	-4.513	-4.513	0.281	-7.595	normal
-0.598	0.699	0.531	-0.128	-0.390	7.646	3.506	2.321	-5.859	-6.455	0.852	-10.977	anomalie
-2.770	-2.830	0.798	-4.909	3.489	6.005	0.923	8.292	0.461	0.762	0.578	0.408	normal
0.199	7.656	3.360	1.543	11.582	11.582	4.979	9.349	-0.080	-0.205	0.161	-0.334	critique
0.906	1.114	0.392	1.656	-5.013	-5.013	0.757	-7.759	-0.111	1.229	0.558	1.321	normal
-4.107	-4.596	0.386	-7.771	0.625	-0.654	0.473	-0.097	0.594	8.951	3.928	1.299	anomalie
0.437	-0.940	0.519	-0.151	-0.177	1.377	0.840	0.662	0.635	-7.322	3.153	-2.791	anomalie
-0.310	-14.859	6.425	-9.618	0.469	4.034	1.534	3.726	0.083	-0.991	0.456	-0.504	critique
0.175	-0.700	0.432	0.250	-0.287	8.660	3.931	1.012	0.633	1.220	0.580	0.422	anomalie
1.903	4.006	0.837	6.362	0.017	-1.923	1.121	-0.934	-0.230	-6.938	2.736	-5.289	anomalie
0.349	-0.958	0.678	0.239	-0.486	0.491	0.351	0.055	-4.321	-5.627	0.645	-8.670	normal
-0.624	1.154	0.702	0.177	0.927	-1.314	0.812	1.244	-5.088	-6.312	0.824	-10.418	normal
-0.014	1.061	0.544	0.477	0.365	-0.510	0.367	0.730	4.700	5.962	0.733	9.544	normal
1.377	-1.640	1.075	1.163	0.096	-0.896	0.412	-0.385	0.365	0.423	0.168	-0.010	normal
3.821	4.417	0.352	8.196	-0.034	1.141	0.616	-0.112	-0.012	-0.549	0.231	-0.095	normal
0.700	-2.986	1.382	-0.676	-4.588	-5.175	0.241	-8.960	-4.010	-4.986	0.471	-8.187	normal
0.396	-7.497	3.572	-1.872	-5.522	-6.989	0.594	-11.905	-0.162	0.281	0.192	0.369	anomalie
-1.981	-2.680	0.563	-3.362	-5.655	-6.721	0.565	-11.277	-1.002	-1.002	0.690	-1.006	normal
-6.004	-7.465	0.573	-12.582	-0.605	0.624	0.609	-0.038	-0.576	2.797	1.349	1.353	normal
-14.975	-14.975	6.438	-12.584	0.584	0.584	0.213	0.710	-0.234	-0.234	0.182	-0.145	critique
2.464	2.464	0.266	4.616	-2.721	-3.590	0.391	-5.890	-0.144	0.815	0.388	0.499	normal
-0.483	-1.136	0.497	-0.165	-0.023	-1.655	0.704	-0.154	-0.196	-11.432	4.679	-6.055	critique
3.741	5.509	0.713	8.562	0.344	8.713	3.853	5.412	-0.298	-0.604	0.343	-0.504	anomalie
-7.186	-7.186	1.027	-11.624	-4.956	-6.016	0.469	-10.161	0.743	0.743	0.430	0.967	normal
8.071	8.071	3.443	6.361	0.994	0.994	0.558	0.613	-0.941	-0.941	0.561	-0.603	anomalie
-0.252	-1.157	0.353	-1.360	4.290	4.887	0.667	7.545	4.126	5.678	0.573	9.348	normal
-6.021	-6.021	0.613	-10.676	0.650	1.720	0.721	1.306	0.284	13.231	5.762	4.667	critique
-0.898	3.870	1.966	0.168	-0.065	-0.452	0.166	-0.995	-7.902	-7.902	3.267	-7.570	anomalie
0.088	0.854	0.273	0.675	0.532	0.532	0.295	0.095	0.716	1.091	0.680	0.448	normal
0.997	0.997	0.482	0.453	-0.246	-0.905	0.589	0.119	-7.791	-7.791	3.365	-6.322	anomalie
-7.582	-7.582	3.273	-6.341	-2.721	-2.721	0.518	-4.372	-0.273	0.520	0.292	-0.241	anomalie
0.593	1.454	0.618	1.048	0.967	-14.789	6.658	-2.165	-0.834	-0.834	0.583	-0.954	critique
0.912	1.368	0.972	1.322	-0.144	0.521	0.260	0.318	-0.624	13.193	5.737	2.366	critique
0.487	-8.509	3.977	-4.407	0.441	1.110	0.297	0.735	-2.772	-4.264	0.587	-6.932	anomalie
-0.341	1.426	0.722	0.103	1.885	3.107	0.446	5.378	1.970	3.137	0.521	4.977	normal
-1.150	-1.150	0.488	-1.138	0.378	-1.793	1.028	-0.414	-4.292	-4.292	1.967	-3.141	normal
-0.883	-2.028	0.840	-1.904	-0.197	1.380	0.863	0.514	0.215	0.652	0.315	1.004	normal
-0.013	4.082	1.899	1.577	0.475	-0.735	0.431	-0.360	0.752	8.362	3.736	5.410	anomalie
-1.708	-2.937	0.773	-4.378	-0.577	0.731	0.489	-0.162	-0.718	-1.987	1.232	-0.939	normal
0.275	-1.427	0.733	0.566	-0.492	1.534	0.835	0.887	-0.619	-1.070	0.445	-1.541	normal
-1.135	11.718	5.412	5.560	5.863	6.856	0.710	11.553	-3.268	-3.324	0.702	-6.285	critique
0.535	-0.998	0.557	0.626	-0.521	8.432	3.738	1.455	1.114	1.114	0.454	1.260	anomalie
-0.451	1.019	0.532	0.070	-15.305	-15.305	6.692	-12.267	0.691	-1.123	0.759	0.043	critique
0.750	-13.861	5.909	-8.958	0.470	0.848	0.651	0.030	-0.246	2.914	1.271	2.221	critique
0.397	1.749	0.708	0.746	0.283	0.763	0.277	0.655	0.320	-1.090	0.546	-0.635	normal
-4.666	-4.666	0.295	-8.320	-0.022	0.606	0.411	-0.227	0.422	8.447	3.438	2.281	anomalie
0.039	-0.648	0.481	0.157	-0.788	-8.908	3.811	-4.014	4.824	5.879	0.543	10.191	anomalie
0.270	-15.714	6.851	-9.736	0.461	12.678	5.511	4.690	0.635	-1.339	0.734	-0.453	critique
0.213	-0.257	0.186	-0.198	-0.115	8.654	3.557	2.131	1.326	1.326	1.195	0.781	anomalie
0.404	0.645	0.461	0.459	-0.522	-0.522	0.276	-0.377	-0.220	-3.027	1.164	-1.917	normal
0.719	3.236	1.365	1.117	0.756	0.900	0.272	1.169	-1.070	-1.070	0.461	-1.441	normal
0.558	-1.146	0.613	-0.091	-0.170	-1.209	0.656	-0.078	-7.051	-7.051	2.789	-6.034	anomalie
-3.295	-3.971	0.990	-6.166	1.298	1.298	0.809	0.637	0.978	1.401	0.737	1.084	normal
14.038	14.038	6.116	10.464	1.341	-5.077	2.496	-1.692	-0.752	-1.187	0.752	-0.294	critique
0.777	1.238	0.592	1.225	0.867	0.867	0.545	1.174	-6.734	-7.206	0.807	-12.996	normal
-0.587	-0.713	0.426	-0.328	-0.343	-0.829	0.390	-0.633	1.058	1.058	0.454	0.877	normal
-4.315	-4.315	0.586	-7.074	1.842	1.842	1.065	1.714	-1.322	-7.338	3.177	-4.098	anomalie
0.299	-8.146	3.831	-4.274	-0.925	-0.925	0.622	-0.317	1.023	15.873	6.668	3.984	critique
1.395	1.395	0.830	0.841	-1.446	-15.950	6.329	-9.232	1.396	-1.419	1.033	0.080	critique
0.052	1.515	0.526	1.242	-1.675	-1.675	0.219	-2.875	-1.524	-1.524	0.885	-1.531	normal
0.545	0.720	0.152	1.057	0.970	-1.108	0.770	0.188	0.584	1.190	0.234	1.992	normal
-8.137	-8.137	3.674	-6.836	3.708	3.708	1.793	2.328	0.247	7.173	2.929	3.940	anomalie
0.056	-1.223	0.549	-0.509	-4.142	-4.142	0.690	-6.560	-4.387	-5.879	0.842	-9.305	normal
0.973	1.384	0.729	1.481	-0.406	-1.149	0.431	-0.963	8.432	8.432	3.683	6.951	anomalie
0.824	-1.015	0.799	0.164	-0.980	-0.980	0.552	-0.858	0.172	3.710	1.782	1.574	normal
-1.391	-1.391	1.031	-0.623	-0.062	0.977	0.527	0.360	-13.342	-13.342	5.805	-10.660	critique
4.443	4.999	0.777	8.651	4.863	4.911	0.566	8.834	5.282	5.282	0.860	9.787	normal
5.844	5.844	0.478	10.345	-0.204	-0.847	0.555	0.195	-1.282	-1.282	0.423	-1.683	normal
2.263	3.482	0.517	5.054	1.747	2.867	0.571	3.696	-0.610	-0.610	0.448	-1.121	normal
-4.570	-7.628	1.344	-11.451	-15.362	-15.362	6.447	-13.001	-2.778	-2.778	1.361	-3.425	critique
-6.066	-6.742	0.694	-11.450	5.508	5.508	0.792	9.409	-2.028	-8.948	3.812	-7.071	anomalie
0.048	-3.954	1.839	-2.051	0.885	12.449	5.530	7.626	4.435	5.608	0.759	8.962	critique
-8.061	-8.061	3.672	-7.020	-0.829	-1.259	0.678	-1.535	1.062	1.062	0.352	1.338	anomalie
0.043	-1.125	0.508	-0.210	-0.033	-1.005	0.686	0.033	2.663	2.663	1.234	2.485	normal
0.891	0.891	0.433	1.094	-0.297	0.770	0.400	0.466	0.771	-1.092	0.756	0.488	normal
-1.364	-1.364	0.901	0.124	-11.170	-11.170	5.165	-8.132	-0.396	-8.087	3.645	-5.038	critique
0.325	0.733	0.391	0.023	3.538	4.131	0.382	6.729	2.952	2.952	0.533	4.844	normal
0.735	0.735	0.525	-0.086	-0.166	1.078	0.727	-0.197	-3.216	-4.008	0.524	-6.841	normal
-0.836	-12.296	5.156	-8.713	-0.561	-0.720	0.507	-0.358	-12.489	-12.489	5.403	-10.190	critique
3.779	3.779	1.942	2.011	-0.549	0.772	0.490	0.941	-0.549	8.832	3.985	3.088	anomalie
-1.667	-1.667	0.885	-1.510	-0.464	-0.751	0.316	-0.509	0.239	0.468	0.343	0.629	normal
4.981	6.192	0.752	10.560	-4.387	-6.758	0.868	-10.349	-0.468	15.366	6.708	1.941	critique
-0.550	-8.177	3.487	-2.259	5.856	5.856	0.223	11.752	-0.023	0.803	0.500	-0.203	anomalie
-0.223	1.330	0.872	-0.454	11.380	11.380	5.056	7.770	-0.031	-1.270	0.569	-1.430	critique
2.958	3.715	0.286	6.554	-0.850	-0.850	0.408	-0.556	-1.101	-13.501	5.617	-9.852	critique
0.483	-1.276	0.726	-1.252	-0.083	15.298	6.816	4.937	0.889	0.889	0.442	0.595	critique
-4.872	-4.872	2.001	-4.617	-2.548	-2.548	0.232	-4.674	-0.154	-13.881	6.004	-2.760	critique
-0.360	-1.143	0.527	-1.363	2.440	4.153	0.628	6.352	-0.411	1.191	0.630	0.448	normal
-0.575	-4.241	1.818	-0.862	2.272	2.563	0.196	4.736	-2.672	-2.672	1.063	-2.720	normal
-13.382	-13.382	6.207	-10.203	-0.156	-0.913	0.492	-0.784	0.508	4.079	1.834	1.296	critique
4.964	5.019	0.554	9.073	-0.179	11.185	4.793	4.469	7.145	7.145	2.961	6.208	critique
0.380	1.660	0.837	1.542	0.094	-1.371	0.760	-0.136	-4.721	-5.715	0.674	-9.387	normal
-0.734	-2.620	1.073	-1.650	-0.194	1.067	0.477	0.351	-1.104	-1.180	1.020	-0.877	normal
-0.165	-1.466	0.976	-0.578	0.229	-1.328	0.713	-0.108	1.055	8.990	3.835	4.082	anomalie
-0.072	14.950	6.586	5.735	-3.343	-3.378	0.514	-6.578	0.299	0.762	0.394	0.726	critique
-0.216	2.138	1.005	0.818	4.847	6.011	0.589	9.858	-0.338	-0.753	0.459	-0.320	normal
-0.775	0.857	0.585	0.018	-3.082	-3.106	0.507	-5.021	1.479	1.479	1.145	1.284	normal
-4.684	-5.758	0.501	-10.582	-0.328	-0.604	0.186	-0.729	-0.691	-0.691	0.243	-1.016	normal
3.162	5.044	0.724	8.058	-0.452	15.291	6.610	5.737	1.019	-8.781	4.126	-4.856	critique
-3.015	-3.015	0.551	-5.443	7.243	7.243	3.243	5.988	-1.362	-1.534	1.086	-0.912	anomalie
-0.606	0.974	0.629	0.330	-0.216	1.095	0.590	0.020	0.930	3.889	1.678	3.409	normal
0.956	1.340	0.672	1.201	-0.559	1.525	0.900	-0.393	2.510	-8.484	4.158	-1.467	anomalie
0.681	0.969	0.287	1.103	-3.020	-4.281	0.841	-6.603	-0.314	1.380	0.954	0.250	normal
-0.723	1.413	0.956	-0.403	-0.128	-0.988	0.611	-1.108	-4.721	-5.202	0.402	-9.347	normal
-2.880	-4.516	0.642	-7.235	0.163	-1.320	0.709	0.861	3.013	3.203	0.430	5.177	normal
2.760	4.008	0.459	6.148	7.421	7.421	3.426	4.680	0.128	8.317	3.356	5.969	anomalie
4.180	4.653	0.544	8.312	-2.057	-3.581	0.582	-5.222	-1.308	1.728	1.284	-1.680	normal
-1.078	-1.078	0.213	-2.089	-12.431	-12.431	5.243	-10.354	-0.605	-0.749	0.496	-0.344	critique
-0.146	-8.807	3.785	-2.135	0.260	-12.864	5.659	-6.047	0.056	0.483	0.389	0.331	critique
-0.921	1.200	0.752	0.302	-2.315	-2.934	0.902	-5.037	-1.012	-1.012	0.642	-0.550	normal
4.947	5.226	0.682	9.651	-1.108	-1.108	0.395	-1.501	-5.838	-5.838	0.598	-10.424	normal
3.945	5.444	0.536	9.601	0.548	-0.935	0.677	0.480	0.241	-0.953	0.425	-0.506	normal
-0.387	0.526	0.365	-0.428	-0.867	-2.425	1.051	-1.128	-0.673	-1.117	0.270	-1.596	normal
1.086	1.330	0.190	2.010	0.638	-0.640	0.524	-0.266	-0.361	-0.943	0.527	0.019	normal
0.160	1.211	0.527	1.060	0.101	1.242	0.726	0.538	-2.964	-4.093	0.460	-5.922	normal
0.549	-8.415	3.682	-1.359	0.070	-12.986	5.879	-1.994	1.513	2.666	0.614	3.438	critique
0.985	0.985	0.724	0.557	0.575	-0.800	0.569	0.893	0.225	-0.814	0.570	0.196	normal
-0.225	-8.595	3.629	-2.040	-1.756	-1.756	0.645	-1.779	3.421	4.951	0.898	7.350	anomalie
-0.114	0.997	0.567	0.042	4.652	4.652	0.766	8.229	-0.428	8.283	3.876	0.560	anomalie
0.585	-0.733	0.508	0.627	-0.918	-0.918	0.608	-0.653	-3.695	-4.011	0.127	-7.347	normal
-1.417	-2.716	0.604	-3.453	0.495	11.369	4.924	2.340	-0.128	-0.682	0.377	-0.167	critique
0.557	-0.749	0.483	-0.010	0.315	0.600	0.324	0.417	-0.655	-1.507	0.436	-2.192	normal
-0.075	-0.494	0.246	-0.142	0.149	0.349	0.121	0.595	-0.245	-1.650	0.773	-1.424	normal
-0.294	-1.494	1.027	0.508	-0.435	-0.460	0.434	0.541	-0.002	0.636	0.380	0.488	normal
-0.526	1.150	0.599	-0.083	7.851	7.851	3.367	6.057	-0.313	-0.313	0.125	-0.082	anomalie
-1.711	-1.711	1.089	-0.931	-0.913	-0.913	0.462	-0.565	-0.127	0.372	0.232	0.609	normal
5.775	5.775	0.749	10.538	0.874	1.126	0.440	0.997	-0.967	-0.967	0.541	-0.387	normal
0.098	-1.622	0.827	-1.029	0.132	0.967	0.357	0.408	1.419	1.419	0.637	1.255	normal
-0.038	1.288	0.609	0.672	1.102	1.102	0.664	0.355	-0.906	-0.906	0.368	-0.888	normal
-3.892	-3.892	0.856	-5.198	-0.500	1.372	0.753	-0.196	-11.968	-11.968	5.157	-9.439	critique
-1.180	-4.450	1.756	-2.931	-3.512	-3.512	0.075	-7.123	4.361	4.361	1.978	3.425	normal
-4.429	-4.429	0.810	-7.979	0.067	-1.256	0.854	0.500	0.310	-2.064	0.909	-1.207	normal
4.615	6.059	0.987	9.474	3.813	4.741	0.571	7.184	3.458	4.482	0.410	8.045	normal
0.774	-7.297	3.805	-3.074	-0.168	2.421	1.042	1.431	0.863	0.863	0.565	0.991	anomalie
4.920	5.068	0.201	9.114	-0.312	-0.885	0.479	-0.469	0.489	0.489	0.305	-0.012	normal
1.526	1.526	0.610	1.613	-0.910	-0.910	0.589	-0.655	4.961	6.053	0.395	10.866	normal
4.916	5.068	0.381	8.938	-0.738	-7.876	3.327	-2.077	0.373	0.373	0.234	0.112	anomalie
-2.170	-2.170	0.803	-2.158	-0.162	-1.424	0.489	-1.731	4.426	5.425	0.812	8.028	normal
0.829	-12.087	5.424	-1.237	-0.479	-14.802	6.377	-6.786	0.598	-0.699	0.512	-0.286	critique
-2.270	-2.270	1.006	-1.377	-0.121	-0.940	0.528	-0.281	0.480	1.247	0.781	0.872	normal
0.500	0.500	0.348	0.225	-0.599	1.847	1.047	-0.215	0.455	-0.663	0.501	0.791	normal
1.127	2.677	0.599	3.735	3.280	3.280	1.676	1.803	-7.768	-7.768	3.200	-6.990	anomalie
1.070	1.070	0.854	0.716	0.453	-7.906	3.387	-1.408	0.208	-0.244	0.226	-0.076	anomalie
0.103	-1.125	0.463	-0.374	5.685	5.685	0.705	10.407	-1.158	1.797	1.182	0.228	normal
0.177	-6.913	2.920	-4.432	5.877	5.877	0.675	10.581	-4.196	-4.693	0.286	-8.775	anomalie
-15.017	-15.017	6.564	-11.937	1.063	1.063	0.719	0.473	15.764	15.764	6.784	12.219	critique
-0.187	0.584	0.374	-0.346	0.550	0.874	0.367	0.503	2.876	4.490	0.752	6.268	normal
8.487	8.487	3.755	7.312	-6.491	-6.491	0.530	-11.554	-5.385	-6.000	0.406	-11.317	anomalie
-0.503	-12.734	5.487	-3.127	0.271	-3.673	1.649	-2.829	-0.793	15.305	6.828	4.390	critique
0.435	-0.960	0.494	-0.120	-0.302	-0.411	0.046	-0.869	-5.737	-6.765	0.550	-11.695	normal
-0.816	2.846	1.423	-0.213	-0.071	-1.443	0.825	-0.688	0.349	-8.730	3.849	-5.113	anomalie
-0.579	1.021	0.771	-0.466	0.693	0.693	0.362	0.819	-1.094	-5.071	2.309	-1.303	normal
0.318	1.294	0.497	0.810	0.746	-1.561	1.137	-0.336	-3.805	-4.286	0.608	-7.067	normal
0.491	-1.129	0.597	-0.590	-0.096	-0.680	0.374	-0.329	-5.479	-6.166	0.324	-11.238	normal
5.478	5.478	0.463	10.529	0.046	0.644	0.275	0.432	-0.579	-0.937	0.619	-0.865	normal
4.869	5.536	0.594	9.832	0.731	0.731	0.153	1.368	1.159	14.915	6.149	4.559	critique
3.872	5.139	0.482	8.421	0.257	-0.713	0.434	-0.473	-4.558	-4.558	1.962	-4.243	normal
1.772	1.772	0.609	1.749	1.003	1.190	0.990	1.076	3.440	3.440	0.528	5.816	normal
2.033	2.867	0.706	3.345	-0.370	-0.370	0.198	-0.189	2.208	4.133	1.022	5.218	normal
0.417	1.366	0.474	0.930	4.510	4.510	0.666	7.944	0.020	-2.127	0.859	-0.814	normal
-0.016	0.684	0.298	0.184	7.268	7.268	3.344	5.551	-0.453	-0.453	0.124	-0.530	anomalie
-0.201	-11.537	4.865	-7.451	-0.694	3.927	2.101	1.193	0.636	-1.101	0.669	0.660	critique
0.119	-1.166	0.505	-0.388	0.682	0.792	0.483	0.524	6.131	6.131	0.765	11.033	normal
-11.882	-11.882	5.067	-9.989	-4.505	-5.180	0.306	-9.200	-4.185	-5.357	0.534	-8.791	critique
1.180	1.180	0.654	0.701	0.646	0.767	0.401	0.332	-0.671	-1.019	0.557	-0.972	normal
0.384	0.667	0.194	0.833	0.134	0.876	0.365	0.085	-1.745	-1.745	0.650	-1.518	normal
0.036	-0.950	0.397	-0.822	0.255	-0.876	0.403	-0.415	0.054	0.536	0.297	0.046	normal
-0.277	-4.761	2.047	-2.213	-2.990	-3.103	0.102	-6.262	4.099	4.501	0.321	7.838	normal
0.524	8.757	3.507	3.036	1.481	1.481	0.842	1.071	-0.687	-0.687	0.474	-0.250	anomalie
-2.328	-2.328	0.305	-3.758	-0.214	-0.507	0.287	-0.594	0.681	7.925	3.456	4.945	anomalie
-0.185	2.251	1.057	0.029	-12.797	-12.797	5.387	-10.988	3.393	4.083	0.641	6.467	critique
0.395	0.740	0.417	0.542	-0.235	-1.033	0.315	-0.939	-2.146	-3.479	0.607	-4.665	normal
-0.081	1.416	0.907	0.267	4.098	4.098	1.824	2.933	0.570	4.617	2.005	2.643	normal
-0.705	-7.265	3.112	-5.007	2.315	2.721	0.262	4.464	4.532	4.984	0.176	9.888	anomalie
0.024	-1.900	0.961	0.854	-6.570	-6.935	1.185	-11.989	0.024	1.332	0.646	0.959	normal
0.563	12.541	5.538	1.904	-0.545	-3.387	1.654	-1.636	-2.200	-3.907	0.735	-5.579	critique
-2.706	-4.725	0.759	-6.752	0.465	0.899	0.323	0.967	0.886	0.886	0.294	1.413	normal
-2.454	-3.239	0.279	-5.418	1.016	1.033	0.547	1.178	-6.222	-6.222	0.516	-11.381	normal
-0.292	1.800	0.790	1.657	0.274	14.752	6.201	3.657	-0.165	0.763	0.348	0.452	critique
-0.759	1.092	0.846	0.674	-0.071	-1.186	0.726	-0.379	-0.195	3.535	1.898	-0.562	normal
0.194	-0.713	0.519	-0.166	0.239	-0.792	0.473	-0.522	0.269	-0.939	0.451	-0.277	normal
-0.885	-1.201	0.645	-1.739	-3.879	-4.870	0.490	-8.698	4.017	4.017	0.710	6.311	normal
6.098	6.098	0.574	10.721	-3.660	-4.413	0.282	-8.064	-0.353	11.152	4.723	4.717	critique
-0.745	1.616	0.927	0.043	-14.487	-14.487	6.185	-11.959	-0.694	1.780	0.953	0.800	critique
4.580	4.580	0.359	8.275	1.306	1.743	0.881	1.365	-0.528	0.585	0.456	-0.238	normal
0.353	3.041	1.510	0.788	0.436	-15.633	6.843	-9.650	0.235	-1.283	0.776	-0.365	critique
0.959	1.317	1.082	1.466	13.996	13.996	6.261	9.969	-0.124	1.237	0.779	-0.245	critique
-0.573	-1.145	0.525	-0.071	4.990	6.344	0.479	11.040	4.554	4.874	0.258	9.373	normal
-0.662	1.420	0.819	1.545	-0.445	-1.463	0.715	-1.546	-1.134	-1.186	0.638	-1.513	normal
-0.364	-8.340	3.452	-5.511	-4.443	-5.500	0.866	-8.790	13.333	13.333	5.846	10.419	critique
0.392	-1.038	0.635	0.397	-3.258	-3.452	0.185	-6.506	-0.076	-9.117	4.062	-5.346	anomalie
0.763	-0.938	0.671	1.389	-1.058	-1.058	0.729	-0.720	-0.380	-8.574	3.958	-4.755	anomalie
0.063	0.766	0.455	0.743	-0.445	-11.898	4.989	-2.922	4.545	5.047	0.294	9.528	critique
0.953	2.487	1.161	1.542	0.490	-0.640	0.457	-0.210	2.676	2.676	1.264	1.995	normal
-0.610	1.158	0.662	-0.330	-0.360	1.013	0.535	1.177	0.147	-0.480	0.294	0.266	normal
3.504	4.646	0.504	7.791	-0.050	-15.992	7.042	-7.461	-0.589	1.747	0.858	-0.227	critique
-5.731	-5.731	0.235	-11.214	2.632	3.589	0.372	6.109	0.481	-15.191	6.542	-6.773	critique
1.965	3.439	1.556	1.840	-0.407	-1.298	0.332	-0.944	-0.097	1.518	0.585	0.876	normal
-1.749	-4.946	1.134	-5.962	0.537	0.616	0.375	0.559	2.449	2.449	1.122	1.088	normal
-0.108	-1.005	0.551	-0.376	0.307	1.203	0.444	0.485	-0.173	14.523	6.275	5.468	critique
-3.261	-3.300	0.607	-5.576	-0.387	-0.755	0.377	-0.530	0.168	1.312	0.489	1.140	normal
-0.887	-0.887	0.490	-0.788	0.323	-7.586	3.241	-4.942	0.077	1.260	0.567	1.153	anomalie
-6.557	-6.954	1.151	-11.699	-1.334	-3.412	0.853	-4.356	-0.122	0.479	0.297	0.184	normal
-1.404	-7.539	2.891	-5.705	-3.777	-3.777	0.330	-6.936	-5.935	-6.185	0.245	-11.098	anomalie
-3.646	-4.062	0.534	-6.410	0.791	-8.168	3.811	-0.251	-5.398	-5.788	0.400	-10.696	anomalie
0.536	-0.596	0.430	0.204	0.770	0.819	0.506	0.967	-0.527	-2.776	1.021	-2.369	normal
-0.445	0.716	0.494	-0.396	1.885	1.885	1.289	0.973	-0.047	1.627	0.774	0.816	normal
3.972	3.972	1.933	2.269	-2.539	-3.278	0.319	-5.373	-2.143	-4.498	0.899	-6.563	normal
-0.656	8.296	3.511	3.667	-0.173	2.152	1.204	0.227	-1.657	-1.657	1.119	-0.792	anomalie
-0.364	12.040	5.376	3.554	3.398	4.495	0.922	7.201	-5.123	-6.135	0.756	-9.761	critique
-4.937	-5.754	0.361	-9.325	0.502	8.778	3.866	4.510	0.143	-0.738	0.407	0.719	anomalie
-0.458	-1.580	0.723	-1.142	1.335	4.449	2.446	1.569	-1.823	-1.823	0.968	-1.287	normal
-0.620	12.155	5.676	0.847	-0.166	-0.557	0.258	-0.294	0.160	13.895	6.066	2.639	critique
-0.752	-2.213	0.996	-1.070	0.746	-1.640	0.862	-0.669	-5.005	-5.005	0.558	-8.939	normal
5.906	5.906	0.533	10.271	5.214	5.777	0.206	11.096	0.057	0.623	0.425	0.193	normal
-0.374	0.891	0.591	0.200	-3.445	-5.031	0.600	-7.212	0.636	-1.111	0.701	0.572	normal
1.186	1.186	0.547	1.607	4.058	4.353	0.330	7.659	0.456	0.456	0.324	1.013	normal
-0.955	-1.143	0.881	-0.692	-4.145	-4.927	0.340	-8.045	0.042	-0.522	0.298	0.064	normal
-0.551	1.186	0.639	0.098	0.019	-0.350	0.178	-0.418	-0.192	0.773	0.496	-0.526	normal
-0.493	-4.726	2.107	-2.988	0.151	1.020	0.552	0.577	-1.036	-1.250	1.001	-1.114	normal
-0.090	11.905	4.943	3.375	-0.248	0.689	0.458	-0.384	3.321	4.017	0.417	6.562	critique
0.471	-0.503	0.363	0.097	-0.162	2.074	0.945	1.403	-0.318	4.220	1.815	1.052	normal
1.734	7.366	2.883	6.212	0.658	-3.196	1.531	-0.724	-0.227	-0.862	0.404	-0.867	anomalie
0.854	0.854	0.357	1.061	1.789	3.368	0.928	3.068	-0.353	0.677	0.452	0.238	normal
0.503	1.614	0.593	1.870	-0.551	-0.855	0.455	-0.989	-1.543	-3.302	0.639	-4.726	normal
-2.437	-2.974	0.461	-4.886	0.772	1.146	0.785	1.095	-3.910	-4.488	0.283	-8.093	normal
-7.578	-7.578	2.963	-7.223	-0.159	0.468	0.343	-0.290	-0.315	0.839	0.610	-0.218	anomalie
1.805	1.805	0.862	1.596	0.669	15.252	6.724	8.814	-0.206	0.870	0.472	-0.292	critique
-0.320	-7.131	3.212	-1.314	0.925	0.925	0.377	0.703	7.070	7.070	2.842	6.218	anomalie
7.155	7.155	1.025	11.836	-5.496	-6.634	1.084	-10.947	0.416	12.530	5.128	7.930	critique
-0.042	0.283	0.117	-0.287	-4.881	-6.147	0.481	-11.045	-7.987	-7.987	3.468	-6.327	anomalie
-12.269	-12.269	5.315	-10.204	0.680	0.960	0.519	0.516	0.768	0.768	0.452	0.320	critique
0.860	-1.421	0.812	0.318	-2.690	-4.179	0.568	-6.540	0.583	-4.763	2.077	-2.913	normal
-4.111	-5.328	0.493	-9.648	-4.963	-4.963	0.460	-8.942	0.237	-0.434	0.250	-0.092	normal
0.593	1.314	0.805	0.358	-0.685	-7.390	2.990	-4.757	-2.810	-4.067	0.821	-5.926	anomalie
-0.019	1.328	0.487	1.559	2.743	3.220	0.619	5.728	-0.836	1.263	0.792	0.799	normal
-2.142	-3.180	0.509	-5.323	0.140	-2.567	1.200	-1.782	0.728	-0.812	0.632	0.781	normal
-0.532	2.132	0.948	1.682	2.533	2.899	0.840	4.747	-0.101	0.816	0.478	-0.055	normal
-1.105	-1.105	0.759	-0.243	-3.524	-3.524	0.776	-5.420	0.982	-1.369	0.926	0.759	normal
-7.340	-7.340	0.848	-12.759	-1.003	-1.095	0.694	-0.994	0.599	-0.786	0.567	0.031	normal
-0.404	0.954	0.519	0.401	-0.127	-4.186	1.577	-2.892	6.005	7.288	1.123	11.318	normal
-0.282	1.164	0.759	-0.311	-0.176	0.681	0.458	0.125	-0.661	-1.041	0.450	-1.119	normal
-1.363	-1.648	0.832	-1.390	2.107	2.629	0.187	4.472	-4.745	-4.745	0.534	-8.928	normal
0.841	0.841	0.606	-0.219	4.655	6.067	0.532	10.056	-4.601	-4.601	1.836	-5.043	normal
4.824	4.824	0.548	8.331	6.115	6.115	0.519	10.881	-4.741	-5.379	0.345	-9.991	normal
3.677	3.677	1.626	2.832	-0.732	-0.765	0.597	-0.648	-0.210	-0.571	0.270	-0.688	normal
-5.764	-5.764	0.222	-11.160	0.170	1.304	0.439	0.862	3.530	3.795	0.667	6.776	normal
3.151	3.151	0.861	5.631	-0.681	-0.901	0.355	-0.833	0.166	-4.945	2.468	-0.728	normal
-0.806	-0.806	0.310	-0.441	6.053	7.016	0.751	12.598	-0.921	-0.921	0.482	-1.193	normal
0.786	-14.571	6.497	-5.082	0.423	4.120	1.677	2.448	-0.505	-0.987	0.458	-0.646	critique
13.548	13.548	6.076	10.032	7.524	7.524	3.125	5.922	-0.191	-0.543	0.370	-0.167	critique
-1.026	-1.026	0.412	-0.800	0.124	-1.554	0.764	-1.495	0.058	0.651	0.411	-0.735	normal
0.180	2.251	1.395	-0.387	-6.046	-6.468	0.275	-11.843	2.627	2.627	0.098	4.853	normal
-0.339	-2.075	0.880	-1.010	1.520	1.520	0.639	1.319	-4.293	-4.448	0.358	-8.208	normal
-5.135	-6.350	0.499	-10.547	-0.159	-1.023	0.540	0.089	-4.657	-4.657	0.589	-8.530	normal
-0.226	-7.080	2.913	-3.987	0.696	2.300	1.120	1.091	0.450	1.389	0.807	-0.217	anomalie
3.864	3.864	1.841	2.890	0.280	-0.609	0.345	0.011	0.709	1.003	0.393	1.308	normal
-0.720	0.980	0.639	-0.260	-2.382	-4.186	0.755	-6.520	-1.786	-1.786	0.932	-1.831	normal
-6.810	-6.810	0.581	-12.909	-0.026	-7.084	3.168	-1.243	0.274	1.888	0.710	0.875	anomalie
-6.589	-6.589	0.453	-12.599	-15.407	-15.407	6.859	-12.498	0.193	4.524	1.979	0.998	critique
0.671	-1.228	0.695	-0.936	-0.467	-7.735	3.020	-3.395	-0.797	-0.797	0.519	-0.350	anomalie
6.367	6.367	0.571	11.453	-0.219	-3.379	1.632	-2.320	0.241	-0.717	0.512	0.569	normal
-0.104	12.216	5.183	4.678	-2.954	-3.259	0.805	-5.451	-5.326	-6.381	0.615	-10.953	critique
-0.692	-1.352	0.475	-1.068	1.097	-1.623	1.004	-0.378	1.118	1.118	0.806	0.215	normal
0.100	-2.247	1.052	-2.011	-4.597	-4.597	2.028	-4.199	-0.128	0.790	0.422	0.106	normal
0.371	3.260	1.774	-0.187	-13.522	-13.522	6.339	-9.501	3.403	3.403	0.794	4.611	critique
0.752	-0.917	0.614	-0.013	-0.603	-8.656	3.751	-5.513	-0.498	-0.498	0.184	-0.707	anomalie
-0.205	12.062	5.108	6.765	-0.258	0.919	0.519	-0.123	-0.490	-0.831	0.434	-0.706	critique
-5.181	-5.925	0.322	-10.952	-0.215	-0.561	0.367	-0.349	15.793	15.793	6.880	12.427	critique
-0.641	13.854	6.154	6.991	1.011	1.011	0.457	0.953	0.083	7.984	3.587	1.000	critique
4.821	5.721	0.587	10.371	-0.442	-12.137	5.342	-7.526	0.371	2.822	1.269	0.998	critique
0.465	-1.309	0.657	0.246	15.828	15.828	6.887	12.253	0.380	0.546	0.423	0.750	critique
-0.433	-1.577	0.852	-0.518	0.973	-1.077	0.796	0.589	-0.232	-1.139	0.569	-0.733	normal
-0.260	1.008	0.489	-0.338	0.097	4.768	2.130	0.814	0.529	-8.074	3.653	-4.315	anomalie
-5.467	-5.467	0.863	-9.860	1.216	4.340	1.938	3.462	7.403	7.403	0.952	12.628	normal
0.104	0.172	0.072	0.074	11.630	11.630	5.292	8.107	4.044	4.044	0.612	7.446	critique
6.750	6.750	0.740	11.939	4.649	4.649	0.415	8.683	-0.339	0.993	0.478	0.599	normal
1.783	3.207	0.522	5.133	0.420	-1.074	0.571	-0.643	-0.530	-0.765	0.248	-0.915	normal
0.216	0.997	0.736	1.315	4.499	4.499	1.979	3.608	0.913	-1.096	0.841	0.422	normal
0.265	-0.901	0.450	-0.207	0.433	-0.946	0.540	0.285	-0.655	-0.655	0.363	0.012	normal
0.960	0.960	0.245	1.360	5.010	5.115	0.356	9.582	-1.064	13.629	6.010	7.106	critique
3.822	6.054	0.806	9.274	4.620	4.990	0.595	9.013	4.947	4.947	0.483	8.593	normal
-6.050	-6.114	0.337	-11.809	-0.456	1.093	0.586	-0.190	-1.532	-3.302	0.870	-3.440	normal
0.010	0.658	0.265	0.690	1.336	1.824	0.843	1.458	0.470	0.855	0.598	0.360	normal
15.209	15.209	6.506	12.092	-1.138	-1.138	0.755	0.013	-0.411	-0.576	0.187	-0.665	critique
-1.690	-2.605	0.406	-4.333	0.528	-0.566	0.443	0.489	12.506	12.506	5.420	9.425	critique
-4.298	-6.122	1.121	-9.550	4.928	5.973	0.384	10.873	-3.066	-4.593	0.601	-7.450	normal
0.696	8.128	3.450	2.565	-0.370	0.411	0.280	-0.225	-2.463	-2.616	0.130	-4.852	anomalie
-0.791	-0.917	0.562	-0.835	-0.435	0.668	0.433	-0.016	0.714	1.650	0.788	1.478	normal
0.871	-3.113	1.455	-1.086	-0.637	-0.637	0.483	-0.082	-0.330	-1.672	0.899	-0.716	normal
2.491	2.906	0.249	5.249	-1.288	-8.176	3.044	-3.522	-1.076	-1.076	0.667	-0.369	anomalie
0.242	-11.724	5.079	-2.472	0.856	0.856	0.551	1.165	0.125	-0.790	0.485	-0.012	critique
0.184	-1.134	0.532	-0.169	0.163	0.194	0.045	0.312	-0.271	0.685	0.472	-0.032	normal
4.123	4.785	0.609	7.475	0.742	8.086	3.350	2.127	-0.414	-11.090	4.751	-3.475	critique
0.018	1.342	0.585	0.755	-4.274	-4.274	0.854	-6.699	0.532	0.950	0.819	-0.294	normal
1.294	1.294	0.677	0.563	-0.148	0.892	0.379	-0.180	-0.136	-1.111	0.673	-0.318	normal
1.990	1.990	0.888	2.358	0.064	0.766	0.307	0.483	-0.673	-0.707	0.368	-0.059	normal
-0.069	-1.103	0.649	-1.288	-0.282	-0.396	0.212	-0.760	-0.380	0.523	0.370	-0.587	normal
-5.051	-5.051	0.707	-9.404	7.033	7.033	1.092	13.119	-0.209	7.523	3.441	3.423	anomalie
3.565	3.993	0.592	7.461	-0.526	-0.656	0.161	-0.750	-0.405	-0.405	0.252	-0.464	normal
3.774	3.774	0.614	6.001	0.381	-0.887	0.576	0.082	-1.044	-1.044	0.855	-0.518	normal
-0.931	1.528	0.902	-0.461	0.057	0.675	0.358	0.488	0.170	14.451	6.289	4.711	critique
0.976	-0.987	0.701	-0.302	-0.030	0.579	0.371	-0.035	0.417	0.910	0.498	0.429	normal
-0.111	-1.343	0.917	-0.119	0.505	-0.882	0.510	-0.520	0.373	-1.071	0.689	0.280	normal
0.344	-3.267	1.573	-0.190	-0.407	-0.690	0.317	-0.379	1.377	1.377	0.768	1.213	normal
0.599	0.599	0.470	-0.500	1.428	4.573	1.949	1.805	0.190	0.775	0.445	0.869	normal
-0.614	1.027	0.605	0.545	-0.327	-1.263	0.840	-0.111	-11.836	-11.836	5.427	-8.921	critique
0.749	0.749	0.529	0.391	7.023	7.023	3.018	5.681	-1.004	-1.004	0.693	-0.109	anomalie
-0.819	14.226	6.377	7.919	-0.006	1.124	0.450	0.869	0.322	-0.766	0.487	0.295	critique
3.984	5.114	0.427	8.761	-0.046	2.239	1.041	0.807	-0.742	-12.693	5.639	-5.731	critique
-4.612	-5.939	0.867	-9.198	-2.807	-4.568	0.733	-6.770	3.733	3.733	2.125	1.728	normal
-1.153	-1.271	0.843	-1.802	-1.024	-1.024	0.704	-0.444	-0.236	-3.313	1.486	-0.842	normal
-0.408	-1.100	0.622	-0.232	-0.031	-0.780	0.273	-1.136	-0.114	0.989	0.403	1.108	normal
-0.608	1.246	0.661	0.477	0.691	-1.136	0.662	-0.289	-0.506	14.861	6.478	4.398	critique
-0.706	-1.243	0.770	-0.244	0.248	-10.984	4.867	-2.038	-7.050	-7.050	0.843	-11.665	critique
-3.977	-5.534	0.600	-9.321	-0.108	-1.612	0.795	-1.890	0.160	-0.650	0.308	-0.576	normal
-0.903	-0.903	0.392	-0.794	1.035	1.035	0.714	0.927	4.982	5.850	1.174	9.044	normal
-0.476	1.414	0.947	-0.037	-0.087	-0.907	0.490	0.289	-0.165	8.806	3.580	3.797	anomalie
-0.073	0.369	0.175	0.263	0.052	-0.914	0.348	-0.588	-0.083	-0.233	0.057	-0.518	normal
0.660	14.712	6.203	3.397	-0.029	-0.671	0.379	0.322	-0.734	-0.734	0.541	-0.244	critique
0.885	0.885	0.262	1.272	-0.728	-11.032	4.478	-8.058	-0.519	-0.619	0.393	-0.387	critique
4.071	5.722	0.679	9.350	1.628	1.628	0.790	1.670	0.027	0.648	0.328	0.382	normal
-2.809	-5.294	1.674	-4.543	0.002	0.292	0.116	0.369	0.666	0.799	0.352	1.190	normal
3.280	3.855	0.948	6.973	2.026	2.988	0.344	4.428	-4.937	-5.019	0.155	-9.939	normal
0.209	1.225	0.806	-0.233	0.180	-1.095	0.583	-0.299	-0.660	1.306	0.902	0.268	normal
0.990	0.990	0.509	0.634	0.008	1.066	0.394	0.794	-0.480	0.947	0.634	0.098	normal
0.224	-8.235	3.801	-4.095	-3.779	-4.730	0.416	-8.540	3.870	4.482	0.729	6.961	anomalie
-0.011	-1.101	0.558	-0.713	7.761	7.761	3.195	5.896	0.105	1.105	0.612	0.674	anomalie
3.585	3.585	0.486	5.898	-0.410	-1.000	0.523	-0.618	0.503	-0.782	0.525	0.588	normal
0.003	0.789	0.286	0.946	-0.026	-7.336	2.935	-2.453	4.452	4.646	0.604	8.149	anomalie
4.008	4.620	0.442	8.605	0.314	0.950	0.306	0.688	4.402	4.402	0.892	7.018	normal
-1.725	-1.725	1.131	-0.192	-0.296	-1.333	0.654	-0.827	1.630	-7.402	3.658	-1.811	anomalie
1.172	1.172	0.586	1.172	0.681	14.154	5.937	6.363	-3.995	-4.926	0.582	-8.407	critique
5.274	6.635	0.717	11.682	0.131	-0.632	0.299	-0.021	-2.805	-4.842	0.817	-7.394	normal
0.413	0.413	0.233	0.319	3.836	3.836	1.060	4.933	-4.778	-4.778	2.097	-4.202	normal
-0.224	0.988	0.570	0.539	0.096	1.588	0.576	1.158	0.190	-1.547	0.913	0.564	normal
-0.389	15.158	6.527	8.245	-3.434	-4.571	0.573	-6.802	-5.759	-6.997	1.008	-11.739	critique
-0.589	3.257	1.649	1.986	-2.639	-5.254	0.992	-7.025	0.371	1.470	0.705	0.585	normal
0.358	-0.446	0.350	0.597	-0.139	0.277	0.148	0.296	0.477	2.081	0.913	1.720	normal
0.980	0.980	0.352	1.576	-0.104	14.054	6.043	2.338	-4.669	-4.669	0.580	-7.662	critique
0.024	-0.456	0.236	0.074	-4.349	-4.349	0.705	-6.993	-0.456	-2.134	0.664	-2.448	normal
-0.296	1.057	0.650	-0.015	-0.420	8.746	3.793	0.764	-0.075	11.100	4.918	6.027	critique
1.046	1.046	0.715	0.165	0.573	-8.823	3.977	-5.574	-0.654	14.186	6.271	2.194	critique
-0.073	1.633	0.753	1.022	-8.567	-8.567	3.726	-7.375	-0.086	1.632	0.797	0.643	anomalie
-0.466	0.702	0.449	-0.163	-0.799	-4.771	1.902	-1.568	8.506	8.506	3.858	6.204	anomalie
3.099	4.163	0.395	6.141	-4.962	-5.445	0.477	-9.923	0.395	-0.802	0.598	0.060	normal
4.616	4.616	0.863	7.439	1.080	1.080	0.599	0.602	0.078	-0.594	0.349	0.693	normal
-0.448	-2.271	1.031	-1.868	3.530	4.669	0.443	8.172	-0.465	13.464	5.842	4.084	critique
2.076	2.076	1.358	1.047	5.044	5.044	0.596	8.366	0.624	3.229	1.210	2.152	normal
-3.702	-3.702	1.852	-2.638	0.550	-0.738	0.532	0.024	-0.147	0.741	0.410	0.012	normal
-0.277	-3.512	1.620	-0.715	-1.114	-1.114	0.518	-1.164	-0.250	2.905	1.527	1.620	normal
4.435	4.435	0.520	7.405	0.150	0.409	0.281	-0.200	0.048	14.695	6.535	4.983	critique
5.631	5.771	0.358	10.916	-0.597	1.801	0.858	0.344	5.955	6.682	0.849	12.382	normal
5.678	5.722	0.506	10.620	15.638	15.638	6.947	11.542	0.693	1.005	0.497	0.690	critique
-0.022	1.548	0.654	0.806	-0.399	0.759	0.472	0.160	-0.467	-0.800	0.461	-0.576	normal
7.758	7.758	3.534	5.562	-0.135	-1.406	0.484	-1.395	-4.766	-5.274	0.202	-10.324	anomalie
-1.173	-1.173	0.613	-1.721	-14.927	-14.927	6.080	-13.485	0.151	0.200	0.159	0.155	critique
1.062	2.333	0.646	3.139	-4.133	-4.133	0.728	-6.470	-1.072	-1.072	0.758	-0.394	normal
-13.260	-13.260	5.375	-12.146	-0.084	-0.965	0.431	-0.123	-1.450	-2.739	0.716	-3.856	critique
0.701	7.209	3.159	3.151	-0.193	-0.647	0.406	-0.247	-0.067	1.106	0.605	0.750	anomalie
2.497	3.697	0.456	5.239	-0.161	0.495	0.272	-0.517	3.406	3.474	0.109	6.520	normal
0.417	-1.130	0.560	-0.552	-0.828	-0.828	0.593	-0.296	-2.760	-2.760	0.632	-5.031	normal
0.267	6.895	2.983	0.935	-0.221	0.840	0.511	0.274	0.751	-7.319	3.223	-1.530	anomalie
1.411	1.411	0.699	1.180	8.279	8.279	3.898	6.158	1.239	-9.106	4.167	-2.141	anomalie
0.287	1.586	1.057	0.321	-0.101	-0.843	0.282	-0.831	-0.145	0.980	0.418	0.805	normal
2.929	3.429	0.195	6.101	-0.600	-0.867	0.577	-0.461	-3.141	-5.223	0.737	-8.219	normal
-5.776	-5.776	0.444	-10.709	-0.246	-12.924	5.895	-2.042	2.109	2.109	0.685	2.942	critique
-0.169	7.330	3.223	0.767	0.755	1.210	0.859	1.197	4.031	4.812	0.733	7.921	anomalie
-1.329	-1.329	0.665	-0.873	2.445	4.866	0.960	6.561	7.942	7.942	3.322	5.839	anomalie
-0.668	-0.668	0.351	-0.998	0.005	0.613	0.227	0.549	1.701	3.565	0.828	5.278	normal
0.312	-0.957	0.545	-0.060	-5.141	-5.881	0.284	-10.942	-0.087	4.929	2.345	1.049	normal
-3.913	-4.774	0.324	-8.788	-2.467	-2.467	1.400	-1.673	-1.131	-1.131	0.655	-0.298	normal
0.412	0.566	0.249	0.865	0.462	-1.665	1.120	0.076	-0.321	-0.431	0.154	0.013	normal
-0.034	3.279	1.648	1.070	-1.030	-1.030	0.299	-1.533	1.227	1.227	0.688	0.524	normal
0.727	1.205	0.623	0.900	-11.312	-11.312	4.946	-9.642	1.108	1.108	0.642	0.858	critique
0.303	-1.662	0.906	-0.363	-5.786	-6.061	0.691	-11.029	-0.110	1.473	0.570	1.110	normal
1.071	1.071	0.849	0.833	1.106	1.106	0.642	-0.050	-0.431	15.086	6.494	8.409	critique
0.276	0.879	0.297	1.448	-5.363	-6.172	0.363	-11.269	-4.760	-5.302	0.361	-9.216	normal
-0.961	1.025	0.721	-0.376	-1.067	-1.067	0.846	0.059	5.153	5.660	0.375	10.125	normal
-0.176	-4.273	1.994	-0.668	-14.823	-14.823	6.151	-13.157	-3.686	-4.745	0.524	-7.588	critique
3.291	5.001	0.718	8.319	0.199	0.899	0.392	0.996	4.810	5.539	0.440	9.836	normal
-0.313	-1.686	0.630	-0.823	2.402	2.884	0.416	5.078	0.199	-7.770	3.302	-3.515	anomalie
-0.096	0.444	0.197	0.600	0.470	0.470	0.245	0.434	0.294	0.609	0.362	0.562	normal
5.685	5.685	0.536	9.873	0.617	0.617	0.361	0.461	0.114	1.223	0.657	0.131	normal
0.105	-4.561	1.826	-1.746	0.611	0.611	0.319	0.872	-0.165	-1.493	0.700	-0.385	normal
14.206	14.206	6.108	10.789	-1.351	-7.446	3.183	-2.524	0.004	3.820	1.438	1.651	critique
12.765	12.765	5.493	10.049	-0.664	-4.492	1.735	-1.923	6.020	6.020	0.485	10.500	critique
-1.407	-1.520	0.533	-1.769	-0.394	-1.541	0.776	-1.013	3.928	4.193	0.505	7.287	normal
-0.043	-0.735	0.507	-0.124	-0.273	-8.287	3.854	-2.547	1.172	1.172	0.429	1.228	anomalie
-0.589	-7.983	3.660	-1.128	-0.336	0.782	0.433	0.000	-0.374	3.003	1.345	0.704	anomalie
5.301	6.455	0.477	10.863	-0.568	1.408	0.766	1.202	0.795	-1.308	0.839	0.729	normal
13.778	13.778	5.910	10.997	0.481	8.573	3.937	5.194	-0.239	3.872	1.828	0.095	critique
-1.306	-1.306	0.683	-1.166	-0.724	-0.724	0.536	-0.084	0.731	-1.583	0.870	0.486	normal
-0.653	15.283	6.747	2.167	2.353	3.186	0.768	4.116	0.147	0.681	0.445	0.539	critique
0.006	-0.890	0.454	-0.301	-0.012	-0.607	0.470	-0.071	-0.448	-0.706	0.343	-0.612	normal
0.899	1.389	0.584	2.192	0.001	-0.633	0.420	-0.057	-0.765	-1.449	0.518	-1.349	normal
3.790	5.849	0.786	9.346	0.100	12.894	5.663	5.065	0.345	0.345	0.242	-0.057	critique
-0.943	13.567	6.058	6.606	0.605	0.605	0.352	0.393	-0.341	-0.947	0.335	-0.063	critique
8.380	8.380	3.601	6.996	-6.490	-6.685	0.477	-12.322	0.346	-0.888	0.473	-0.322	anomalie
0.660	1.562	0.794	1.437	0.171	-1.899	1.011	-1.284	0.202	-7.833	3.436	-1.329	anomalie
0.874	0.874	0.548	0.885	0.573	0.800	0.366	1.116	0.022	-0.873	0.528	0.195	normal
3.962	4.695	0.281	8.502	0.421	-0.605	0.410	0.141	0.519	-11.993	5.441	-1.471	critique
0.687	1.334	0.635	1.020	0.589	-0.824	0.592	-0.051	-0.876	-1.227	0.585	-1.264	normal
0.063	1.603	1.040	-0.016	-2.619	-3.383	0.307	-5.956	-1.169	-1.169	0.724	-1.439	normal
-1.741	-1.741	1.044	-0.513	-0.162	1.189	0.496	-0.032	4.473	4.584	0.557	8.158	normal
-0.615	4.226	1.959	0.297	5.872	5.872	0.829	9.820	-2.825	-3.156	0.406	-5.665	normal
-0.143	-1.298	0.690	-0.556	0.414	0.414	0.310	-0.206	-0.503	-1.173	0.354	-1.347	normal
0.619	-1.172	0.701	0.282	0.372	0.372	0.209	0.199	-0.360	11.898	5.118	4.669	critique
-0.484	0.675	0.451	0.309	-4.992	-5.785	0.307	-10.862	5.897	5.897	1.091	9.186	normal
-0.593	-0.593	0.347	-0.454	1.012	-13.670	6.182	-1.394	-0.639	8.930	3.941	3.345	critique
6.472	6.472	0.436	11.758	0.011	1.511	0.606	0.836	-0.495	1.202	0.752	-0.112	normal
-0.383	0.964	0.504	0.057	-0.518	-0.711	0.452	-0.400	2.528	2.528	0.318	4.380	normal
1.952	5.322	1.196	6.364	-0.580	-1.358	0.662	-0.780	0.173	1.202	0.713	0.996	normal
0.489	0.636	0.275	1.049	-4.193	-4.193	0.304	-7.764	-6.511	-6.511	1.098	-11.186	normal
-0.225	-1.137	0.492	-1.102	-0.043	2.685	1.370	0.033	-0.883	-0.883	0.581	-0.575	normal
-12.641	-12.641	5.288	-10.529	5.186	6.394	0.490	10.701	0.576	4.358	1.977	2.423	critique
-1.036	-4.467	2.089	-1.309	0.643	7.424	3.402	3.049	0.038	-1.129	0.547	-0.550	anomalie
-0.141	-1.441	0.845	-0.504	1.382	-1.963	1.213	0.819	-3.934	-3.934	0.819	-5.812	normal
1.155	-1.159	0.858	1.282	0.101	-0.769	0.441	-0.215	3.002	5.047	0.773	6.796	normal
-0.092	-15.182	6.386	-7.404	-4.131	-5.044	0.374	-9.065	-0.166	0.433	0.222	0.518	critique
0.178	-0.940	0.699	-0.157	0.348	0.761	0.331	0.651	0.269	1.340	0.668	1.687	normal
-0.291	-0.291	0.201	0.099	0.354	12.577	5.664	4.298	0.573	-2.035	0.946	-1.202	critique
-0.206	-0.470	0.262	0.226	-4.491	-4.491	1.654	-4.395	0.355	0.796	0.469	1.108	normal
-0.435	1.547	1.094	-0.615	-0.926	-0.926	0.544	-0.749	1.052	1.052	0.476	0.641	normal
0.386	1.038	0.752	0.430	0.772	-0.902	0.671	1.023	0.380	-1.510	0.877	0.558	normal
-2.198	-2.672	0.179	-4.986	0.471	8.661	3.562	5.848	-0.731	-4.279	1.794	-2.373	anomalie
4.416	6.241	0.671	9.588	0.172	-13.088	5.440	-8.668	-4.878	-6.623	0.687	-10.630	critique
-4.024	-5.183	0.887	-8.599	-4.933	-6.083	0.523	-10.924	-0.342	-1.045	0.268	-0.878	normal
-3.195	-3.869	0.347	-6.631	0.924	7.173	2.953	2.855	3.435	3.840	0.602	6.211	anomalie
3.552	3.552	1.556	2.776	3.319	4.873	0.758	7.103	-0.262	1.272	0.615	0.906	normal
0.078	-4.426	1.976	-1.220	-0.462	0.834	0.469	0.204	-3.603	-3.603	1.773	-1.924	normal
-3.690	-4.932	0.637	-7.606	15.167	15.167	6.711	11.296	1.286	2.390	1.172	1.070	critique
-0.599	0.980	0.677	-0.522	5.021	5.021	0.919	8.901	6.462	6.462	0.337	12.367	normal
-0.020	2.868	1.113	1.577	-0.038	-0.687	0.488	-0.447	-0.587	0.620	0.456	0.212	normal
0.239	3.004	1.401	0.406	-0.872	-1.416	1.077	-1.312	0.230	-8.011	3.606	-3.104	anomalie
0.499	0.850	0.196	1.027	-0.341	0.813	0.519	0.197	0.363	-2.876	1.229	-0.757	normal
0.190	-0.849	0.416	-0.696	-0.537	-0.751	0.487	-0.801	-0.279	-1.162	0.818	-0.391	normal
-0.354	1.103	0.548	0.135	-0.106	-0.922	0.533	-0.321	-0.713	-13.440	5.738	-6.286	critique
-0.337	13.532	5.709	2.907	-5.989	-5.989	0.278	-11.477	-0.776	1.609	0.934	0.461	critique
1.868	1.868	1.071	1.128	-15.318	-15.318	6.654	-12.376	0.425	-0.726	0.435	-0.534	critique
-2.308	-2.308	0.395	-4.452	-3.333	-4.184	0.412	-6.703	0.161	1.007	0.410	0.887	normal
-0.622	-0.622	0.335	-0.587	-0.449	1.014	0.751	-0.397	-0.335	-0.335	0.164	-0.114	normal
0.862	-1.063	0.906	-0.268	1.165	1.165	0.633	1.559	-0.167	1.311	0.681	0.854	normal
-0.232	-0.235	0.154	-0.502	4.202	5.204	0.465	8.189	-0.176	1.483	0.790	0.527	normal
-4.831	-7.123	0.883	-11.474	-4.075	-5.280	0.801	-8.514	6.265	6.265	0.929	10.257	normal
0.182	0.841	0.528	0.213	-0.193	-2.074	1.027	-0.854	0.073	-1.078	0.413	-0.616	normal
-7.854	-7.854	3.417	-6.492	-2.714	-3.055	0.694	-5.398	0.521	3.830	1.550	2.807	anomalie
-0.324	-1.170	0.374	-1.228	1.606	3.596	0.800	4.360	-0.036	15.799	6.837	3.178	critique
0.235	7.453	3.240	2.727	1.602	1.602	1.145	1.394	0.135	-0.658	0.307	-0.636	anomalie
-0.942	-0.942	0.552	-0.024	-0.398	-1.047	0.803	-0.036	-1.074	-1.074	0.788	-0.519	normal
-4.087	-5.155	0.462	-7.989	0.887	0.887	0.286	0.891	5.736	6.063	0.325	11.464	normal
-8.888	-8.888	3.695	-7.609	2.726	4.157	0.860	6.326	0.506	1.883	0.681	2.279	anomalie
0.578	1.514	1.041	-0.333	0.277	-7.447	3.262	-4.471	-5.438	-5.438	1.674	-5.857	anomalie
-0.744	-0.944	0.608	-0.876	-8.920	-8.920	4.023	-7.090	-5.946	-5.946	0.633	-10.498	anomalie
1.738	1.738	0.623	1.720	-1.043	-1.043	0.647	-0.681	-0.289	-4.252	2.022	-3.507	normal
0.399	-0.988	0.543	-0.571	-0.388	-0.860	0.527	-0.191	3.774	4.610	0.345	8.278	normal
0.095	-0.826	0.484	-0.291	-0.064	-7.348	3.092	-2.156	-0.033	0.561	0.396	-0.227	anomalie
0.365	-1.088	0.559	-0.119	1.360	3.731	0.843	5.033	-0.456	-7.545	3.371	-1.566	anomalie
0.400	0.954	0.612	0.801	-0.050	-0.808	0.524	-0.559	0.635	1.854	0.511	1.401	normal
-4.303	-6.789	0.881	-10.440	-0.764	-0.764	0.346	-1.087	0.580	1.235	0.761	0.391	normal
-6.359	-7.179	0.440	-13.217	-0.125	-1.794	0.997	-0.470	-0.280	0.503	0.356	-0.238	normal
-0.741	-0.741	0.397	-0.332	-3.556	-3.556	0.303	-6.413	-0.165	-0.988	0.605	-0.688	normal
0.327	0.759	0.220	1.120	-4.126	-4.126	1.966	-2.851	3.091	4.817	0.687	6.955	normal
-0.130	0.778	0.398	0.032	-0.421	-8.484	3.621	-1.644	1.088	14.072	5.886	5.928	critique
-0.872	-0.872	0.471	-0.506	0.949	0.949	0.626	0.648	-15.793	-15.793	6.792	-13.202	critique
3.842	3.842	1.642	3.578	0.536	-1.425	0.723	-0.679	-0.123	-14.908	6.362	-3.489	critique
-0.785	0.897	0.816	-0.936	0.968	-7.374	3.398	-0.790	-0.550	1.048	0.589	0.426	anomalie
4.207	6.565	0.952	10.664	0.584	-1.002	0.749	0.641	-5.874	-6.556	0.956	-11.304	normal
-3.919	-6.140	0.935	-9.506	0.569	0.730	0.259	0.723	0.020	-1.015	0.446	-0.178	normal
0.718	-1.612	0.868	-0.430	-6.957	-6.957	0.886	-12.293	-0.623	1.525	0.771	0.642	normal
0.604	-0.623	0.448	0.336	3.273	3.273	1.480	2.298	5.218	5.821	0.530	10.085	normal
-0.352	-0.786	0.310	-0.538	0.180	7.203	3.060	4.059	-0.521	-0.521	0.148	-1.040	anomalie
13.040	13.040	5.433	10.992	3.341	4.960	0.669	8.203	0.839	1.367	0.750	1.400	critique
-0.245	0.671	0.442	-0.514	8.151	8.151	3.830	4.825	0.363	0.541	0.263	0.886	anomalie
-0.092	0.523	0.321	0.255	0.062	0.514	0.234	0.533	0.506	-13.048	5.809	-8.414	critique
4.937	6.444	0.983	10.313	-5.166	-5.615	0.729	-10.046	-1.088	1.149	0.850	0.303	normal
7.735	7.735	3.815	5.295	3.871	5.729	0.699	9.230	-0.178	-7.706	3.596	-4.375	anomalie
-1.759	-3.435	0.909	-3.446	2.023	2.023	0.997	1.124	0.119	-8.733	3.900	-5.471	anomalie
2.312	3.343	0.566	5.719	2.658	3.168	0.539	5.174	-0.600	0.987	0.565	-0.128	normal
-0.089	-0.788	0.426	-0.377	-3.483	-5.415	0.701	-8.807	-0.623	-0.623	0.449	0.079	normal
0.146	0.450	0.343	-0.219	-0.290	0.514	0.320	-0.285	3.411	3.995	0.696	6.729	normal
0.170	0.487	0.355	1.078	0.649	0.649	0.256	1.187	4.475	4.843	0.410	8.756	normal
0.594	0.594	0.378	0.775	7.007	7.007	2.805	6.132	0.437	0.437	0.391	0.766	anomalie
-3.007	-3.829	0.678	-5.759	0.972	2.240	0.708	1.721	2.471	2.648	0.670	4.462	normal
-3.140	-3.140	0.411	-5.676	-1.820	-2.019	0.967	-2.174	4.317	4.317	1.927	3.608	normal
-1.088	1.384	0.925	-0.083	-0.348	-0.855	0.182	-0.640	-0.849	1.885	1.272	-0.039	normal
-1.191	-1.377	0.603	-1.491	8.502	8.502	3.459	7.219	3.011	3.613	0.278	6.604	anomalie
-8.514	-8.514	3.387	-7.897	3.345	3.345	0.672	5.863	2.728	2.836	0.625	4.833	anomalie
0.566	0.965	0.612	0.841	0.056	-13.684	5.994	-2.719	1.053	-1.259	0.940	-0.608	critique
-1.259	7.307	3.504	-0.157	-0.286	-7.534	3.316	-2.881	0.494	1.367	0.814	2.037	anomalie
-0.141	-1.504	0.746	-0.354	-0.452	0.612	0.485	-0.239	3.066	3.066	0.821	4.896	normal
0.175	1.317	0.449	0.659	-7.939	-7.939	3.428	-6.424	-0.775	-8.341	3.332	-4.803	anomalie
-0.187	1.366	0.933	0.478	-0.491	-3.189	1.409	-1.157	-6.262	-6.262	0.837	-11.324	normal
12.874	12.874	5.847	9.564	-0.039	-14.269	6.154	-2.958	4.242	4.242	2.331	2.704	critique
0.398	-1.124	0.641	0.173	-2.651	-3.542	0.687	-5.092	-8.056	-8.056	3.345	-7.285	anomalie
-0.308	0.492	0.355	-0.362	-11.565	-11.565	5.066	-9.581	2.910	2.910	0.719	4.060	critique
0.334	1.015	0.520	0.436	-6.306	-6.306	0.657	-11.337	0.281	-1.103	0.745	0.459	normal
0.507	-0.749	0.473	-0.367	0.010	-0.628	0.404	0.033	-0.414	-0.522	0.160	-0.494	normal
0.104	-1.395	0.587	-0.776	-0.195	-1.863	0.874	-0.545	-0.364	1.334	0.702	-0.002	normal
-0.352	-11.225	4.686	-7.471	0.048	1.270	0.631	-0.055	0.870	1.027	0.764	0.347	critique
-4.044	-4.970	0.404	-8.803	0.513	-1.017	0.642	-0.466	0.801	-7.735	3.567	-3.007	anomalie
0.926	-12.060	5.459	-1.449	0.215	-0.532	0.347	-0.029	0.270	-4.076	1.762	-1.829	critique
-0.742	-14.355	6.168	-9.907	-0.118	-0.444	0.123	-0.498	-0.137	-0.708	0.382	-0.670	critique
-2.814	-4.504	0.818	-7.358	-3.067	-3.926	0.483	-5.978	-0.368	1.029	0.506	0.526	normal
-7.271	-7.271	3.338	-5.930	0.274	-13.516	5.641	-6.153	0.210	2.802	1.072	2.246	critique
1.134	1.134	0.853	0.077	5.074	5.074	0.609	8.201	0.395	-0.580	0.387	0.573	normal
1.285	-1.607	1.352	0.820	-0.643	8.780	3.914	1.253	4.041	4.041	0.576	6.981	anomalie
0.518	-0.754	0.507	-0.225	3.920	3.920	0.157	7.197	4.341	4.341	1.048	7.179	normal
-0.201	-1.230	0.553	-0.788	-0.167	1.578	0.924	0.063	-0.173	14.016	6.104	7.926	critique
0.478	2.170	0.754	1.277	-1.047	13.812	6.206	7.352	10.812	10.812	4.904	7.278	critique
-5.347	-5.347	0.301	-10.148	0.031	-0.948	0.429	0.046	0.753	0.753	0.119	1.523	normal
0.819	4.323	1.822	1.943	-0.539	1.181	0.636	-0.467	-0.969	-0.969	0.519	-0.668	normal
3.520	5.359	0.843	7.272	0.488	-1.200	0.730	0.061	-0.315	0.677	0.486	-0.024	normal
0.705	8.864	4.106	0.674	-0.773	-8.240	3.762	-5.545	5.130	5.914	0.313	11.126	anomalie
0.778	0.778	0.396	0.748	-1.158	1.303	0.937	0.531	4.343	4.343	0.282	7.674	normal
-0.270	0.798	0.417	0.261	-0.404	-1.191	0.709	-1.080	0.242	3.781	1.704	2.067	normal
-2.963	-4.065	0.625	-5.348	-0.307	0.618	0.346	0.072	-15.263	-15.263	6.489	-12.783	critique
1.322	1.322	0.794	0.596	1.092	-11.913	5.278	-6.883	3.600	3.600	0.752	4.893	critique
2.449	3.231	0.580	5.171	0.557	2.024	0.793	1.667	-0.598	-7.056	3.073	-4.556	anomalie
-1.466	-1.466	0.672	-1.253	-1.132	-1.132	0.832	-1.116	1.137	1.137	0.249	1.762	normal
-13.642	-13.642	5.793	-12.082	0.234	0.234	0.169	-0.294	-3.552	-3.552	0.623	-5.280	critique
-0.509	-8.287	3.545	-4.214	-0.278	12.432	5.840	1.291	1.731	1.731	0.607	2.254	critique
-0.704	-1.623	0.603	-1.316	1.150	14.888	6.032	9.812	-11.544	-11.544	5.042	-9.812	critique
3.173	4.087	1.266	5.355	-0.362	-2.346	0.944	-1.953	0.979	0.979	0.486	0.544	normal
-0.306	-1.377	0.804	-1.412	1.206	1.206	0.558	1.402	-1.786	-1.786	1.086	-0.663	normal
0.089	0.770	0.250	0.405	-0.624	7.145	3.079	2.787	0.629	-0.804	0.518	-0.346	anomalie
-0.232	-15.866	6.829	-9.647	0.664	0.664	0.245	0.306	0.797	0.797	0.537	0.440	critique
0.556	0.556	0.282	0.178	-0.074	0.628	0.476	-0.141	-0.718	-0.718	0.275	-1.250	normal
-5.243	-6.041	0.410	-11.117	0.597	-0.999	0.667	-0.079	0.309	-0.782	0.540	0.379	normal
-0.354	0.694	0.484	-0.323	1.617	-14.485	6.520	-2.126	-8.879	-8.879	4.070	-7.075	critique
0.447	-0.829	0.492	-0.607	-0.197	0.409	0.274	0.303	-3.077	-4.488	1.067	-6.843	normal
0.414	-1.200	0.796	-0.203	8.373	8.373	3.818	6.310	-0.263	1.168	0.588	0.458	anomalie
0.914	0.914	0.399	1.848	0.637	0.637	0.450	0.257	-0.631	-0.631	0.462	-0.123	normal
5.132	5.132	0.238	10.031	1.225	2.868	0.827	3.432	2.709	4.408	1.125	5.219	normal
10.868	10.868	4.512	10.048	0.095	0.678	0.355	0.669	-0.926	-0.926	0.262	-1.077	critique
-0.062	-0.572	0.378	0.269	-0.149	-13.349	5.924	-2.498	0.844	-1.323	0.773	-0.834	critique
0.209	-1.463	0.978	0.626	0.298	-0.903	0.607	0.824	8.642	8.642	3.866	6.015	anomalie
13.431	13.431	5.923	10.553	-0.513	-0.885	0.511	-0.536	-4.017	-4.657	0.885	-7.452	critique
4.002	4.002	0.533	7.149	-3.960	-4.719	0.472	-8.137	-0.215	-0.755	0.276	-0.372	normal
0.993	0.993	0.528	0.984	-0.567	0.768	0.477	0.233	3.075	3.075	0.370	5.491	normal
5.366	5.366	0.562	9.658	-2.540	-3.492	0.493	-5.390	-1.264	7.254	3.557	-0.311	anomalie
0.190	-7.449	3.259	-4.190	-6.027	-6.374	0.475	-11.913	-1.093	8.497	3.855	3.811	anomalie
1.266	3.593	0.929	5.047	-0.440	1.818	1.088	0.852	4.231	5.815	0.625	9.366	normal
-2.257	-3.325	0.390	-4.895	0.161	0.915	0.456	0.036	-0.185	-2.904	1.431	0.237	normal
0.355	-1.042	0.588	0.201	-0.078	1.312	0.545	1.315	-2.904	-3.819	0.495	-5.962	normal
-0.546	-7.367	3.330	-1.667	0.257	-0.973	0.662	0.220	-0.011	-3.496	1.349	-2.314	anomalie
-5.032	-5.903	0.843	-10.428	-0.877	4.382	1.947	1.779	0.214	0.595	0.319	0.352	normal
0.488	1.948	0.697	1.444	-0.814	-0.814	0.331	-0.397	-0.147	1.685	1.054	-0.675	normal
-0.572	-8.846	4.016	-3.270	2.328	3.298	0.529	5.257	0.057	1.200	0.611	0.152	anomalie
0.065	-0.710	0.459	-0.216	-0.794	-0.800	0.329	-0.667	-0.070	3.587	1.418	0.510	normal
0.720	0.720	0.538	0.116	5.249	6.741	0.986	11.600	-4.538	-6.271	0.741	-10.340	normal
1.415	7.566	2.935	3.998	-3.797	-4.259	0.308	-7.484	-1.714	-2.141	0.155	-3.869	anomalie
0.305	-1.069	0.670	0.024	0.013	-0.971	0.618	-0.004	-0.488	1.130	0.581	0.579	normal
2.884	3.922	0.734	6.521	1.675	2.952	0.484	4.189	-2.228	-4.382	0.772	-5.887	normal
0.487	-0.804	0.552	-0.063	0.169	1.632	0.607	1.352	1.822	13.867	6.024	3.019	critique
-0.345	-0.672	0.485	-0.069	0.908	0.908	0.637	0.967	2.209	3.448	0.551	5.642	normal
0.873	-13.604	6.115	-1.861	-0.270	-0.588	0.378	0.147	-0.959	-12.808	5.651	-5.447	critique
-0.349	-1.779	0.775	-1.173	-0.400	0.538	0.351	-0.410	-0.318	14.007	6.148	5.548	critique
-5.202	-5.800	0.331	-10.523	11.046	11.046	4.696	8.817	-0.327	-1.446	0.676	-0.481	critique
-7.670	-7.670	3.675	-5.425	-0.423	-15.420	6.582	-10.182	-1.751	8.037	3.692	3.297	critique
-1.327	-1.327	0.939	-0.648	1.171	1.171	0.232	2.320	-3.699	-3.699	0.873	-5.708	normal
-1.965	-3.330	0.571	-4.537	-0.503	1.305	0.806	-0.736	14.951	14.951	6.378	12.519	critique
1.411	1.411	0.608	1.468	4.007	4.125	0.595	7.378	3.969	3.969	0.728	7.141	normal
-0.174	0.569	0.294	0.424	0.147	-2.114	0.925	-1.665	-1.325	2.702	1.453	0.371	normal
-0.850	13.695	6.019	2.365	0.904	-14.274	6.200	-3.401	-1.753	-4.212	0.878	-5.416	critique
0.418	0.418	0.288	-0.002	-1.425	-1.425	0.654	-0.656	-0.200	-8.132	3.411	-3.344	anomalie
0.420	1.692	0.841	1.279	-1.138	-7.777	3.230	-2.430	-0.325	-0.591	0.269	-0.699	anomalie
0.458	1.100	0.407	0.487	-0.432	-1.395	0.875	-0.761	-0.053	2.047	0.891	0.778	normal
2.262	3.448	0.779	4.414	-8.468	-8.468	3.816	-6.621	-0.741	0.847	0.597	-0.206	anomalie
3.942	4.565	0.405	7.037	0.972	0.972	0.156	1.618	-0.206	-0.489	0.349	-0.156	normal
6.440	6.440	0.380	12.203	0.804	1.254	0.584	1.060	-0.329	0.965	0.477	0.654	normal
-3.089	-3.917	0.513	-6.179	-0.540	0.599	0.413	-0.167	0.501	-3.853	1.849	-1.882	normal
0.522	-0.980	0.712	0.168	-0.629	3.346	1.658	-0.717	1.210	1.210	0.614	1.310	normal
0.739	-2.917	1.437	-0.400	-0.370	-0.532	0.117	-0.395	-5.010	-5.154	1.049	-8.654	normal
-0.129	11.500	5.080	2.064	-0.621	0.745	0.506	-0.570	-0.014	0.953	0.366	1.168	critique
-6.096	-6.096	1.121	-9.737	0.112	7.643	3.306	4.615	-7.962	-7.962	3.558	-6.642	anomalie
4.814	5.211	0.970	8.816	0.907	1.286	0.927	0.706	-0.647	-1.167	0.470	-1.042	normal
5.906	5.906	0.281	11.402	-0.295	4.603	2.066	1.695	-8.322	-8.322	3.631	-6.680	anomalie
-15.236	-15.236	6.420	-13.172	0.514	0.577	0.466	0.554	0.967	13.233	5.819	5.365	critique
-0.028	1.215	0.695	0.738	-0.715	0.866	0.600	-0.081	-1.024	-1.024	0.580	-1.142	normal
0.148	0.387	0.207	0.866	0.034	-0.691	0.334	-0.467	6.609	6.609	0.615	11.475	normal
-3.307	-3.307	0.689	-5.231	-0.735	-1.206	0.433	-0.985	-0.866	-0.971	0.566	-0.497	normal
3.687	4.204	0.289	7.307	-0.172	-1.551	0.822	-0.399	3.055	3.372	0.417	6.628	normal
-0.954	1.440	0.856	-0.457	-0.138	13.459	5.997	3.979	-0.495	0.549	0.405	-0.136	critique
-7.858	-7.858	3.526	-6.312	1.075	1.075	0.647	0.559	-1.127	-1.127	0.716	-1.254	anomalie
12.337	12.337	5.277	9.576	-0.863	13.194	5.999	1.127	0.168	3.990	1.701	0.795	critique
-2.580	-2.580	0.364	-4.392	-1.418	-1.418	0.775	-0.754	-0.040	1.628	0.738	0.941	normal
-5.307	-5.685	0.639	-9.772	1.004	1.004	0.624	1.175	1.173	-8.354	3.850	-0.598	anomalie
-0.751	-0.751	0.466	-0.534	8.602	8.602	3.896	6.223	-0.115	3.079	1.209	2.212	anomalie
0.220	-0.421	0.252	-0.064	0.271	0.942	0.406	0.630	-4.839	-4.839	2.208	-4.878	normal
-0.391	0.805	0.503	-0.638	0.001	-0.892	0.468	-0.266	0.100	1.197	0.406	1.262	normal
-0.311	-0.840	0.389	-0.457	-0.342	0.783	0.422	0.356	-0.005	7.371	3.140	4.057	anomalie
-0.196	2.869	1.902	-1.269	1.769	1.769	0.907	1.358	3.085	3.085	0.748	4.934	normal
0.488	-1.250	0.714	-0.123	-2.981	-4.475	0.675	-6.441	1.188	1.188	0.611	1.144	normal
0.161	-1.227	0.696	-0.614	-0.320	-1.344	0.592	-1.223	0.129	2.159	1.169	1.674	normal
-6.535	-6.535	0.723	-11.229	-0.178	0.729	0.385	0.278	-0.667	1.164	0.667	-0.740	normal
-2.894	-3.043	0.201	-5.570	2.856	3.637	0.425	6.110	0.398	0.971	0.373	0.187	normal
7.116	7.116	3.507	4.327	-0.236	-0.674	0.359	-0.869	-0.744	-8.668	3.558	-2.979	anomalie
-8.877	-8.877	3.857	-7.519	1.375	3.948	1.589	2.499	0.112	-0.249	0.135	0.437	anomalie
-0.744	-7.168	3.254	-4.317	-0.017	1.634	0.585	1.320	-0.140	-0.456	0.173	-0.376	anomalie
-5.641	-7.103	0.880	-10.898	0.344	-0.871	0.546	-0.027	0.491	-1.044	0.632	1.121	normal
-0.918	3.636	1.703	-0.185	0.162	-0.727	0.346	-0.436	-0.545	1.179	0.692	-0.677	normal
-6.204	-6.204	0.528	-10.775	-3.439	-4.606	0.490	-7.123	-0.394	1.164	0.682	0.038	normal
-0.488	0.967	0.514	0.168	-4.007	-4.007	0.457	-7.459	0.623	-0.725	0.557	0.098	normal
4.380	4.380	1.976	3.988	-0.071	-0.404	0.150	-0.286	0.671	-0.731	0.498	0.175	normal
-0.056	-1.101	0.370	-1.103	0.174	1.219	0.645	0.768	-0.438	-12.864	5.343	-8.810	critique
0.714	1.065	0.532	0.860	1.549	1.549	0.871	0.911	-0.907	-0.907	0.490	-1.299	normal
-0.927	-11.386	4.832	-5.701	-2.702	-4.733	0.804	-6.719	0.798	0.798	0.392	1.413	critique
0.424	-7.499	3.275	-4.177	0.640	0.917	0.720	0.578	0.349	-0.549	0.318	0.212	anomalie
2.023	2.984	0.389	4.850	-0.505	0.883	0.574	-0.963	1.893	2.642	1.419	2.017	normal
-0.392	-8.678	3.652	-5.877	-0.306	1.013	0.725	0.051	-0.510	-2.505	1.164	-1.384	anomalie
-0.003	-7.978	3.514	-2.571	-0.783	-15.021	6.257	-4.121	0.148	4.642	1.839	2.393	critique
-0.561	-1.210	0.512	-1.583	-0.043	2.462	1.115	1.657	-0.117	1.600	0.793	0.211	normal
0.317	-0.403	0.273	-0.206	-0.296	-8.663	3.803	-5.435	0.399	0.708	0.419	0.620	anomalie
1.316	1.316	0.742	1.315	-0.158	-0.747	0.513	-0.323	-0.139	4.257	1.817	0.831	normal
-0.177	0.843	0.441	-0.164	0.083	-0.920	0.359	-0.498	0.541	-0.693	0.507	-0.174	normal
-0.385	8.139	3.639	2.791	1.167	1.167	0.802	-0.012	-6.231	-7.492	0.648	-12.727	anomalie
0.039	7.300	3.079	4.292	-0.693	-5.013	2.007	-2.769	-5.248	-6.101	0.850	-9.951	anomalie
3.758	4.572	0.320	7.811	3.189	3.189	0.737	4.653	0.530	-0.605	0.496	-0.258	normal
-0.052	-1.707	0.839	-1.139	0.030	0.580	0.340	0.292	-0.226	-8.675	3.801	-3.583	anomalie
7.171	7.171	0.914	11.810	0.016	-1.384	1.059	0.790	-4.301	-4.620	0.457	-8.863	normal
0.493	-2.590	1.217	-1.200	3.787	5.077	0.712	8.230	-7.828	-7.828	3.411	-6.810	anomalie
0.099	4.627	2.132	2.964	4.888	4.888	0.224	9.859	1.329	1.329	1.014	0.904	normal
-0.759	-15.653	6.677	-4.418	0.558	-0.758	0.592	0.377	-1.709	-1.709	1.083	-0.858	critique
0.061	-1.189	0.721	-0.020	3.018	5.088	0.854	7.788	3.438	3.683	0.579	6.303	normal
0.028	1.527	0.666	0.712	0.606	8.002	3.263	2.186	0.539	-0.705	0.481	-0.271	anomalie
-0.064	-0.546	0.219	-0.749	-3.534	-5.262	0.926	-7.150	3.634	4.400	0.304	7.720	normal
-6.106	-6.571	0.608	-11.558	1.883	3.799	0.948	4.790	-1.250	-1.250	0.879	-1.531	normal
0.742	0.742	0.208	0.702	-0.716	1.251	0.848	-0.104	4.623	5.385	0.784	8.591	normal
-0.312	-0.984	0.487	-1.053	6.053	6.053	0.251	12.276	1.843	3.809	0.716	5.336	normal
0.322	1.391	0.474	1.320	-1.444	14.246	6.624	6.972	-1.148	1.381	1.053	0.023	critique
-0.003	0.506	0.329	0.150	0.174	14.442	6.068	5.883	5.829	6.216	0.531	11.074	critique
3.798	3.798	0.443	6.910	6.947	7.591	0.637	13.619	0.953	0.953	0.620	0.656	normal
-2.585	-2.585	0.464	-4.027	-4.954	-5.011	0.524	-9.258	4.084	4.778	0.526	8.772	normal
-3.810	-3.810	0.677	-6.176	4.733	5.670	0.723	9.513	0.401	6.986	3.211	1.105	anomalie
0.721	0.721	0.442	0.828	-0.482	-1.175	0.506	-0.863	-0.229	1.009	0.578	-0.314	normal
-3.678	-3.678	0.483	-6.445	4.239	4.691	0.322	8.603	-0.608	-0.943	0.458	-0.455	normal
-0.887	3.157	1.459	1.246	-3.276	-5.378	0.888	-8.347	-0.147	-1.239	0.837	-1.361	normal
0.608	-1.200	0.713	-0.172	5.297	5.772	0.513	9.863	-0.424	-12.462	5.395	-5.327	critique
1.772	1.772	1.209	0.502	-1.252	-2.894	1.002	-2.768	3.445	4.264	0.417	5.987	normal
-1.946	-2.377	0.232	-3.919	3.858	4.671	0.331	8.837	2.661	3.675	0.499	6.119	normal
0.446	-1.693	0.861	-0.370	-0.697	2.146	1.042	0.754	0.711	11.546	4.933	7.509	critique
-14.470	-14.470	6.217	-12.187	0.959	-0.994	0.777	0.397	0.015	1.347	0.577	0.901	critique
0.013	-0.761	0.292	-0.129	-3.146	-4.301	0.446	-6.949	-1.074	-1.243	0.355	-2.299	normal
0.836	2.106	0.950	1.277	-3.809	-3.809	0.413	-6.843	1.191	1.191	0.887	0.299	normal
-3.896	-3.896	0.912	-6.071	1.030	1.030	0.592	1.074	-0.283	1.298	0.892	0.385	normal
0.251	-1.326	0.696	-0.499	1.271	-1.292	0.949	-0.284	0.518	8.665	3.798	2.433	anomalie
-0.774	1.866	1.032	-0.712	-0.391	-1.093	0.274	-1.349	-0.437	0.619	0.443	-0.043	normal
1.356	1.356	0.555	1.123	0.121	-0.517	0.306	-0.137	-0.637	-1.341	0.777	-0.782	normal
-0.127	14.629	6.483	5.552	0.073	-1.081	0.450	-0.284	0.027	13.101	5.510	3.237	critique
4.491	6.082	0.769	9.408	1.036	11.820	4.862	5.999	-0.848	1.127	0.782	0.584	critique
0.813	-2.538	1.386	0.246	1.533	1.533	0.857	0.455	0.132	-0.500	0.347	-0.143	normal
-0.355	1.651	0.890	0.409	-0.295	-0.706	0.457	0.126	0.065	0.336	0.201	-0.257	normal
-0.657	-13.166	5.416	-9.296	-4.163	-5.988	0.713	-10.427	3.067	3.735	0.365	6.496	critique
1.340	-1.978	1.390	1.375	-0.220	1.002	0.591	0.130	-1.273	-3.384	0.788	-4.644	normal
0.780	-2.885	1.468	0.369	3.177	3.177	0.222	5.978	3.168	4.584	0.590	8.193	normal
-0.364	8.719	3.918	3.240	4.642	4.883	0.239	9.489	-3.208	-3.208	0.581	-5.306	anomalie
0.357	-7.985	3.696	-2.417	0.103	1.836	0.934	0.613	-1.129	-1.129	0.825	-0.787	anomalie
-1.323	4.910	2.531	0.004	-0.106	-15.466	6.534	-4.684	-1.130	1.311	0.913	-0.298	critique
-3.970	-3.970	0.741	-6.267	0.775	12.776	5.763	1.834	-0.682	1.306	0.861	0.749	critique
0.126	0.566	0.412	0.651	0.138	1.888	0.759	1.019	-0.028	1.391	0.835	0.831	normal
-2.176	-2.176	1.120	-1.699	-1.774	-2.392	0.320	-3.979	-5.618	-6.311	1.244	-9.094	normal
0.720	-1.256	0.833	0.344	-0.469	2.111	0.974	0.240	-3.111	-3.825	0.742	-5.683	normal
-1.076	-1.465	0.660	-1.131	1.186	-1.281	0.965	0.003	0.259	2.123	1.137	0.128	normal
2.317	3.713	0.544	6.263	-0.037	-0.651	0.316	-0.698	0.891	0.891	0.521	1.038	normal
-0.383	-0.913	0.445	-0.631	-0.019	1.383	0.975	-0.012	0.581	0.581	0.380	0.577	normal
-0.443	-1.312	0.532	-0.913	0.819	1.222	0.659	0.754	2.279	4.609	0.944	7.157	normal
-1.442	2.009	1.232	0.124	-0.086	-3.755	1.526	-1.764	0.222	-0.914	0.576	0.262	normal
-1.702	14.915	6.749	3.952	-0.382	-1.582	0.850	0.393	-0.628	0.865	0.596	-0.608	critique
-1.494	-1.586	0.499	-2.516	-2.150	-2.150	1.013	-2.039	-11.736	-11.736	5.390	-8.785	critique
12.963	12.963	6.046	8.540	0.370	-0.874	0.703	-0.475	-0.947	7.128	3.370	1.495	critique
-2.342	-3.154	0.523	-5.030	0.716	1.362	0.233	1.888	2.986	2.986	0.497	4.718	normal
-0.065	-0.967	0.670	-0.307	-0.050	0.704	0.505	0.679	-0.323	-1.711	0.913	-1.218	normal
0.565	-1.474	0.954	-0.174	0.465	1.043	0.683	1.478	-0.180	0.626	0.367	0.431	normal
0.897	3.404	1.530	1.690	1.312	4.835	1.839	3.364	0.031	-1.825	0.932	-0.453	normal
-0.971	-0.971	0.538	-0.816	-0.632	1.975	1.090	1.054	-1.339	-1.339	0.955	-0.684	normal
0.242	-0.305	0.221	0.171	1.275	1.597	1.053	1.643	-0.013	0.528	0.207	0.325	normal
0.110	-1.943	1.010	-1.021	1.285	1.285	0.836	0.269	-4.487	-6.064	1.022	-9.136	normal
-5.694	-5.694	0.684	-9.916	0.211	-0.589	0.362	-0.014	-0.180	-0.497	0.354	-0.348	normal
-2.807	-2.807	0.607	-4.179	7.297	7.297	3.490	5.108	0.889	1.293	0.624	0.578	anomalie
-1.012	-7.322	3.099	-2.115	-4.924	-4.924	0.409	-9.550	-0.173	1.790	1.038	1.065	anomalie
0.622	8.193	3.549	1.691	0.251	0.647	0.300	0.390	-4.678	-5.582	0.337	-9.932	anomalie
-1.251	4.038	2.074	0.047	0.497	-1.057	0.644	-0.055	-13.905	-13.905	5.993	-11.117	critique
6.083	6.083	0.770	10.606	3.664	3.664	0.462	7.179	0.714	-4.462	1.966	-3.054	normal
-0.110	-1.276	0.700	0.533	-0.500	-1.213	0.780	-0.307	-3.524	-5.353	0.718	-7.754	normal
0.345	-14.172	6.480	-1.589	0.137	-0.477	0.251	-0.268	4.286	4.800	0.283	8.215	critique
4.065	4.065	0.298	8.163	0.714	-1.622	0.848	-0.306	-1.134	-1.134	0.443	-1.183	normal
-1.049	-1.049	0.563	-1.316	0.258	-0.840	0.635	-0.606	-0.066	1.792	0.799	0.502	normal
-1.624	-1.624	0.995	-0.559	-0.923	-1.122	0.548	-1.032	1.472	1.472	0.598	2.019	normal
0.180	-1.621	0.730	-0.286	-0.653	-1.089	0.733	0.062	-0.625	-4.465	2.216	-2.950	normal
-6.177	-6.177	0.668	-10.751	-3.684	-4.341	0.266	-7.537	-0.673	-0.876	0.414	-0.998	normal
-0.369	1.183	0.634	0.685	0.043	0.976	0.683	-0.276	0.605	0.818	0.602	-0.366	normal
-1.360	2.920	1.549	0.641	4.264	4.497	0.485	8.087	-0.392	1.000	0.688	0.251	normal
0.475	-2.994	1.464	-1.572	-0.685	1.659	0.849	0.171	-0.300	11.297	4.837	2.167	critique
-12.125	-12.125	5.490	-9.943	-0.738	-1.145	0.254	-1.472	-0.368	11.534	5.098	6.069	critique
-0.278	-0.719	0.217	-0.916	0.801	0.801	0.415	0.424	-0.191	0.626	0.347	0.159	normal
-4.209	-4.309	0.599	-7.700	-0.183	-4.930	2.079	-1.638	-0.160	1.178	0.567	0.016	normal
-7.589	-7.589	3.511	-5.783	0.893	-7.979	3.692	-4.302	0.719	0.816	0.270	0.906	anomalie
-2.391	-2.391	0.338	-4.344	-2.287	-2.287	1.190	-1.243	-0.796	2.123	1.105	0.336	normal
5.588	6.809	0.559	11.224	-3.144	-4.672	0.747	-7.494	-5.369	-5.755	0.201	-10.331	normal
1.649	1.649	1.157	0.183	-1.222	7.467	3.676	-0.802	-0.416	-0.416	0.255	-0.472	anomalie
-12.045	-12.045	5.168	-10.408	0.167	-8.711	3.906	-3.434	-4.110	-4.110	0.384	-7.911	critique
3.422	4.345	0.354	7.511	-0.616	-2.460	1.125	-1.776	4.158	4.158	0.488	7.006	normal
0.578	8.968	3.801	2.150	0.460	-1.388	0.732	0.704	0.793	-7.165	3.388	-0.301	anomalie
0.290	8.699	3.610	2.190	0.490	-2.236	1.227	-0.756	-11.495	-11.495	4.999	-9.071	critique
0.075	0.778	0.531	-0.428	-6.797	-6.797	0.472	-12.730	-2.542	-2.542	0.388	-4.255	normal
-0.932	-1.006	0.096	-1.592	5.082	6.281	0.616	9.976	3.030	3.659	0.953	4.915	normal
-0.888	-0.888	0.749	-0.588	-0.465	-2.700	1.160	-2.130	-7.390	-7.390	3.405	-5.747	anomalie
0.958	-4.624	2.239	-0.526	0.059	0.998	0.687	0.106	-1.113	-1.113	0.654	-1.035	normal
13.308	13.308	5.832	10.458	-3.582	-3.582	0.641	-6.071	1.064	-8.561	3.858	-4.903	critique
-0.214	0.721	0.468	0.200	4.367	4.943	0.360	8.977	0.701	0.789	0.616	1.194	normal
-1.213	-1.213	0.858	-0.183	-0.088	-0.352	0.280	0.731	-0.620	1.011	0.758	-0.239	normal
-5.873	-5.873	0.223	-11.356	3.248	3.275	0.184	6.174	-0.078	-0.946	0.389	-0.729	normal
-0.093	-1.161	0.509	-0.760	-0.076	-4.345	1.868	-0.669	-0.733	-13.405	5.709	-6.909	critique
-1.041	-1.041	0.702	-0.906	1.085	-12.758	5.976	-3.806	-0.008	1.416	0.927	-0.530	critique
-0.112	-1.289	0.627	-0.564	4.286	5.585	0.638	9.145	3.621	3.621	1.296	4.056	normal
-1.648	-14.749	5.907	-5.307	0.409	-0.986	0.567	-0.389	-0.692	2.705	1.441	-0.339	critique
1.069	13.430	5.978	5.084	3.799	3.799	0.650	5.898	-7.526	-7.526	3.400	-5.184	critique
-0.021	12.808	5.590	6.813	-6.499	-6.499	0.733	-11.090	-2.191	-2.191	0.748	-2.317	critique
1.527	1.527	1.106	0.278	2.282	2.282	1.022	1.900	-0.313	-0.678	0.273	-0.605	normal
-0.391	-0.566	0.452	-0.057	0.260	-1.610	1.026	0.257	0.879	0.879	0.547	0.138	normal
-3.884	-4.961	0.381	-8.853	-3.645	-3.892	0.673	-6.761	-0.078	-0.804	0.578	0.154	normal
-0.307	-0.860	0.268	-0.493	5.423	7.131	0.935	11.139	-0.576	-8.800	3.782	-2.568	anomalie
1.082	1.575	0.741	1.245	-3.769	-4.532	0.561	-7.483	-0.353	0.509	0.356	-0.259	normal
0.598	0.598	0.302	0.747	-0.226	-0.991	0.404	-0.924	0.522	1.208	0.560	0.885	normal
0.075	1.027	0.358	1.333	0.717	12.632	5.432	2.565	0.324	0.373	0.283	0.386	critique
-3.468	-4.847	0.766	-6.945	-5.968	-5.968	0.461	-10.524	0.143	-0.900	0.427	-0.044	normal
4.462	4.462	0.322	8.367	0.393	1.679	0.780	0.575	-0.905	7.881	3.595	4.087	anomalie
0.545	-2.363	1.065	-0.709	-0.160	12.540	5.626	7.026	-1.038	1.218	0.822	-0.019	critique
-8.427	-8.427	3.633	-6.927	-0.866	4.613	2.143	0.367	-1.002	-1.002	0.411	-0.838	anomalie
-3.700	-3.700	0.831	-5.406	-0.619	0.992	0.590	0.282	0.017	1.353	0.865	-0.421	normal
-0.584	1.120	0.621	-0.188	0.781	1.048	0.517	1.351	-0.152	-1.340	0.821	0.034	normal
0.852	0.852	0.536	1.068	0.521	1.274	0.611	0.981	0.014	1.330	0.572	0.212	normal
-0.105	0.606	0.275	0.265	1.899	1.899	0.849	1.826	8.693	8.693	3.757	7.147	anomalie
-0.133	12.765	5.826	3.568	0.929	0.929	0.340	0.982	-3.389	-3.682	0.199	-7.013	critique
-0.312	7.805	3.324	3.402	0.496	2.842	1.309	2.511	-0.412	-0.414	0.277	-0.620	anomalie
-1.146	1.744	1.058	0.038	-2.965	-4.977	0.771	-7.476	-0.844	-1.210	0.186	-1.950	normal
0.994	-3.647	1.785	0.274	6.847	6.847	1.057	11.481	0.460	1.476	0.422	1.625	normal
-4.318	-4.318	1.904	-3.677	-0.365	1.209	0.632	0.007	-0.929	-1.123	0.734	-1.069	normal
-2.797	-3.486	0.886	-5.229	0.067	-4.337	1.915	-2.407	-0.161	11.775	5.344	4.535	critique
0.115	8.667	3.834	2.781	-0.117	0.771	0.375	0.571	-1.021	-1.021	0.492	-1.146	anomalie
-1.379	-7.410	3.197	-2.385	1.062	1.062	0.590	1.247	-1.145	-1.145	0.626	0.031	anomalie
0.972	0.972	0.431	0.508	-0.551	-0.776	0.305	-1.014	-1.138	1.787	1.039	-0.100	normal
3.199	3.404	0.892	5.430	-2.665	-2.948	0.239	-5.297	-0.797	1.781	0.968	0.566	normal
0.346	-1.650	0.792	-0.127	3.558	4.696	0.443	8.303	0.238	0.591	0.278	-0.288	normal
0.310	-14.450	6.482	-8.558	0.308	-0.666	0.371	0.121	0.571	-1.194	0.877	0.632	critique
0.124	2.212	1.407	-0.012	-3.990	-5.169	0.755	-8.052	0.533	14.299	6.022	8.953	critique
-0.480	1.895	0.948	0.230	-0.970	1.185	1.003	-0.700	0.429	-1.549	1.096	-0.173	normal
0.650	-4.334	1.970	-2.166	-3.003	-3.217	0.384	-5.407	-0.109	1.612	0.642	1.282	normal
0.036	-0.752	0.413	-0.516	-0.263	-0.435	0.142	-0.474	-4.585	-4.638	0.255	-8.484	normal
0.553	-3.349	1.440	-1.397	-3.415	-4.343	0.511	-6.926	-0.125	1.537	0.635	1.144	normal
-4.141	-5.769	0.642	-9.393	-1.251	-1.409	0.500	-1.724	-0.752	0.989	0.624	-0.293	normal
-0.248	-1.637	1.015	0.229	-0.326	0.770	0.587	0.117	0.391	0.761	0.382	0.106	normal
1.937	3.494	0.876	4.145	0.095	0.690	0.243	0.527	-0.451	0.693	0.432	-0.300	normal
0.647	-1.510	0.775	-0.019	0.533	0.905	0.467	0.560	-0.101	0.990	0.473	0.552	normal
-0.420	3.836	1.656	0.227	1.081	1.081	0.458	0.960	0.570	1.173	0.602	1.532	normal
0.820	-2.227	1.140	0.413	0.155	-0.712	0.419	-0.357	0.770	-7.907	3.690	-0.567	anomalie
-0.591	1.164	0.780	-0.497	-0.482	0.583	0.460	-0.689	-6.608	-6.614	0.523	-12.408	normal
-11.677	-11.677	5.249	-9.194	1.160	1.178	0.884	1.749	0.420	-0.756	0.525	-0.021	critique
-0.292	1.677	0.801	0.605	-2.996	-2.996	0.356	-5.182	0.018	0.432	0.345	0.585	normal
2.482	4.371	1.066	5.589	-0.797	1.559	0.938	0.674	1.291	-1.850	1.126	-0.346	normal
0.419	-0.917	0.615	-0.547	0.328	1.134	0.504	1.709	0.603	0.603	0.422	-0.202	normal
1.243	1.243	0.549	1.834	0.702	-13.585	5.905	-6.026	3.984	5.487	0.716	8.568	critique
3.003	3.711	0.764	5.089	-3.056	-3.227	0.600	-5.142	-3.804	-4.535	0.699	-7.491	normal
-2.148	-3.440	0.628	-5.233	-3.764	-3.764	1.743	-3.451	-0.833	-12.286	5.409	-3.150	critique
0.159	-4.164	1.788	-2.744	-3.435	-4.106	0.626	-6.188	-0.574	-0.574	0.276	-1.283	normal
-0.306	11.988	5.262	6.299	4.130	5.130	0.857	7.391	-6.281	-6.281	0.842	-10.640	critique
-0.943	-0.943	0.631	-0.484	0.248	0.880	0.465	-0.226	4.553	5.109	0.511	9.344	normal
4.507	4.507	0.569	7.441	-3.799	-4.040	0.167	-7.080	-5.664	-6.162	0.464	-10.774	normal
0.365	-1.442	0.737	0.517	3.690	5.611	0.778	9.583	5.093	5.093	0.671	9.387	normal
0.472	1.146	0.318	1.325	0.049	-0.956	0.466	-0.222	-7.463	-7.463	3.115	-6.539	anomalie
2.219	3.093	0.671	5.329	-6.384	-6.701	0.705	-12.343	-5.754	-5.754	0.573	-10.450	normal
4.120	4.120	0.326	7.504	0.122	1.846	1.062	-0.089	3.915	3.915	0.319	7.070	normal
0.155	14.185	6.094	8.225	-4.295	-6.194	0.977	-9.787	1.379	-1.802	1.168	0.362	critique
0.014	-7.279	3.385	-0.564	-6.637	-7.106	1.006	-11.921	-0.055	-2.020	0.766	-1.054	anomalie
-0.446	-0.566	0.336	-0.307	0.145	1.029	0.323	1.200	-0.095	0.835	0.608	0.121	normal
0.150	-0.850	0.551	0.114	2.895	3.256	0.429	5.768	2.296	3.076	0.700	4.394	normal
-0.434	-0.434	0.152	-0.660	-0.094	-0.843	0.404	-0.380	-0.305	-8.264	3.311	-5.581	anomalie
-3.568	-6.355	0.993	-9.369	-2.522	-4.677	0.800	-7.443	0.479	1.401	0.859	0.057	normal
3.066	3.473	0.184	6.191	-0.052	1.390	0.663	0.376	-0.227	-1.557	0.888	-0.132	normal
0.988	0.988	0.614	0.941	0.544	-1.183	0.728	-0.059	-4.774	-5.732	0.585	-9.313	normal
-0.179	-1.231	0.758	0.077	-0.220	0.680	0.381	0.063	-0.610	-1.883	0.944	-1.204	normal
-0.667	-0.969	0.246	-0.610	4.489	6.113	1.058	9.650	7.502	7.502	2.957	6.901	anomalie
0.250	-0.835	0.518	-0.077	0.273	3.259	1.568	0.152	3.592	5.254	0.684	7.781	normal
0.223	1.657	1.153	-0.175	5.696	6.324	0.384	11.532	-11.387	-11.387	5.268	-8.318	critique
0.382	0.708	0.188	0.912	0.216	0.976	0.668	0.314	-0.282	-1.117	0.332	-1.232	normal
-0.244	-0.917	0.304	-1.013	-1.081	-1.081	0.709	0.102	-0.057	0.845	0.438	0.246	normal
-0.305	-7.826	3.280	-3.786	4.193	4.676	1.194	6.085	-0.592	0.837	0.579	-0.168	anomalie
0.664	-8.338	3.679	-3.444	-0.490	-1.097	0.818	-0.215	-1.239	11.543	5.198	3.320	critique
0.050	-7.801	3.496	-4.513	-0.724	1.491	0.829	0.005	-0.468	-0.999	0.680	-0.839	anomalie
-0.825	-0.825	0.525	-1.613	-0.124	-7.915	3.552	-1.803	-0.150	-1.220	0.493	-1.681	anomalie
-1.192	-1.192	0.599	-1.267	2.405	3.436	0.489	5.566	0.323	0.323	0.216	0.148	normal
-0.104	-2.949	1.409	-0.886	-0.052	-11.567	4.880	-6.406	-3.160	-3.689	0.416	-5.960	critique
-0.990	4.518	2.109	-0.164	-0.215	-0.312	0.102	-0.634	-0.148	0.193	0.129	0.068	normal
0.983	0.983	0.439	1.083	3.217	3.217	1.353	3.218	-8.833	-8.833	4.169	-6.553	anomalie
0.299	0.597	0.257	0.028	0.909	-14.690	6.675	-5.150	-0.404	0.892	0.511	0.660	critique
-5.793	-5.984	0.198	-11.742	-0.552	0.823	0.499	0.406	4.548	4.548	0.774	7.558	normal
0.066	-0.885	0.568	-0.041	0.306	0.427	0.333	0.626	3.886	3.886	0.361	6.764	normal
-2.812	-5.040	0.931	-7.772	-1.480	-1.480	0.752	-1.018	-1.178	-1.178	0.455	-1.351	normal
-7.193	-7.193	2.999	-6.333	14.528	14.528	6.296	10.900	5.504	5.591	0.209	10.754	critique
-0.569	-1.292	1.104	0.136	0.216	0.735	0.444	0.626	0.161	1.021	0.335	0.656	normal
-0.282	1.119	0.585	0.275	-0.953	1.356	1.193	-0.348	0.947	0.947	0.336	1.545	normal
-0.514	0.941	0.528	0.333	-0.359	-1.488	0.749	-1.358	0.037	0.740	0.259	0.723	normal
0.777	14.021	5.848	9.204	3.150	3.150	0.747	5.393	3.688	4.649	0.884	7.142	critique
-5.813	-6.735	0.391	-11.817	-0.998	-0.998	0.579	-0.706	5.845	5.845	0.824	9.405	normal
-5.320	-5.393	0.541	-9.542	-0.486	-0.654	0.236	-0.459	-3.880	-4.097	0.425	-7.082	normal
0.162	-1.908	0.742	-0.938	-0.999	1.266	0.820	-0.400	1.226	1.226	0.531	1.933	normal
-0.641	3.755	1.758	-0.635	-0.996	-0.996	0.557	-0.583	-2.472	-2.626	0.090	-4.973	normal
3.513	4.258	0.308	6.901	0.530	0.530	0.196	0.008	-1.264	-1.264	0.825	-1.224	normal
7.653	7.653	3.536	5.965	-0.442	-2.454	0.794	-1.914	-3.858	-3.858	1.855	-2.721	anomalie
-1.259	-1.573	0.932	-1.848	-4.251	-5.763	0.549	-9.967	-0.217	-0.923	0.426	-0.641	normal
-0.307	-1.391	0.511	-1.461	-6.056	-6.179	0.335	-11.570	-0.104	14.933	6.448	3.050	critique
-0.607	7.840	3.382	4.615	0.387	1.008	0.493	0.806	-4.040	-4.243	0.396	-7.195	anomalie
-2.503	-2.781	0.280	-5.467	0.155	-0.882	0.578	0.539	4.861	5.511	0.685	9.557	normal
-0.891	-1.189	0.405	-1.714	4.975	4.975	0.298	9.633	1.200	1.200	0.329	1.661	normal
0.226	0.417	0.114	0.867	0.059	3.418	1.561	1.042	0.651	1.472	0.790	0.399	normal
-0.736	1.009	0.720	-0.655	0.812	-1.193	0.962	-0.379	-0.447	1.245	0.663	0.883	normal
0.481	-0.668	0.467	0.375	2.655	2.897	0.707	4.671	3.178	3.789	0.486	5.950	normal
-1.856	-3.397	0.555	-4.819	4.171	4.472	0.333	7.944	5.424	5.953	0.230	11.742	normal
-0.516	12.163	5.299	1.670	-0.159	-1.113	0.524	-0.640	-0.039	13.262	5.786	2.257	critique
1.121	1.121	0.829	0.018	-4.981	-4.981	0.727	-8.506	-0.486	-1.160	0.465	-1.455	normal
0.181	11.358	4.881	1.970	0.121	-11.282	4.899	-4.938	0.935	1.351	0.407	1.648	critique
-0.818	-0.818	0.351	-0.299	3.906	3.906	0.313	7.272	0.152	-1.066	0.513	-0.342	normal
1.889	-2.104	1.412	0.597	-0.738	-0.738	0.496	-0.593	-0.595	0.719	0.509	0.130	normal
2.284	3.908	0.755	5.426	-1.311	-1.311	0.419	-1.756	-0.906	12.837	5.665	4.699	critique
0.488	-1.927	0.862	-0.996	-2.356	-3.746	0.706	-4.639	0.601	1.378	0.655	0.790	normal
-0.002	-0.958	0.639	-0.104	0.345	-0.384	0.265	0.316	0.750	-1.233	0.916	1.040	normal
-0.962	-0.962	0.446	-0.592	-0.721	-0.721	0.306	-1.119	-3.096	-4.600	0.548	-7.225	normal
-0.241	0.311	0.224	0.257	-3.529	-5.333	0.808	-8.425	0.530	7.910	3.468	4.773	anomalie
-0.284	8.678	3.957	4.826	-1.138	1.778	1.354	-0.928	0.017	-0.348	0.163	-0.668	anomalie
0.471	1.590	0.534	1.759	3.641	4.459	0.635	7.927	-0.355	0.724	0.538	-0.364	normal
-5.832	-5.832	0.540	-10.308	-2.009	-2.627	0.407	-3.502	-0.879	-0.879	0.397	-1.143	normal
3.146	4.841	0.623	7.658	0.953	2.114	0.783	1.395	-0.262	0.338	0.292	-0.142	normal
-0.174	1.331	0.586	0.410	0.165	0.600	0.436	0.112	-2.729	-2.729	0.607	-4.652	normal
-0.283	-0.661	0.137	-0.904	5.945	5.945	0.300	11.322	-0.733	1.247	0.835	-0.833	normal
1.050	4.094	1.866	2.039	0.686	1.026	0.406	0.849	1.416	-1.868	1.251	-0.480	normal
4.498	5.595	0.409	10.088	0.803	13.119	5.599	8.047	12.514	12.514	5.332	9.799	critique
0.384	0.384	0.250	0.471	-1.433	-1.497	1.039	-1.560	0.939	0.939	0.331	1.115	normal
0.810	-7.508	3.288	-2.411	0.911	13.468	5.722	2.807	0.238	1.623	1.019	0.626	critique
0.246	0.246	0.142	-0.193	12.499	12.499	5.289	9.818	-0.120	8.603	4.092	0.745	critique
0.789	0.789	0.360	0.507	-0.668	-0.859	0.264	-1.086	0.260	-1.075	0.763	0.099	normal
0.529	-1.695	0.794	-0.670	0.132	-0.758	0.459	-0.017	-0.238	-1.111	0.762	0.158	normal
1.108	-2.132	1.193	-0.644	2.778	3.357	0.508	4.996	-2.426	-2.426	1.106	-2.376	normal
-4.934	-6.511	0.738	-10.645	-0.410	-1.281	0.477	-0.692	-0.133	-1.642	0.783	-1.675	normal
-0.743	-2.011	0.760	-0.999	-0.619	7.924	3.466	4.139	1.980	1.980	0.801	2.153	anomalie
-5.917	-5.917	0.543	-10.605	-0.369	1.279	0.812	-0.894	4.139	4.322	0.176	8.050	normal
-0.654	-0.654	0.457	-0.014	0.423	-1.723	0.818	-0.784	3.081	3.081	0.266	5.741	normal
0.582	0.582	0.226	0.895	4.460	5.807	0.610	9.918	-0.870	1.338	0.957	-0.197	normal
-0.868	-1.149	0.719	-1.068	2.045	2.045	1.122	0.524	-1.341	8.514	4.112	3.162	anomalie
0.102	1.729	0.775	0.849	0.528	4.600	1.820	3.257	-1.359	-1.359	0.847	-0.442	normal
-0.106	0.690	0.492	0.251	-1.631	-1.631	0.909	-1.645	-0.469	7.511	3.344	1.209	anomalie
-0.619	-2.417	0.784	-1.395	-1.034	-1.048	0.651	-1.256	-0.118	-0.348	0.161	0.008	normal
0.423	1.110	0.747	0.273	1.465	1.465	0.749	1.626	-0.322	-1.418	0.622	-0.424	normal
4.514	4.514	2.052	4.021	2.707	3.332	0.393	6.185	-2.843	-2.843	0.417	-5.294	normal
0.543	0.543	0.319	0.161	0.654	0.654	0.363	0.172	-1.223	1.481	1.036	-1.373	normal
-0.028	1.861	0.728	0.870	-2.616	-3.140	0.194	-5.745	-0.597	-8.240	3.709	-5.469	anomalie
0.759	0.881	0.480	1.778	0.156	1.104	0.610	-0.355	-3.731	-3.910	0.754	-6.878	normal
0.550	-0.917	0.624	-0.034	-0.232	-0.744	0.387	-0.119	0.274	-0.846	0.458	-0.019	normal
0.441	0.441	0.270	0.744	3.586	3.586	0.472	5.838	-1.112	7.755	3.369	1.396	anomalie
-6.180	-6.180	0.145	-11.618	-0.266	1.078	0.717	-1.074	-1.555	-1.672	0.747	-2.399	normal
-2.672	-3.051	0.311	-5.340	-0.050	-0.337	0.217	0.230	-0.385	1.119	0.609	0.687	normal
-0.902	-1.535	0.826	-0.742	-1.213	-1.213	0.609	-1.594	-0.833	7.607	3.565	1.168	anomalie
-0.318	0.960	0.668	-0.072	-0.636	-0.826	0.656	-0.487	-0.372	6.788	2.779	1.721	anomalie
-7.076	-7.076	0.739	-12.281	-1.137	-14.182	6.174	-6.625	0.219	-0.234	0.166	0.365	critique
-0.233	12.297	5.340	4.496	-0.174	-1.144	0.516	-0.545	-0.460	0.903	0.571	-0.503	critique
-0.197	14.118	6.281	7.806	0.472	0.654	0.206	1.014	-4.847	-4.925	1.179	-8.810	critique
3.560	3.560	0.734	5.791	-3.862	-4.960	0.621	-8.719	3.276	3.276	0.537	6.408	normal
0.224	0.779	0.213	0.635	-1.466	7.122	3.361	0.200	-1.417	-1.554	0.746	-2.070	anomalie
2.623	3.692	0.387	6.038	0.551	0.551	0.187	0.375	0.543	0.611	0.290	0.607	normal
-3.277	-3.277	1.603	-2.145	0.013	-1.137	0.449	-0.617	4.464	4.464	0.548	7.679	normal
-4.789	-4.789	0.514	-8.689	-8.542	-8.542	3.539	-7.469	-0.646	-0.646	0.537	-0.240	anomalie
0.592	0.592	0.378	0.341	4.230	5.905	0.686	9.687	0.345	-1.251	0.565	-1.147	normal
0.067	-4.746	2.253	-2.908	0.527	-1.783	0.849	-0.300	0.184	4.111	1.746	0.971	normal
-0.361	0.816	0.541	-0.002	-5.455	-6.189	0.665	-10.802	0.626	-7.219	3.360	-0.321	anomalie
0.598	0.778	0.577	1.390	-1.453	-1.453	0.656	-0.970	-0.929	-0.929	0.474	-0.593	normal
-0.492	11.755	5.163	1.476	-1.149	-1.149	0.726	-1.035	2.721	2.721	1.433	1.341	critique
-0.447	-0.946	0.274	-0.486	-4.242	-6.212	0.730	-9.766	0.751	11.447	4.951	4.209	critique
0.152	0.315	0.236	-0.079	1.480	1.480	0.347	2.034	-0.086	0.220	0.135	0.363	normal
2.968	2.968	0.310	5.187	0.232	4.106	1.602	2.857	-0.980	-0.980	0.616	0.294	normal
-1.037	-8.149	3.546	-4.198	0.358	-7.534	3.386	-2.687	-1.303	-2.576	1.012	-3.047	anomalie
-0.338	12.952	5.657	1.828	-5.326	-5.555	0.085	-10.268	-1.673	-1.952	1.523	-1.038	critique
-0.397	-12.022	5.034	-6.307	-1.169	-4.647	2.032	-3.738	0.220	1.285	0.479	0.863	critique
-0.973	1.358	1.093	-0.284	0.353	0.855	0.446	0.592	-0.182	0.977	0.682	0.668	normal
-0.766	-0.766	0.585	0.177	-0.269	-7.944	3.470	-3.559	-5.424	-5.627	0.858	-9.115	anomalie
5.967	7.141	0.519	12.245	0.695	-0.991	0.612	-0.230	0.237	-1.064	0.699	-0.776	normal
0.118	-1.053	0.540	-0.296	-3.703	-4.522	0.719	-7.639	0.300	-0.393	0.283	0.019	normal
-3.739	-5.335	0.617	-8.290	-4.342	-5.557	0.677	-9.291	5.916	6.210	0.743	11.452	normal
-0.968	1.491	0.962	0.516	-0.266	-0.475	0.165	-0.279	0.680	0.680	0.504	0.933	normal
-0.032	1.175	0.715	-0.148	1.088	-3.551	1.808	-0.057	-1.398	-1.398	0.575	-1.030	normal
-4.325	-6.336	0.749	-10.335	-1.371	-1.868	0.779	-2.095	-2.243	-3.600	0.504	-5.569	normal
1.251	-15.672	6.783	-6.642	-8.247	-8.247	3.461	-7.181	3.806	3.811	0.426	7.260	critique
-5.250	-5.250	0.563	-8.307	0.894	4.777	1.807	2.005	0.079	0.826	0.385	0.797	normal
-0.221	14.984	6.613	2.155	2.524	5.183	0.969	7.254	2.678	3.675	0.595	5.511	critique
-2.402	-4.221	0.714	-7.044	0.312	1.179	0.579	0.978	-0.386	-0.747	0.422	-0.106	normal
-5.009	-5.009	0.668	-8.224	0.446	3.434	1.760	0.679	15.705	15.705	7.031	11.006	critique
-3.667	-4.460	0.427	-7.603	-3.788	-5.286	0.752	-7.942	-0.232	2.308	1.171	0.519	normal
4.405	5.848	0.586	8.956	-4.643	-5.670	0.552	-10.075	0.838	1.387	0.560	1.526	normal
0.764	0.884	0.231	1.462	0.285	-1.761	0.807	-0.490	-1.370	-1.370	0.920	-1.518	normal
-0.816	-3.129	1.446	-2.814	-1.199	-1.595	0.581	-2.308	1.254	1.254	0.663	1.077	normal
-0.577	4.695	2.066	1.392	0.451	1.278	0.425	1.301	-0.356	-12.537	5.529	-2.281	critique
-0.845	-2.164	0.885	-0.934	0.961	-7.448	3.358	-4.291	-1.279	-2.237	0.456	-3.413	anomalie
-0.701	-0.701	0.505	-0.358	0.273	0.712	0.491	0.433	-0.377	-0.377	0.247	0.196	normal
-0.172	-13.843	5.876	-5.827	-4.240	-5.142	0.732	-8.795	0.430	0.682	0.235	0.691	critique
-3.416	-3.782	0.596	-6.277	0.730	1.622	1.209	-0.502	-15.632	-15.632	6.420	-13.679	critique
-1.749	-4.634	1.349	-5.485	-0.288	-1.152	0.690	-0.408	0.598	0.980	0.678	0.823	normal
4.524	4.654	0.498	8.518	-3.114	-3.192	0.226	-5.908	-0.811	-1.137	0.510	-1.266	normal
-0.584	16.025	7.203	1.721	-0.411	-0.411	0.229	-0.261	5.265	5.398	0.217	9.989	critique
-0.536	2.107	0.939	0.630	0.815	-8.399	3.679	-2.942	-2.290	-2.828	0.647	-4.250	anomalie
0.403	-2.048	0.974	-1.170	0.649	-1.320	0.747	-0.264	3.576	5.378	0.671	8.550	normal
0.711	1.404	0.629	0.840	0.544	0.544	0.345	0.464	-14.606	-14.606	6.147	-12.757	critique
-0.090	13.302	5.558	5.735	1.471	1.471	0.739	1.120	5.498	5.660	0.446	10.457	critique
-4.651	-4.651	0.388	-8.170	0.011	0.342	0.193	-0.405	0.509	1.122	0.557	0.517	normal
-1.014	-1.014	0.558	-1.481	-2.599	-4.591	0.902	-6.406	-0.566	-1.850	0.673	-2.198	normal
-0.285	-0.417	0.138	-0.439	-0.570	1.126	0.684	0.627	-0.755	1.119	0.857	-0.185	normal
0.183	1.761	0.866	0.712	4.182	6.952	1.140	10.926	2.010	3.039	0.417	4.643	normal
0.918	-1.077	0.724	0.211	0.875	0.875	0.327	1.090	0.165	-4.386	2.025	-0.263	normal
1.164	1.164	0.815	1.582	0.207	7.115	3.283	2.435	-0.710	0.721	0.592	-0.967	anomalie
-1.101	-1.101	0.765	0.627	-0.157	-1.720	0.813	-1.205	0.362	-1.096	0.832	-0.218	normal
-3.647	-4.307	0.713	-7.249	-0.132	-0.892	0.489	0.061	-0.238	0.528	0.294	-0.288	normal
3.575	3.825	0.718	6.265	-0.898	-1.178	0.542	-1.336	0.222	1.347	0.542	0.508	normal
-6.761	-6.761	0.699	-12.344	-0.414	-13.163	5.880	-6.423	-0.773	1.176	0.755	0.083	critique
0.607	1.193	0.787	1.416	-0.013	-0.566	0.356	-0.258	1.089	1.089	0.747	0.539	normal
-2.572	-3.703	0.401	-6.275	-3.401	-3.401	0.428	-6.015	-4.460	-6.581	1.075	-9.503	normal
-0.043	-0.725	0.271	-0.262	0.249	-1.080	0.612	-0.568	-2.063	-3.983	0.704	-5.481	normal
0.266	0.309	0.213	0.653	-0.260	1.201	0.650	-0.044	3.769	4.743	0.794	6.935	normal
0.535	-1.614	0.982	-0.124	-0.065	-1.084	0.611	-1.018	0.199	1.917	0.848	0.827	normal
0.406	2.638	0.955	1.812	0.342	0.839	0.199	1.100	-0.078	-0.774	0.401	-0.491	normal
-5.778	-5.778	0.428	-10.586	8.324	8.324	3.498	7.253	-0.161	-3.266	1.283	-2.239	anomalie
0.523	1.665	1.075	0.208	-0.739	-7.898	3.263	-5.481	1.889	1.889	0.870	1.164	anomalie
-5.263	-6.852	0.615	-11.559	-1.305	-1.305	0.712	-0.983	0.225	0.492	0.395	-0.283	normal
-0.490	0.925	0.545	0.381	0.541	-0.836	0.511	-0.143	0.031	-15.120	6.553	-9.792	critique
-3.684	-4.161	0.869	-6.526	1.864	3.060	0.510	4.651	-0.805	-0.805	0.228	-0.830	normal
1.675	1.675	0.484	1.866	-0.545	8.019	3.542	4.241	4.528	5.657	0.447	10.423	anomalie
-0.818	-1.461	0.971	-1.466	0.694	-1.068	0.646	-0.251	4.837	5.398	0.709	8.775	normal
2.795	3.320	0.327	5.112	-4.156	-4.920	0.294	-8.784	0.345	-3.818	1.773	-0.327	normal
1.158	-1.629	1.020	-0.133	-0.116	-4.056	1.599	-3.015	1.405	2.422	0.360	3.661	normal
2.372	4.109	0.655	6.443	2.515	2.835	0.344	4.853	0.073	0.442	0.156	1.056	normal
-5.260	-6.331	0.977	-10.543	0.494	5.006	2.350	0.446	2.938	3.832	0.418	6.826	normal
0.485	8.647	3.854	1.787	0.987	-13.777	6.069	-8.075	0.370	0.370	0.274	0.162	critique
-0.197	1.955	0.831	0.768	-0.168	0.973	0.625	0.050	6.644	7.089	0.856	12.039	normal
-4.479	-4.479	2.321	-3.633	3.413	4.956	0.705	7.238	-0.444	-1.098	0.538	-0.333	normal
6.050	6.050	0.425	11.636	0.342	-0.776	0.396	-0.424	0.641	7.182	3.412	4.111	anomalie
4.365	4.730	0.834	8.172	2.182	2.182	1.358	2.231	0.566	2.293	1.073	2.054	normal
-0.400	2.728	1.191	0.477	15.258	15.258	6.629	11.455	-1.493	7.328	3.270	3.365	critique
-0.740	-7.482	3.216	-3.654	0.131	0.729	0.363	0.617	0.453	0.453	0.127	0.355	anomalie
-1.942	-3.534	0.963	-4.077	-2.397	-5.619	1.143	-6.430	5.160	5.802	0.273	10.622	normal
-7.148	-7.148	0.980	-11.419	-3.411	-4.697	0.523	-8.304	-1.974	-2.062	0.104	-3.792	normal
-0.347	-8.593	3.700	-3.436	4.312	5.352	0.579	8.208	-0.352	-8.558	3.663	-3.852	anomalie
1.444	7.312	3.213	3.341	-0.355	-7.784	3.363	-2.098	14.041	14.041	6.167	11.463	critique
-0.248	4.577	1.938	1.607	0.398	-1.162	0.610	0.189	-4.995	-5.834	0.629	-9.979	normal
0.846	0.846	0.693	0.906	-1.013	-1.013	0.662	-0.338	0.305	-0.701	0.373	-0.082	normal
0.463	0.608	0.279	1.028	-0.449	-1.379	0.814	-0.472	-0.040	0.313	0.195	0.074	normal
3.536	4.048	0.282	7.423	-0.403	0.859	0.540	-0.484	2.618	4.295	0.692	6.327	normal
0.555	-1.364	0.685	-0.517	11.517	11.517	4.834	9.054	-0.364	-0.746	0.528	0.181	critique
0.006	1.211	0.470	1.175	0.506	1.327	0.551	0.997	2.039	-14.633	6.770	-1.670	critique
0.941	1.090	0.529	1.475	-0.702	-0.702	0.540	-0.165	1.134	2.918	0.717	3.896	normal
4.388	4.539	0.354	8.282	-5.320	-6.829	0.608	-11.071	0.344	1.177	0.560	0.670	normal
-4.584	-5.549	0.530	-9.063	0.010	-12.892	5.494	-5.513	-0.121	1.180	0.612	-0.344	critique
5.463	6.755	0.726	11.292	-0.258	1.371	0.678	0.054	4.434	5.405	0.611	9.043	normal
-4.609	-5.082	0.594	-8.273	3.123	3.123	0.811	5.076	-1.153	-1.153	0.570	-1.374	normal
-3.142	-4.257	0.491	-6.687	3.452	3.452	0.751	4.880	0.386	-0.568	0.350	0.383	normal
-14.664	-14.664	6.264	-12.375	-3.363	-3.363	0.601	-5.555	0.320	-7.273	3.219	-2.852	critique
0.156	-8.703	3.846	-5.464	0.417	1.743	0.833	1.197	0.239	-12.914	5.703	-2.694	critique
0.296	8.303	3.373	4.168	0.470	0.684	0.511	-0.213	0.118	4.718	2.042	1.814	anomalie
-1.558	-3.197	0.599	-3.892	-0.059	-15.062	6.429	-6.993	4.345	5.203	0.318	9.197	critique
0.173	-3.075	1.652	0.086	-2.358	-3.325	0.619	-4.842	3.465	4.770	0.605	7.557	normal
0.099	-1.458	0.566	-0.857	-5.889	-5.889	0.937	-9.375	0.146	-4.825	2.199	-1.610	normal
-5.406	-6.116	0.987	-9.783	-0.622	0.715	0.566	-0.438	0.250	1.111	0.467	0.638	normal
-0.127	-0.316	0.164	-0.309	-14.044	-14.044	6.035	-11.755	8.198	8.198	3.569	6.081	critique
-0.227	-2.772	1.269	-1.297	0.155	0.789	0.312	0.908	0.275	-1.060	0.564	-0.195	normal
-0.359	14.441	6.405	1.986	-1.193	-1.193	0.559	-1.313	0.586	15.709	6.833	6.110	critique
1.317	1.417	0.272	2.688	0.485	-0.881	0.620	0.157	1.068	1.068	0.587	0.502	normal
-0.736	8.460	3.773	2.586	-12.330	-12.330	5.584	-9.053	2.383	2.383	0.722	3.262	critique
0.324	3.665	1.564	2.091	-0.329	-7.528	3.170	-4.953	0.646	0.975	0.745	-0.025	anomalie
-0.711	-7.507	3.059	-5.176	0.048	8.015	3.662	0.235	-6.389	-6.389	0.812	-11.516	anomalie
-2.281	-2.281	0.922	-2.562	0.186	-2.070	1.068	0.101	0.005	-3.836	1.864	-0.942	normal
0.286	-1.360	0.733	-0.120	-1.072	-1.072	0.250	-1.706	0.792	0.792	0.438	0.059	normal
-0.663	-0.754	0.592	-1.044	4.780	4.780	2.231	4.320	-3.574	-4.317	0.330	-7.552	normal
-4.946	-6.423	1.147	-9.143	-1.086	-1.086	0.744	0.342	2.946	2.946	0.249	5.312	normal
0.775	0.775	0.516	0.502	-0.571	0.918	0.577	0.021	1.244	3.525	0.924	5.083	normal
-0.116	0.703	0.385	0.509	-0.151	-0.683	0.383	-0.454	-0.798	14.182	6.213	2.097	critique
-0.373	-0.805	0.530	-0.112	0.667	1.547	1.101	1.221	0.624	-8.653	3.956	-4.419	anomalie
-0.028	0.969	0.409	0.214	-0.389	-0.859	0.274	-0.876	-2.703	-3.293	0.329	-5.442	normal
5.273	5.326	0.501	10.061	-0.586	-1.290	0.500	-1.438	-0.184	-2.141	1.279	-0.375	normal
3.950	5.438	0.753	8.051	5.520	5.520	0.227	10.533	-0.187	-0.221	0.159	-0.327	normal
-3.108	-3.108	1.721	-2.078	0.522	0.704	0.353	0.647	1.549	9.051	3.794	2.945	anomalie
-5.045	-5.971	0.538	-10.119	4.304	5.258	0.831	7.877	4.023	5.565	0.670	9.549	normal
-0.340	0.717	0.508	-0.181	-0.224	0.687	0.487	-0.256	0.233	-0.438	0.283	0.391	normal
0.243	-5.114	2.230	-2.015	0.096	0.740	0.411	0.044	-0.886	1.288	0.802	0.526	normal
0.335	-0.982	0.612	0.113	-1.500	-2.053	0.619	-3.202	-0.108	-0.916	0.543	-1.185	normal
-1.293	-1.293	0.434	-1.172	0.114	-0.641	0.366	-0.222	-0.431	1.011	0.843	-0.208	normal
5.074	5.484	0.477	9.503	-2.153	-3.068	0.509	-4.153	0.327	1.196	0.585	1.335	normal
0.595	-14.780	6.508	-2.623	5.284	6.111	0.308	11.465	6.086	6.283	0.497	11.153	critique
0.121	1.246	0.538	0.740	-3.111	-4.345	0.942	-5.899	0.269	1.036	0.678	0.342	normal
3.784	3.784	0.231	7.408	1.241	1.439	0.561	1.514	0.322	-15.896	6.796	-3.552	critique
3.813	5.259	0.534	8.934	0.431	0.855	0.404	0.145	-0.726	-1.432	0.713	-0.886	normal
0.057	0.630	0.492	-0.483	0.601	1.485	1.053	-0.273	-0.475	-0.572	0.383	-0.318	normal
0.350	7.624	3.154	5.550	-0.428	-0.950	0.232	-1.164	-6.102	-6.102	1.000	-10.784	anomalie
-0.297	1.184	0.572	0.271	0.370	0.932	0.534	0.623	-1.375	-3.402	0.811	-4.750	normal
-2.844	-3.853	0.531	-5.039	0.873	-1.684	0.933	0.069	-0.335	12.054	5.248	6.379	critique
-0.404	1.051	0.600	0.487	-0.077	-0.654	0.251	-0.166	0.322	1.435	0.683	0.180	normal
12.262	12.262	5.390	9.706	4.511	4.511	0.849	7.513	14.483	14.483	6.185	12.015	critique
2.534	3.671	0.405	6.086	5.096	6.256	0.490	10.812	0.470	-1.396	0.817	0.694	normal
-0.120	4.850	2.556	-0.362	-13.963	-13.963	6.086	-11.820	-11.057	-11.057	5.056	-8.185	critique
2.731	3.509	0.616	5.567	-0.464	1.647	0.850	0.372	-3.212	-4.786	0.617	-8.303	normal
-0.328	0.450	0.298	-0.517	-1.098	-1.098	0.832	-0.779	-0.269	2.850	1.584	0.396	normal
0.634	0.634	0.291	0.183	-0.432	7.647	3.268	4.801	-0.788	-1.438	0.465	-1.442	anomalie
0.560	-8.513	3.797	-1.686	-1.870	-4.002	0.797	-4.981	1.643	2.473	0.314	4.044	anomalie
0.035	1.415	0.494	0.963	0.501	-1.510	1.084	0.252	0.166	0.721	0.447	0.093	normal
0.104	-1.876	0.885	0.281	-8.513	-8.513	3.695	-7.020	0.698	0.698	0.467	0.449	anomalie
0.327	15.256	6.649	5.231	-0.373	4.058	1.956	1.703	-0.911	-0.911	0.458	-1.028	critique
-0.544	-11.083	4.567	-3.695	-2.453	-3.020	0.834	-4.562	-6.104	-6.104	0.494	-10.878	critique
-0.679	-13.609	5.891	-8.928	0.938	0.938	0.488	1.716	0.659	-1.364	0.859	0.089	critique
-2.583	-4.197	0.572	-6.453	-0.739	11.061	5.031	3.189	-0.412	0.938	0.540	0.846	critique
3.605	4.468	0.378	7.592	0.274	7.314	3.113	4.830	-0.218	-8.763	3.660	-6.472	anomalie
-1.357	-2.945	0.640	-4.236	-1.027	-1.027	0.637	-0.672	5.125	5.125	0.783	9.103	normal
0.579	-7.426	3.494	-2.069	-0.197	0.681	0.324	0.405	5.342	8.154	1.201	10.803	anomalie
1.547	1.547	0.467	1.653	0.707	0.707	0.394	0.225	-0.184	-0.744	0.530	-0.439	normal
-0.917	-0.917	0.709	-0.273	-0.666	-2.085	0.966	-1.406	-1.793	-4.185	0.850	-5.400	normal
5.106	6.542	0.801	10.610	-0.476	1.303	0.717	0.809	-0.214	-0.842	0.257	-0.940	normal
-4.313	-5.637	0.614	-8.404	-6.531	-6.531	0.650	-11.509	-1.078	-15.772	6.447	-5.468	critique
-0.123	-0.788	0.411	-0.509	0.490	-15.208	6.648	-2.892	-4.361	-4.361	1.691	-4.605	critique
-12.753	-12.753	5.650	-10.212	0.192	-0.365	0.201	-0.158	-0.332	0.366	0.260	-0.230	critique
0.533	-4.387	1.930	-0.610	0.614	0.614	0.495	0.687	1.451	7.888	3.369	2.725	anomalie
-0.990	-0.990	0.668	0.070	-0.500	11.040	4.703	5.804	0.075	-1.229	0.731	0.464	critique
-1.176	-4.328	1.836	-2.380	1.894	3.081	0.512	4.818	4.103	6.029	0.771	10.933	normal
-4.596	-5.742	0.573	-9.749	-0.267	1.055	0.532	0.864	0.419	-0.892	0.546	0.091	normal
-0.199	1.679	0.829	0.390	-0.180	-1.340	0.516	-1.028	4.058	4.058	0.644	6.236	normal
3.294	3.601	0.329	6.083	4.888	5.697	0.696	9.292	1.646	-3.757	2.114	-0.522	normal
-0.148	-0.498	0.178	-0.578	-1.994	-5.034	1.192	-5.774	-0.749	-0.825	0.550	-0.903	normal
5.488	5.488	0.518	9.383	0.101	-0.782	0.321	-0.571	0.216	-1.835	0.801	-0.878	normal
-0.439	15.619	6.653	9.063	0.013	0.941	0.587	0.429	5.371	5.845	0.686	10.331	critique
1.177	-1.753	1.105	0.852	4.511	5.229	0.281	9.189	3.620	3.743	0.485	6.535	normal
-4.852	-4.852	2.172	-3.575	0.414	0.951	0.532	0.137	0.255	-0.292	0.229	0.261	normal
5.418	5.418	0.896	8.358	-0.334	-0.535	0.120	-0.713	8.821	8.821	3.617	8.069	anomalie
-1.871	-1.871	0.841	-1.756	-4.448	-6.553	0.823	-11.250	-0.179	1.039	0.707	0.195	normal
0.347	0.825	0.306	0.491	0.120	-0.751	0.445	0.025	0.428	-3.921	1.998	0.304	normal
1.021	1.021	0.338	1.997	8.928	8.928	3.975	6.622	0.763	7.878	3.503	1.740	anomalie
-1.003	-1.003	0.712	-0.259	0.775	8.029	3.422	3.187	-3.831	-4.385	0.951	-6.182	anomalie
-0.100	0.804	0.459	-0.020	-0.033	8.057	3.373	2.128	3.725	3.725	0.759	6.651	anomalie
-1.324	-1.324	0.969	-0.003	-0.541	3.632	1.834	-0.036	-0.024	0.497	0.185	0.957	normal
-13.169	-13.169	5.781	-11.254	-1.105	-1.105	0.602	-1.093	0.406	-0.665	0.475	0.447	critique
-2.164	-2.692	0.612	-4.722	-1.960	-3.414	0.578	-5.744	-0.060	-1.585	0.582	-1.247	normal
-1.156	-1.255	0.437	-1.353	-0.868	12.048	5.234	7.058	-0.411	-0.411	0.282	-0.345	critique
0.840	0.840	0.442	0.003	0.757	-1.587	0.847	-0.842	0.578	-15.314	6.736	-2.950	critique
-0.292	0.859	0.501	0.057	-0.702	-0.702	0.490	-1.288	-0.385	1.425	0.663	1.062	normal
-0.196	-15.873	6.607	-10.960	5.145	6.047	0.506	11.128	4.850	6.848	0.787	11.068	critique
-4.012	-4.012	1.763	-3.574	0.214	-0.423	0.242	0.147	-0.592	-0.592	0.339	-0.793	normal
0.299	-0.647	0.418	0.419	-3.759	-4.806	0.733	-7.498	2.570	2.763	0.319	4.418	normal
-0.004	0.222	0.092	0.324	0.067	-1.606	0.696	-1.038	0.348	0.945	0.313	0.859	normal
0.278	-0.436	0.288	-0.482	1.186	1.186	0.819	-0.006	5.300	5.920	0.760	10.064	normal
-1.300	-1.300	0.884	0.273	-0.341	0.587	0.443	-0.442	-0.166	1.340	0.584	1.823	normal
-6.026	-6.026	0.684	-10.562	-1.336	-1.336	0.526	-1.433	3.142	3.142	0.626	4.849	normal
0.483	0.632	0.263	1.287	-4.602	-4.602	0.581	-8.634	-3.305	-5.999	0.989	-8.740	normal
-0.747	-0.747	0.292	-0.850	-0.470	1.516	0.854	0.156	1.206	1.313	0.863	0.931	normal
0.197	1.525	0.667	1.474	0.128	0.891	0.568	0.419	2.462	2.462	1.316	1.364	normal
0.145	-1.085	0.717	0.737	0.281	1.384	0.936	0.485	0.180	7.852	3.481	2.757	anomalie
-0.333	1.198	0.563	0.818	-0.768	2.270	1.194	0.037	-0.125	-8.149	3.957	-2.634	anomalie
1.302	2.913	0.614	3.655	-4.840	-4.840	0.526	-8.229	-0.477	-1.910	0.955	-0.841	normal
0.075	0.411	0.321	0.225	0.092	-4.341	1.881	-0.853	0.091	-1.401	0.736	-0.470	normal
-0.083	1.349	0.616	1.589	0.133	8.257	3.835	0.681	-3.980	-3.980	0.416	-7.170	anomalie
-5.120	-5.187	0.262	-9.967	-0.287	8.739	3.775	5.019	0.486	-1.212	0.680	-0.075	anomalie
-0.073	-1.192	0.782	-0.800	-0.224	0.589	0.355	0.416	1.329	-7.540	3.468	-3.882	anomalie
4.731	5.405	0.270	9.560	-0.139	-7.956	3.319	-5.547	-0.903	-0.903	0.349	-0.752	anomalie
-0.915	-0.915	0.398	-1.368	2.760	5.252	0.978	7.608	0.290	-8.272	3.684	-1.057	anomalie
-0.989	-0.989	0.712	-0.426	-5.051	-6.053	0.552	-10.534	0.388	-3.683	1.787	-0.142	normal
-5.241	-5.241	0.640	-9.211	-12.220	-12.220	5.268	-10.100	-5.918	-7.142	0.784	-12.082	critique
-1.126	-1.126	0.478	-1.112	3.486	5.501	0.802	8.836	4.973	5.334	0.361	9.936	normal
1.105	1.105	0.784	-0.101	-0.660	15.359	6.731	2.286	-0.382	-0.824	0.466	-0.387	critique
-1.767	-1.767	0.976	-1.706	-0.656	-0.656	0.143	-1.136	0.149	2.892	1.163	1.985	normal
-0.358	-4.848	2.114	-3.178	-0.322	-1.321	0.551	-0.660	-1.435	-1.435	0.974	-1.100	normal
0.738	0.738	0.367	0.713	0.867	0.867	0.509	0.966	-0.266	-13.308	5.814	-5.891	critique
5.007	6.288	0.582	10.344	-0.006	5.009	2.489	2.340	-0.593	0.984	0.570	-0.227	normal
-1.400	-13.890	5.959	-3.585	3.141	3.144	0.676	5.559	-0.461	-8.421	3.583	-2.254	critique
12.276	12.276	5.315	9.641	0.061	-0.476	0.195	-0.258	-3.349	-3.826	0.417	-6.715	critique
2.075	3.472	0.515	5.082	-0.545	-15.319	6.474	-10.854	3.978	4.132	0.341	7.575	critique
5.385	5.893	0.370	10.895	0.320	12.149	5.525	7.047	0.905	-2.921	1.501	-1.057	critique
-1.127	1.736	1.062	0.737	4.120	5.733	0.578	9.455	-1.469	-1.469	0.753	-1.687	normal
0.905	0.905	0.540	1.002	-12.610	-12.610	5.744	-9.714	4.434	5.893	0.777	10.055	critique
-0.674	4.477	2.114	0.648	3.743	3.743	1.789	2.790	0.612	0.612	0.329	0.566	normal
0.740	0.740	0.412	0.074	-3.141	-3.141	0.380	-5.952	0.607	1.878	0.836	1.300	normal
0.051	-0.648	0.410	0.154	-3.134	-4.254	0.449	-6.939	-0.044	-13.540	5.643	-3.890	critique
0.055	-2.762	1.301	-1.882	2.426	2.426	0.443	4.043	0.695	-12.337	5.465	-4.904	critique
0.356	0.869	0.528	0.372	0.673	1.184	0.565	1.156	-3.496	-4.602	0.409	-8.084	normal
3.626	3.626	0.212	6.435	0.706	-1.115	0.659	-0.243	-1.037	1.345	0.888	0.190	normal
-0.959	1.510	1.190	-0.867	5.160	5.543	0.463	9.382	1.009	1.009	0.632	0.720	normal
6.610	6.995	0.804	12.227	1.125	1.125	0.607	1.489	3.747	4.431	0.336	7.880	normal
3.207	4.219	0.413	7.364	0.170	8.181	3.330	2.745	-0.520	-0.520	0.331	-0.404	anomalie
0.147	-0.385	0.298	-0.342	3.038	5.269	0.829	7.287	-3.829	-4.666	0.417	-7.626	normal
0.397	-11.218	5.382	-0.334	0.055	1.747	1.096	-0.247	0.251	0.762	0.427	0.586	critique
-0.628	0.781	0.578	0.028	0.343	-0.429	0.299	0.419	-0.252	0.756	0.389	0.457	normal
-2.294	-4.183	0.868	-5.143	-0.251	-1.121	0.681	-1.095	5.455	5.525	0.594	10.584	normal
0.640	-1.014	0.652	-0.449	-4.469	-5.402	0.371	-9.094	-0.175	-8.545	3.650	-5.818	anomalie
-4.435	-5.658	0.480	-8.997	-3.226	-5.964	1.002	-8.706	0.467	-1.166	0.799	0.217	normal
-0.181	-12.443	5.272	-3.322	-0.146	-2.213	1.010	-1.057	-2.622	-2.622	0.537	-3.768	critique
0.965	3.086	1.196	2.696	5.401	6.323	0.560	10.799	-4.831	-5.790	0.617	-9.550	normal
0.135	0.652	0.211	0.504	-2.509	-4.034	0.996	-4.166	6.857	6.857	0.649	12.242	normal
4.670	4.670	0.346	8.291	0.447	-7.554	3.457	-4.192	0.977	-8.222	3.843	-4.410	anomalie
0.668	0.668	0.511	0.202	-0.067	-1.236	0.858	0.329	0.258	7.638	3.256	3.437	anomalie
0.646	4.831	2.218	0.452	0.781	-1.043	0.772	0.016	-0.664	-0.664	0.464	-0.641	normal
0.007	4.476	2.075	-0.064	-13.379	-13.379	5.828	-10.516	-0.450	-1.088	0.489	-0.388	critique
-8.858	-8.858	3.769	-7.391	-5.708	-5.708	0.820	-9.849	0.006	-1.463	0.665	-2.046	anomalie
-8.533	-8.533	3.726	-6.563	-0.032	0.297	0.146	-0.000	4.405	5.997	0.803	9.014	anomalie
0.445	2.121	0.794	1.160	0.513	0.513	0.241	1.214	-0.561	-8.229	3.382	-4.398	anomalie
-2.091	-3.510	0.551	-5.556	0.120	-1.244	0.590	0.015	5.024	6.218	0.922	9.353	normal
-1.822	-1.822	0.796	-2.017	-4.987	-6.292	0.903	-9.513	-3.689	-4.066	0.151	-7.627	normal
-0.116	-1.270	0.666	-0.225	-16.007	-16.007	6.881	-13.976	-0.332	0.572	0.411	-0.762	critique
-1.131	1.160	0.939	-1.103	13.257	13.257	5.906	9.585	0.799	-1.193	0.798	0.008	critique
0.846	0.874	0.582	1.076	0.610	11.983	5.109	7.785	-0.317	-2.624	1.023	-1.510	critique
5.118	6.143	0.427	11.277	-7.288	-7.288	3.000	-6.645	-0.403	0.703	0.426	0.295	anomalie
0.776	0.887	0.714	0.450	-0.191	1.680	0.912	0.628	0.075	0.302	0.132	-0.167	normal
0.607	-15.849	6.956	-6.987	-2.126	-3.083	0.341	-5.017	-0.783	-8.420	3.687	-5.549	critique
-0.587	-1.303	0.889	-0.801	0.695	0.695	0.405	0.794	5.891	6.108	0.328	10.616	normal
-0.176	11.861	5.388	1.099	-1.146	3.688	1.811	-0.115	1.068	1.068	0.577	1.724	critique
-0.363	-3.883	1.693	-2.334	-1.709	2.325	1.461	0.071	0.171	8.167	3.482	2.087	anomalie
-0.074	1.029	0.726	0.654	-0.172	-8.207	3.338	-4.367	0.549	12.264	5.306	2.665	critique
6.165	6.301	0.268	11.730	-0.185	-0.659	0.392	-0.378	0.147	-0.446	0.239	0.012	normal
-0.303	0.714	0.444	-0.168	-0.094	-7.381	3.090	-2.903	0.087	-0.880	0.570	-0.068	anomalie
0.059	-11.867	4.862	-8.235	-1.218	-1.340	0.415	-1.384	7.899	7.899	3.286	6.730	critique
-0.303	0.904	0.549	0.403	-5.763	-6.098	0.739	-10.398	0.066	0.560	0.236	0.644	normal
-4.838	-5.380	0.527	-9.705	0.839	-1.168	0.751	0.520	-0.441	-4.103	1.526	-2.818	normal
-0.116	0.280	0.157	-0.032	0.989	0.989	0.623	0.778	1.097	-2.063	1.121	-0.211	normal
-0.068	0.919	0.476	0.859	-0.666	-1.222	0.772	-0.584	0.802	1.071	0.343	1.852	normal
-8.436	-8.436	3.496	-7.322	0.068	0.760	0.296	1.121	-1.816	-3.164	0.535	-4.488	anomalie
-4.524	-6.264	0.629	-10.402	-0.142	1.417	0.666	0.550	-0.400	12.196	5.504	6.407	critique
-4.238	-4.238	0.141	-7.841	4.467	4.467	0.432	7.739	-7.546	-7.546	3.185	-6.167	anomalie
-0.607	-8.524	3.472	-4.622	1.252	1.252	0.510	1.485	2.839	2.839	1.435	2.068	anomalie
-0.782	-1.007	0.732	-1.572	-11.247	-11.247	4.545	-10.062	0.304	1.918	0.765	1.612	critique
-3.434	-3.434	0.722	-5.394	-0.331	-1.241	0.672	-0.389	-0.626	0.639	0.459	-0.781	normal
0.008	1.564	0.854	0.289	4.508	4.748	0.841	8.364	0.577	0.872	0.671	-0.124	normal
0.085	7.538	3.103	4.816	-0.159	2.049	1.345	-0.336	-4.572	-4.572	0.732	-7.241	anomalie
1.172	-15.565	7.009	-2.084	-4.813	-4.813	2.287	-3.799	3.658	3.658	0.247	7.035	critique
-4.510	-5.173	0.951	-8.829	11.989	11.989	5.316	9.237	-0.920	1.294	0.831	0.267	critique
-6.648	-6.648	0.933	-10.804	0.199	-11.283	4.778	-7.606	0.866	12.132	5.224	5.421	critique
0.214	0.407	0.113	0.477	-5.444	-6.255	0.578	-11.066	-0.264	0.951	0.508	0.400	normal
0.348	-13.884	6.066	-3.109	0.244	-1.556	0.689	-0.597	-1.647	-1.647	0.834	-1.914	critique
-0.866	-0.866	0.411	-0.139	-0.684	-1.949	0.895	-1.184	0.246	1.827	1.015	0.966	normal
-5.256	-5.256	0.467	-8.763	4.458	4.458	1.816	3.996	0.150	4.173	1.612	1.997	normal
0.391	4.646	2.460	-0.322	-0.801	1.434	0.844	0.191	0.893	3.506	1.569	2.207	normal
0.251	2.812	1.118	0.903	0.569	-8.939	4.098	-2.913	0.438	0.438	0.250	0.225	anomalie
-7.164	-7.164	3.026	-5.840	-4.393	-4.393	0.300	-8.241	0.261	-1.481	0.849	-0.294	anomalie
-0.415	-4.136	1.865	-1.485	-12.207	-12.207	5.230	-10.180	3.324	4.301	0.545	7.410	critique
11.828	11.828	5.176	9.001	0.241	13.929	6.062	4.995	-4.116	-5.357	0.598	-8.746	critique
5.988	5.988	0.826	9.585	0.349	-0.998	0.618	-0.171	-1.092	-8.658	3.706	-6.110	anomalie
-0.164	0.274	0.173	0.005	-1.167	-1.167	0.848	-1.163	-4.373	-5.146	0.455	-8.427	normal
0.310	1.631	0.836	0.666	0.138	0.823	0.463	0.512	3.797	5.546	0.689	8.838	normal
-0.267	0.420	0.280	-0.371	0.123	-1.092	0.570	0.108	-2.244	-2.703	0.576	-3.731	normal
-1.898	-1.898	0.943	-1.149	1.259	2.219	0.371	3.418	0.112	-0.768	0.425	0.586	normal
-1.928	-3.257	0.661	-4.079	0.178	-0.920	0.425	-0.211	-0.599	-15.113	6.601	-10.164	critique
-0.066	-7.527	3.364	-4.521	-0.390	-1.177	0.603	-0.307	-0.704	4.148	1.901	1.107	anomalie
0.586	-1.199	0.822	0.260	0.201	0.298	0.182	0.303	-1.708	-1.708	0.890	-1.071	normal
2.872	3.907	0.748	6.158	-2.139	-2.139	0.757	-2.747	-0.885	8.977	4.165	2.268	anomalie
1.273	1.273	0.732	1.345	1.827	1.827	1.175	0.431	-0.748	-0.748	0.388	-0.856	normal
4.368	5.289	0.461	9.484	-0.858	1.034	0.710	0.088	0.764	-1.713	1.009	-0.044	normal
-0.857	-1.020	0.773	-1.114	0.515	-7.583	3.370	-4.325	0.053	-1.184	0.663	-0.411	anomalie
-0.158	-0.716	0.374	-0.157	0.393	1.297	0.416	1.376	0.270	-0.453	0.343	0.856	normal
13.865	13.865	6.064	10.538	-0.044	-0.232	0.121	-0.288	0.257	0.557	0.235	0.691	critique
-0.007	-1.591	0.571	-1.341	-1.081	7.134	3.237	3.831	0.779	-0.868	0.674	-0.535	anomalie
0.039	-8.483	3.638	-4.990	4.603	4.751	0.068	9.207	0.594	-7.166	3.145	-1.458	anomalie
0.915	0.915	0.527	1.250	0.566	-0.974	0.601	-0.163	0.453	-1.494	0.768	-0.216	normal
0.758	0.893	0.561	0.594	3.743	4.999	0.934	7.536	-1.135	-1.135	0.585	-0.888	normal
1.839	1.839	0.712	1.761	1.173	1.652	0.630	2.688	-0.074	-0.371	0.254	-0.027	normal
-1.260	-3.629	0.937	-4.766	-0.399	-1.076	0.805	0.485	5.257	5.257	0.611	9.633	normal
-0.992	-8.859	3.784	-2.276	0.129	1.932	0.925	0.518	1.032	1.848	0.950	2.306	anomalie
-0.060	-0.544	0.303	-0.317	6.047	6.378	0.768	11.296	-3.965	-3.965	0.893	-6.206	normal
3.928	4.233	0.471	7.003	1.074	1.074	0.709	0.074	0.354	-0.876	0.463	-0.805	normal
0.191	-1.262	0.550	-0.841	4.104	4.104	0.375	7.773	0.706	0.706	0.417	0.300	normal
-6.025	-6.025	0.463	-11.077	-13.184	-13.184	6.035	-9.909	0.170	1.300	0.594	0.920	critique
-0.694	1.451	0.949	-0.390	-0.868	11.903	5.199	6.694	-0.031	-0.793	0.374	0.038	critique
-1.443	-2.458	0.392	-3.154	0.189	-1.450	0.774	-0.145	-0.157	14.341	6.406	4.879	critique
14.971	14.971	6.449	11.598	-0.709	-1.672	0.856	-0.564	0.105	-1.116	0.623	0.097	critique
0.140	-1.309	0.770	0.206	0.090	0.931	0.386	0.691	-0.040	-0.705	0.516	-0.253	normal
-4.537	-6.274	0.619	-10.252	0.552	-0.679	0.555	-0.073	0.710	0.710	0.353	0.871	normal
-0.953	7.150	3.151	1.108	-0.163	-1.355	0.846	-0.769	0.436	1.359	0.434	1.186	anomalie
-7.982	-7.982	3.482	-6.355	0.353	-0.905	0.635	-0.001	0.992	1.066	0.572	0.843	anomalie
2.590	3.265	0.591	5.579	1.160	-1.825	1.092	-0.636	0.978	0.978	0.460	1.428	normal
-3.722	-4.833	0.408	-7.743	-0.297	-1.768	1.052	0.240	5.299	5.299	0.537	10.569	normal
-0.264	1.661	0.927	0.568	4.589	4.589	0.936	6.889	-0.060	-1.046	0.738	-0.043	normal
-5.248	-5.248	0.535	-8.726	0.182	0.895	0.736	-0.545	3.572	4.271	0.444	8.103	normal
0.126	-7.047	2.854	-2.721	0.354	-7.474	3.164	-2.405	-0.089	-0.577	0.225	0.168	anomalie
-0.158	-13.126	5.711	-5.293	5.105	5.296	0.342	8.849	-13.413	-13.413	6.132	-10.413	critique
-1.412	1.436	1.030	-0.286	0.077	0.791	0.377	0.565	-4.965	-5.716	0.331	-10.946	normal
-0.358	-0.574	0.425	-0.350	4.108	4.846	0.651	8.827	0.141	-0.767	0.337	-0.079	normal
0.744	1.115	0.685	0.421	-0.131	-0.704	0.364	-0.542	-0.106	-0.727	0.527	-0.180	normal
-0.413	14.046	6.344	7.286	0.245	-1.183	0.645	-0.499	0.741	0.741	0.489	0.297	critique
0.962	0.962	0.720	0.613	-3.852	-3.872	0.063	-7.361	-8.624	-8.624	4.047	-6.222	anomalie
0.020	11.516	5.173	5.623	0.304	0.304	0.252	0.824	-0.365	-0.681	0.528	-0.463	critique
0.311	-15.154	6.728	-8.934	0.716	0.716	0.426	0.139	-0.341	0.511	0.396	-0.199	critique
13.740	13.740	5.995	10.127	-0.369	-0.369	0.132	-0.420	-0.433	-0.433	0.328	-0.736	critique
1.509	2.335	0.352	3.571	-0.595	1.319	1.033	-0.432	-0.592	0.945	0.776	0.417	normal
5.981	5.981	0.898	10.990	0.082	-1.035	0.460	-0.619	0.499	-8.238	3.550	-3.084	anomalie
-4.102	-4.102	1.899	-3.220	0.965	-1.408	0.907	0.039	-0.367	-2.762	1.307	-1.499	normal
-1.430	-1.684	0.998	-1.362	0.082	-15.843	6.994	-2.919	2.701	3.181	0.553	5.001	critique
12.818	12.818	5.266	11.037	-11.787	-11.787	4.912	-10.244	-3.416	-4.468	0.813	-6.632	critique
4.819	4.819	2.152	3.416	-4.397	-6.270	0.806	-9.723	0.178	-0.765	0.440	-0.007	normal
-0.184	0.876	0.428	0.113	0.564	2.707	1.242	1.706	3.397	4.558	0.421	7.362	normal
7.560	7.560	3.496	5.743	-1.062	-1.062	0.524	-0.932	-5.609	-5.609	0.762	-9.931	anomalie
5.066	6.024	0.434	10.151	0.056	3.220	1.241	1.504	-0.760	13.332	6.054	1.208	critique
0.008	-1.115	0.647	0.201	-0.247	-2.095	0.880	-0.195	-0.004	11.761	4.963	2.599	critique
-0.577	4.129	1.866	0.614	1.054	1.054	0.871	1.231	0.945	2.960	0.821	3.786	normal
6.059	6.605	1.005	10.983	0.205	-4.706	2.026	-3.137	3.515	5.225	0.704	8.299	normal
-0.957	-0.957	0.530	-1.038	-4.876	-6.158	0.898	-9.968	-4.184	-4.918	0.358	-8.769	normal
-6.824	-6.824	0.434	-12.901	0.379	14.408	6.403	2.336	0.224	8.355	3.669	1.574	critique
-0.425	1.446	1.033	-0.853	4.904	4.989	0.733	8.767	-1.891	-2.826	0.552	-3.883	normal
0.288	-13.401	5.952	-7.697	-0.045	0.505	0.211	-0.291	-0.494	1.475	1.066	0.083	critique
7.949	7.949	3.534	5.890	-4.659	-5.776	1.059	-8.518	-0.351	1.037	0.628	-0.746	anomalie
0.183	-4.571	1.892	-3.538	-0.338	0.723	0.386	0.751	4.798	4.798	0.328	7.996	normal
0.987	0.987	0.494	1.249	0.943	-1.482	0.891	-0.147	-0.162	0.774	0.373	0.944	normal
-1.760	2.789	1.656	-1.368	-1.887	-1.887	0.763	-2.265	-1.285	-1.285	0.453	-1.692	normal
-1.286	-1.286	0.584	-1.040	1.017	1.017	0.581	0.959	0.945	0.945	0.511	0.910	normal
0.642	-8.873	3.822	-3.552	1.016	-2.819	1.506	-0.089	1.632	1.632	1.096	0.485	anomalie
-0.642	0.748	0.642	0.354	1.062	1.062	0.812	0.020	1.246	1.246	0.872	0.164	normal
-5.252	-5.318	0.365	-9.963	-4.270	-4.326	0.316	-7.829	-6.002	-6.002	0.380	-11.445	normal
3.102	4.223	0.472	6.616	0.761	7.631	3.214	3.579	-3.632	-3.632	0.622	-5.547	anomalie
0.700	12.272	5.200	2.395	0.569	2.548	0.926	2.281	-1.305	-1.305	0.530	-1.134	critique
3.603	3.603	0.742	5.190	-0.402	14.649	6.465	2.702	-5.159	-5.590	0.300	-9.843	critique
0.026	-0.756	0.358	-0.442	-0.009	1.097	0.436	1.214	1.143	1.143	0.779	-0.095	normal
-3.108	-3.108	0.276	-6.147	1.492	1.492	1.021	-0.016	-0.651	0.901	0.590	-0.390	normal
-0.125	-4.542	1.885	-2.643	-0.409	-1.078	0.529	-0.910	0.717	0.717	0.366	0.481	normal
-1.323	-1.604	0.875	-2.482	-3.274	-3.763	0.314	-6.561	-1.420	-1.420	0.812	-0.766	normal
0.119	-0.881	0.422	-0.512	-0.611	-0.611	0.429	-0.402	-0.761	-1.183	0.660	-1.394	normal
3.906	4.364	0.209	8.138	0.256	0.611	0.229	-0.133	0.428	-3.566	1.753	-2.181	normal
2.186	2.842	0.327	4.752	0.079	-0.895	0.349	-1.129	-1.974	-3.257	0.469	-4.969	normal
0.827	0.827	0.443	1.088	3.919	5.197	0.486	8.195	0.290	3.867	1.553	0.721	normal
-0.169	-0.801	0.272	-0.869	-1.672	-1.672	0.718	-1.493	-0.138	1.249	0.777	-0.278	normal
-5.406	-6.629	0.920	-11.483	-1.227	-2.603	0.914	-2.234	-0.283	-14.462	6.163	-3.580	critique
0.623	-1.408	0.770	-0.580	7.118	7.118	0.880	11.989	0.086	1.076	0.382	0.915	normal
4.063	4.897	0.332	8.558	-7.587	-7.587	0.822	-12.593	0.192	0.991	0.641	0.801	normal
-6.108	-6.153	0.324	-12.355	-0.036	-1.505	0.642	-1.265	0.243	-0.676	0.330	-0.338	normal
0.677	1.308	0.552	0.885	0.345	-7.510	3.252	-4.138	-3.410	-4.671	0.725	-6.600	anomalie
-3.093	-3.625	0.576	-5.718	-0.045	-0.999	0.390	-0.302	0.156	-3.513	1.482	-2.285	normal
4.205	4.906	0.515	9.168	0.992	0.992	0.750	0.177	-4.042	-4.042	0.272	-7.872	normal
1.208	7.762	3.409	4.720	-2.831	-3.931	0.398	-6.462	0.324	1.072	0.511	0.184	anomalie
-0.558	0.905	0.574	0.111	-0.956	-1.443	1.008	-1.690	0.332	-0.952	0.551	-0.234	normal
-2.744	-3.114	0.435	-5.543	-2.101	-2.434	0.224	-4.091	1.146	1.146	0.746	0.896	normal
4.246	6.197	0.743	9.527	1.215	1.215	0.543	0.461	12.343	12.343	5.281	9.497	critique
-0.188	3.367	1.499	0.992	-0.374	11.276	5.083	6.114	-3.625	-3.730	0.524	-6.926	critique
-4.820	-6.302	0.529	-11.312	0.199	1.271	0.593	0.894	3.814	5.021	0.495	7.774	normal
0.032	-0.723	0.330	-0.298	-14.439	-14.439	6.249	-11.512	-2.832	-2.832	1.123	-3.151	critique
0.449	0.449	0.294	0.276	-3.521	-3.860	0.173	-7.343	0.503	-1.204	0.647	-0.435	normal
-5.459	-5.459	0.290	-10.020	0.461	15.926	7.096	2.598	-0.067	-11.672	5.199	-7.147	critique
1.068	7.908	3.144	4.224	2.488	4.842	0.866	7.198	-0.426	-0.979	0.372	-0.593	anomalie
-7.142	-7.142	3.215	-5.634	-0.330	-1.466	0.523	-1.324	2.519	4.373	0.745	6.871	anomalie
0.685	13.622	5.793	8.121	-1.543	-1.543	0.948	-0.216	-0.374	0.995	0.559	0.681	critique
0.419	-0.827	0.447	-0.146	-0.592	-0.592	0.361	-0.132	0.085	-2.394	1.180	-0.569	normal
0.292	-1.004	0.637	-0.507	-6.503	-6.608	0.548	-12.204	-0.368	0.517	0.422	0.591	normal
-5.118	-5.671	0.588	-9.886	2.166	3.376	0.672	5.377	-0.345	-0.345	0.246	-0.090	normal
0.285	-1.950	0.806	-0.751	-0.615	2.752	1.377	0.851	-4.111	-4.111	0.592	-6.518	normal
0.307	-1.275	0.776	0.471	0.044	-0.471	0.205	0.082	0.862	0.862	0.197	1.108	normal
-0.351	-0.783	0.225	-0.696	0.998	0.998	0.741	0.545	6.109	6.262	0.238	11.790	normal
0.875	-1.356	0.802	-0.476	0.539	-11.872	5.308	-4.376	6.028	6.028	0.599	10.915	critique
0.119	-1.930	0.823	-0.825	4.402	4.854	0.598	8.618	0.767	12.246	5.251	5.452	critique
0.452	-0.652	0.469	-0.037	-0.606	-0.847	0.485	-1.245	-0.345	-8.581	3.660	-3.895	anomalie
-0.691	2.721	1.432	-0.095	-3.977	-3.977	0.641	-6.309	-4.198	-4.334	0.421	-8.252	normal
1.334	-1.475	1.100	0.400	0.539	-1.125	0.673	0.069	-0.132	-0.861	0.366	-0.018	normal
1.786	-3.044	1.921	1.924	-4.586	-5.879	0.706	-9.033	-0.896	-0.896	0.525	-0.617	normal
-0.462	7.671	3.341	2.959	-0.203	1.123	0.743	0.115	0.610	0.610	0.465	0.828	anomalie
-4.754	-4.754	0.276	-8.901	1.020	1.294	0.556	1.407	-0.448	14.244	6.197	7.479	critique
-0.540	0.597	0.468	0.238	-4.314	-5.074	0.566	-8.668	-5.016	-5.016	0.466	-9.378	normal
-2.648	-3.911	0.628	-6.095	0.500	0.978	0.680	0.468	0.382	0.382	0.233	0.861	normal
4.454	5.002	0.199	9.177	0.910	0.910	0.403	0.970	-0.029	0.399	0.226	0.344	normal
-1.009	-1.009	0.502	-1.188	6.102	6.102	0.507	10.581	3.170	3.460	0.864	6.575	normal
0.026	4.482	2.150	0.632	-1.064	-8.566	3.577	-4.262	-1.884	-2.899	0.360	-4.952	anomalie
0.669	0.669	0.433	0.170	-0.221	-1.300	0.777	-1.048	-0.685	-0.685	0.498	-1.021	normal
-0.153	-0.601	0.311	-0.696	-3.006	-3.006	0.539	-6.206	-5.063	-5.063	0.875	-7.258	normal
-0.898	-1.140	0.423	-1.971	0.102	1.173	0.443	1.019	-14.533	-14.533	6.461	-11.728	critique
-0.743	0.788	0.585	-0.783	-3.268	-4.566	0.504	-7.468	0.716	0.716	0.481	0.510	normal
-0.317	-1.447	0.708	-0.403	-0.360	-2.754	0.974	-2.808	6.676	6.676	0.812	11.624	normal
0.492	-2.939	1.502	-0.202	-0.335	-1.063	0.286	-1.536	-0.983	-1.050	0.358	-1.390	normal
-0.419	-14.337	6.070	-9.698	0.465	0.861	0.447	0.532	-4.264	-4.903	0.332	-8.869	critique
3.743	5.640	0.761	9.636	0.867	-8.434	3.860	-4.344	-0.458	0.617	0.405	0.213	anomalie
-0.566	1.026	0.749	0.190	-1.346	-1.346	0.564	-0.919	-0.756	1.340	0.791	0.888	normal
0.400	-1.092	0.677	-0.068	0.019	1.093	0.554	0.279	3.660	3.660	1.768	2.459	normal
0.973	-1.083	0.837	0.614	0.524	-1.221	0.797	0.590	2.504	2.504	1.173	1.945	normal
-14.043	-14.043	6.128	-11.117	-0.407	-0.407	0.199	-0.125	0.616	0.616	0.268	0.302	critique
-0.314	-1.231	0.545	-0.460	0.236	1.268	0.715	0.570	-3.259	-4.797	0.564	-8.040	normal
1.168	2.619	1.285	2.187	-6.041	-6.350	0.541	-12.005	-1.054	-1.182	0.593	-1.364	normal
-5.197	-5.197	0.440	-9.560	3.055	4.434	0.546	7.518	-4.181	-5.305	0.681	-8.703	normal
-0.670	1.234	0.882	0.450	0.670	1.267	0.809	0.362	-6.549	-6.549	0.649	-11.508	normal
-5.515	-6.665	0.535	-12.103	-4.459	-4.873	0.399	-8.387	-4.484	-5.272	0.741	-9.170	normal
4.890	5.427	0.631	9.091	4.747	4.747	0.497	8.770	-1.326	1.390	1.119	0.413	normal
-0.766	-1.091	0.909	-0.757	2.600	3.884	0.703	6.014	0.212	-1.234	0.768	-0.373	normal
0.458	1.370	0.580	0.322	-15.340	-15.340	6.532	-13.022	0.681	1.347	0.666	1.323	critique
0.400	8.750	3.856	4.071	-0.406	-0.583	0.369	-0.249	-0.286	-0.650	0.242	-1.247	anomalie
-1.461	-1.461	0.616	-2.055	-0.878	-0.878	0.459	-0.570	8.717	8.717	3.270	8.258	anomalie
0.001	12.859	5.604	2.244	-5.503	-6.054	0.279	-10.593	1.664	1.664	0.811	1.228	critique
1.450	14.379	5.883	9.224	-0.182	2.015	1.052	0.884	0.439	15.555	6.560	9.284	critique
-5.013	-5.662	0.391	-9.835	3.082	4.686	0.869	6.416	-0.582	1.287	0.678	0.039	normal
5.569	5.569	0.699	9.719	0.270	13.139	5.702	2.011	-1.580	4.303	2.307	-0.881	critique
-7.353	-7.353	0.672	-12.786	0.531	0.583	0.287	0.995	0.332	0.512	0.337	0.309	normal
-3.861	-3.861	0.407	-6.940	-0.572	-0.572	0.327	-0.131	0.330	-0.950	0.545	0.107	normal
1.179	14.778	6.518	9.238	1.037	-1.736	1.018	0.372	-0.358	-1.554	0.761	-1.138	critique
-0.686	-0.686	0.464	-0.288	-0.104	-2.604	1.190	-1.714	0.463	0.633	0.415	0.625	normal
5.696	6.668	0.494	11.893	1.308	1.308	0.685	0.790	1.368	1.368	0.694	0.857	normal
-0.416	0.857	0.531	0.242	-2.109	-2.282	0.292	-3.940	0.287	-0.808	0.601	0.215	normal
-0.488	-7.714	3.283	-1.792	-3.587	-4.087	0.188	-7.587	-7.111	-7.111	3.289	-5.430	anomalie
-0.247	-0.880	0.316	-0.576	-0.195	-4.394	2.294	-0.672	0.104	-15.563	6.799	-3.386	critique
-0.385	7.127	3.242	4.182	0.504	-2.481	1.187	-0.579	1.118	-1.390	0.966	-0.260	anomalie
0.644	0.771	0.628	0.452	2.429	3.023	0.346	4.660	0.749	-3.513	1.744	0.098	normal
-0.892	-0.892	0.655	-1.359	6.091	6.091	0.692	10.119	0.293	0.507	0.314	0.342	normal
2.692	3.778	0.464	6.433	0.005	3.333	1.448	2.638	4.416	5.213	0.418	9.284	normal
-2.050	-2.050	0.865	-1.587	-0.726	-11.253	4.924	-4.561	0.294	-0.840	0.414	-0.438	critique
0.597	2.498	1.291	1.109	-0.398	-8.725	3.704	-4.213	-1.517	-1.517	0.928	-1.430	anomalie
-2.658	-3.289	0.239	-5.724	7.458	7.458	3.298	5.825	-5.063	-7.122	0.751	-12.010	anomalie
0.117	1.268	0.746	-0.218	-0.157	0.822	0.590	0.396	0.424	-1.033	0.570	0.622	normal
-0.244	-0.933	0.545	-0.518	0.433	0.839	0.548	0.394	-0.310	-1.364	0.806	-1.057	normal
5.287	6.120	0.970	10.102	0.340	14.687	6.322	2.701	7.795	7.795	3.693	5.383	critique
-0.496	0.835	0.569	-0.181	-0.812	-3.179	1.651	-1.331	0.493	-1.207	0.630	-0.251	normal
-4.736	-5.713	0.582	-9.919	-0.481	1.613	0.784	0.219	-2.732	-2.732	1.479	-1.829	normal
-4.960	-4.960	2.349	-3.611	0.326	-0.846	0.418	0.069	-0.739	-1.473	0.594	-0.856	normal
3.039	3.039	1.590	2.225	-0.004	-1.658	0.747	-0.860	0.692	1.150	0.482	0.947	normal
-0.357	-4.700	2.086	-1.689	-4.563	-4.563	0.545	-7.444	0.556	-3.552	1.694	-0.650	normal
-4.011	-4.504	0.748	-8.116	-0.935	0.966	0.773	-0.337	-4.469	-4.745	0.120	-9.403	normal
0.030	-1.716	1.033	-0.425	-6.003	-6.003	0.314	-11.683	0.707	12.960	5.531	2.674	critique
-0.579	-0.579	0.380	-0.096	1.333	-14.034	6.260	-7.622	0.730	1.451	0.652	1.519	critique
-0.123	-0.512	0.179	-0.794	-5.235	-5.577	0.325	-10.209	0.238	-0.542	0.385	0.748	normal
-0.735	0.993	0.686	-0.761	-1.400	-3.458	0.889	-3.233	1.288	11.264	4.618	7.712	critique
-7.298	-7.298	3.053	-6.285	-4.193	-5.649	1.170	-8.659	-0.124	13.234	5.685	4.852	critique
-0.009	1.753	0.820	0.261	-1.214	-1.214	0.859	0.084	-2.570	-2.570	0.422	-3.728	normal
-0.358	0.567	0.426	-0.911	1.936	5.510	1.282	7.073	-3.321	-3.321	0.295	-5.721	normal
-4.872	-4.872	0.398	-8.670	-0.041	-4.879	2.209	-2.634	0.915	-2.141	1.376	0.741	normal
-3.263	-3.698	0.194	-7.062	0.237	0.745	0.318	0.253	-0.489	-0.489	0.336	-0.120	normal
-7.303	-7.303	1.058	-11.809	-4.164	-4.731	0.250	-8.727	0.229	-1.009	0.554	-0.593	normal
-0.365	-0.365	0.287	-0.033	0.689	0.775	0.416	1.232	-0.323	-4.168	1.672	-3.176	normal
-1.485	-2.594	0.526	-4.414	-0.090	1.131	0.609	-0.382	-0.452	-0.756	0.180	-1.051	normal
-0.152	0.754	0.465	0.492	6.101	6.101	0.358	11.886	1.465	1.465	0.653	1.310	normal
0.940	1.319	0.665	1.724	0.195	1.124	0.700	0.028	0.533	0.533	0.355	0.064	normal
-6.320	-6.320	0.829	-10.267	0.754	11.391	4.760	4.684	-3.518	-5.027	0.687	-7.792	critique
1.211	1.211	0.752	0.341	0.511	-5.123	2.262	-1.377	3.682	5.064	0.516	8.562	normal
-0.720	-0.720	0.474	0.339	-1.632	-1.632	1.344	-1.253	0.527	0.655	0.348	0.535	normal
-0.280	-0.860	0.612	-0.308	2.254	2.753	0.258	4.352	-1.042	-13.287	6.005	-6.021	critique
0.078	1.009	0.551	0.683	-3.953	-4.125	0.791	-6.487	-2.113	-3.626	0.695	-4.886	normal
-5.479	-6.988	0.835	-12.142	0.053	-7.331	3.198	-3.049	-5.959	-5.959	0.465	-11.231	anomalie
0.225	-13.376	5.768	-8.094	-0.953	-1.501	0.672	-1.806	-1.964	11.598	5.306	4.880	critique
-2.850	-4.666	0.656	-7.270	-0.012	-12.047	5.249	-4.663	0.186	11.902	4.970	7.229	critique
-3.044	-4.973	0.762	-7.723	0.076	1.180	0.828	0.646	0.474	-0.517	0.375	-0.342	normal
0.412	-0.645	0.415	-0.371	0.500	-1.056	0.661	0.923	5.027	5.027	1.133	8.251	normal
-0.658	2.221	1.152	0.996	-3.376	-4.433	0.422	-7.337	0.996	8.776	3.432	6.825	anomalie
-1.872	-6.952	2.824	-5.840	-12.315	-12.315	5.333	-10.033	-5.877	-6.725	0.428	-11.990	critique
-0.120	-12.591	5.501	-5.133	-0.482	0.696	0.489	0.016	1.201	-12.387	5.510	-2.082	critique
-0.307	-14.608	6.204	-6.455	0.009	-1.080	0.413	-0.726	3.154	3.369	0.434	5.929	critique
1.000	-1.133	0.892	0.809	0.099	-8.247	3.732	-3.052	-0.470	-1.138	0.618	-0.234	anomalie
0.020	-3.276	1.395	-1.765	0.744	3.084	1.531	2.026	0.870	0.870	0.621	0.638	normal
0.366	1.429	0.796	0.963	0.260	-12.786	5.420	-3.628	-1.939	-3.053	0.783	-4.337	critique
0.914	-4.376	2.132	-1.845	-0.390	0.992	0.704	0.419	-3.568	-4.774	0.986	-7.115	normal
5.631	5.669	0.548	10.085	1.280	-7.601	3.410	-0.628	-1.393	-3.551	0.766	-4.379	anomalie
0.517	-7.652	3.409	-1.433	0.062	-12.389	5.382	-7.408	0.525	1.044	0.764	1.022	critique
2.535	2.535	0.385	4.148	2.522	3.837	0.488	6.003	1.390	5.018	1.881	3.147	normal
-0.878	2.084	1.185	-0.279	-0.476	7.069	2.993	1.453	0.072	1.754	0.717	0.423	anomalie
1.672	1.672	1.341	1.313	0.127	-0.464	0.212	-0.580	1.238	14.772	6.213	4.090	critique
5.402	6.330	0.500	11.211	-2.071	-4.120	0.732	-5.528	-13.131	-13.131	6.051	-10.231	critique
0.658	-0.756	0.560	1.419	2.033	2.033	0.848	2.109	3.563	5.744	1.071	8.716	normal
-3.602	-3.857	0.641	-7.054	-0.101	1.053	0.468	0.750	0.146	0.315	0.063	-0.146	normal
-0.664	3.564	1.629	1.071	3.114	3.114	0.217	6.046	1.100	1.100	0.502	1.432	normal
0.045	0.959	0.515	0.058	5.604	5.893	0.656	10.590	0.066	-0.918	0.623	-0.442	normal
2.043	3.098	0.573	4.651	0.770	0.770	0.591	0.882	-1.761	-1.761	0.774	-1.520	normal
1.214	1.214	0.713	1.460	0.778	0.778	0.469	0.594	-3.678	-3.678	0.523	-5.758	normal
-0.876	-0.876	0.588	-0.537	2.810	2.843	0.273	4.743	5.729	6.318	0.312	12.001	normal
-1.548	-2.465	0.486	-3.183	0.055	-14.452	6.170	-6.699	0.652	-0.781	0.507	-0.123	critique
0.388	-1.246	0.770	0.065	-0.561	1.916	1.251	-1.373	-1.457	-2.666	0.763	-4.069	normal
-3.928	-4.414	0.241	-7.749	0.170	0.540	0.141	0.954	1.280	1.280	0.497	1.024	normal
-4.123	-4.123	0.773	-7.585	-0.170	-0.636	0.443	0.244	1.033	1.033	0.571	0.441	normal
4.122	4.847	0.809	7.365	-0.337	-0.595	0.298	-1.094	5.228	5.855	0.239	10.555	normal
-0.278	3.065	1.353	1.119	0.694	-1.681	0.983	0.206	0.380	1.278	0.646	0.832	normal
3.651	5.634	0.894	9.339	0.335	3.502	1.128	2.797	-3.648	-6.059	0.991	-9.241	normal
-3.700	-5.195	0.590	-8.377	-12.755	-12.755	5.347	-10.520	5.459	5.702	0.176	10.826	critique
-0.372	-0.372	0.169	-0.492	-0.582	-1.327	0.909	-0.316	1.780	2.769	0.631	4.126	normal
3.114	3.114	1.314	3.170	-2.352	-3.162	0.395	-5.024	0.708	-1.398	0.898	0.268	normal
-2.476	-2.476	1.321	-1.177	0.393	7.508	3.093	3.681	-4.955	-5.988	0.400	-10.970	anomalie
-0.853	-3.026	1.465	-1.272	0.657	8.897	3.777	1.835	1.457	4.068	1.618	2.958	anomalie
-0.799	12.339	5.403	1.999	-0.200	-2.663	0.943	-1.922	-2.595	-4.545	0.731	-6.981	critique
-1.440	9.037	4.249	2.319	-0.320	-8.838	3.685	-6.368	-0.893	13.743	6.212	1.580	critique
0.446	2.860	1.214	1.248	1.290	-7.975	3.549	-2.326	-0.748	-0.748	0.362	-0.513	anomalie
0.542	-1.135	0.729	0.777	0.246	-0.815	0.558	0.127	-0.324	-2.052	0.974	-0.984	normal
-1.388	-1.388	0.846	-0.642	-2.164	-3.256	0.423	-4.995	-0.371	0.487	0.366	-0.404	normal
0.489	1.112	0.665	0.996	0.649	0.832	0.256	0.691	-0.183	2.074	1.086	0.369	normal
3.335	3.335	1.250	3.973	-0.355	3.488	1.532	0.529	0.498	0.868	0.471	0.142	normal
-0.157	0.630	0.341	-0.221	2.469	4.337	0.696	6.163	0.013	-0.312	0.218	0.085	normal
-0.194	-1.042	0.335	-1.097	0.527	-0.562	0.446	0.053	0.460	1.079	0.695	1.154	normal
-0.166	-15.165	6.369	-7.058	-0.357	0.946	0.673	-0.678	-5.171	-7.082	0.890	-11.543	critique
0.764	0.961	0.459	1.237	-3.320	-3.395	0.262	-6.661	-5.615	-5.625	0.414	-11.098	normal
-0.621	-1.137	0.628	-0.577	-0.562	-0.653	0.456	-0.561	0.134	-1.394	0.948	-0.773	normal
0.304	0.749	0.354	0.675	-1.120	-1.229	0.761	-1.994	0.418	-0.861	0.566	-0.120	normal
-0.634	-1.234	0.585	-1.220	-0.287	14.735	6.359	7.951	1.001	1.001	0.495	1.148	critique
-0.905	8.737	3.852	1.345	-0.793	-1.491	1.034	-0.998	1.589	2.200	0.358	3.524	anomalie
-8.464	-8.464	3.802	-6.238	0.612	0.612	0.108	0.942	-0.240	-7.178	3.284	-4.553	anomalie
0.353	1.064	0.529	0.934	-0.641	-0.641	0.426	-0.127	0.059	0.843	0.387	0.329	normal
-0.596	3.551	1.797	0.436	0.126	-0.769	0.502	0.156	-0.079	0.954	0.536	0.233	normal
-0.048	-0.892	0.365	-0.686	-0.011	0.520	0.299	0.393	-0.594	-11.741	4.890	-3.652	critique
1.047	-1.465	1.126	1.096	-0.301	-0.846	0.409	-0.907	-2.289	-2.289	0.258	-4.474	normal
-2.773	-5.784	1.156	-7.747	0.220	-1.326	0.859	0.063	-4.590	-4.590	0.872	-8.126	normal
-4.582	-4.854	0.220	-8.964	-2.780	-2.780	0.487	-4.380	0.280	-0.929	0.584	-0.314	normal
0.709	15.259	6.451	4.107	4.655	5.536	0.540	9.169	0.224	8.753	3.814	2.093	critique
1.003	1.003	0.320	1.120	0.326	0.326	0.123	-0.049	-0.710	8.936	3.826	3.366	anomalie
-1.233	-1.233	0.968	0.245	3.257	3.257	0.552	5.583	-0.253	-1.909	0.904	-1.130	normal
1.151	1.151	0.656	1.179	-0.661	-1.587	1.252	-0.278	-0.336	7.465	3.378	4.045	anomalie
-0.201	-3.623	1.684	-1.642	0.967	0.967	0.497	0.172	5.355	6.025	0.765	10.920	normal
-0.371	-13.860	5.969	-9.294	0.554	3.485	1.354	3.007	-0.291	0.761	0.400	-0.317	critique
3.088	-14.367	6.669	-7.078	0.599	0.599	0.394	-0.201	0.054	-3.105	1.248	-1.545	critique
-0.255	-15.883	6.972	-6.979	0.828	0.828	0.473	0.676	3.536	4.573	0.695	6.663	critique
-1.555	6.945	3.337	0.094	0.494	-1.020	0.649	0.460	-2.687	-3.007	0.281	-5.518	anomalie
-3.191	-4.131	0.972	-6.428	1.398	1.398	0.297	2.361	-2.173	-4.015	0.700	-5.865	normal
0.023	1.016	0.426	1.212	-3.699	-4.088	0.883	-6.495	-0.362	-0.625	0.470	0.256	normal
0.082	-0.832	0.343	-0.504	-0.591	-0.591	0.332	-0.726	3.544	4.469	0.373	8.671	normal
0.527	-4.464	1.987	-2.276	-0.044	-0.754	0.462	-0.503	3.791	4.734	0.605	7.573	normal
3.634	3.634	0.634	5.531	0.287	7.054	3.208	2.180	-0.206	-0.748	0.458	-0.908	anomalie
-1.105	-1.105	0.622	-1.757	-0.123	-0.905	0.515	-0.092	0.084	0.780	0.309	0.363	normal
-13.682	-13.682	5.943	-10.809	0.722	8.091	3.449	5.230	-0.736	-0.819	0.638	-1.075	critique
-1.516	1.615	1.124	-0.739	-0.059	1.457	0.593	0.555	-0.590	1.237	0.672	0.002	normal
0.218	-0.401	0.250	0.417	3.835	3.835	0.480	7.145	-1.000	-1.018	0.566	-1.315	normal
0.079	-8.532	3.709	-1.622	0.683	0.683	0.469	-0.153	-1.343	-1.343	0.743	-1.555	anomalie
0.814	-1.683	1.005	-0.163	0.158	14.367	6.222	8.170	-1.097	-1.097	0.946	-0.727	critique
5.498	6.104	0.846	10.473	-1.206	-1.206	0.961	0.104	-4.209	-4.209	0.757	-7.344	normal
-3.901	-4.932	0.425	-9.094	-0.720	-10.980	4.511	-5.181	-0.197	-0.833	0.540	-0.153	critique
2.978	4.557	0.642	7.788	-0.031	-6.971	3.139	-2.799	-5.735	-5.735	0.448	-10.350	anomalie
4.516	6.541	0.971	9.477	-2.950	-4.987	0.813	-7.499	-0.027	0.588	0.363	0.358	normal
1.200	1.200	0.493	1.946	0.715	-1.421	1.070	0.207	-0.571	1.088	0.621	0.346	normal
1.283	1.283	0.690	0.834	0.389	14.231	6.136	5.801	-0.093	-0.859	0.325	0.060	critique
-4.165	-5.035	0.472	-8.670	0.930	2.569	1.020	1.140	6.734	6.734	1.141	10.784	normal
5.199	6.792	0.640	12.077	0.233	-7.951	3.449	-3.407	15.039	15.039	6.780	10.182	critique
1.666	3.885	0.889	5.202	2.735	4.382	0.582	7.014	-0.057	-0.668	0.226	-0.623	normal
-0.189	7.444	3.251	1.466	0.090	-0.569	0.320	0.255	-1.121	-1.121	0.733	-0.987	anomalie
-0.549	0.734	0.583	-0.126	13.063	13.063	5.902	9.975	0.579	-0.752	0.569	0.766	critique
-1.087	-1.087	0.595	-0.874	0.468	1.127	0.330	0.612	-0.306	-0.636	0.328	-0.043	normal
-0.060	3.807	1.680	2.404	-3.799	-3.799	1.926	-2.278	-0.602	1.067	0.753	0.596	normal
-0.070	0.928	0.467	-0.078	0.651	1.164	0.682	1.110	0.244	-0.651	0.391	-0.097	normal
0.597	-1.120	0.697	0.091	0.438	-0.681	0.475	0.327	0.018	8.942	3.948	5.560	anomalie
-0.774	-0.774	0.489	-0.462	-0.490	-7.858	3.390	-3.561	2.614	4.095	0.635	5.633	anomalie
-0.158	-2.137	0.943	-1.611	-1.225	11.705	5.215	5.900	-4.815	-4.815	0.680	-7.630	critique
0.138	-7.978	3.450	-4.819	0.313	-1.375	0.832	0.341	-0.288	-1.322	0.814	-0.090	anomalie
0.457	2.909	1.229	1.650	0.893	0.893	0.674	0.154	-0.858	-0.858	0.424	-0.513	normal
0.760	-11.683	5.302	-6.179	-0.361	-0.553	0.382	-0.352	-0.496	-8.061	3.516	-5.367	critique
3.715	4.464	0.414	6.876	1.161	8.607	3.762	1.668	-3.138	-3.138	0.828	-4.914	anomalie
-0.399	1.023	0.596	-0.640	-0.606	0.839	0.546	-0.082	-0.424	1.300	0.681	0.861	normal
4.698	4.698	0.259	9.553	1.825	1.825	0.920	0.691	0.384	12.229	5.336	2.149	critique
2.546	4.430	0.753	5.965	-0.434	-1.259	0.535	-0.880	4.130	4.744	0.907	7.448	normal
-0.693	-0.971	0.727	-0.481	11.434	11.434	4.866	9.447	4.754	5.582	0.322	10.301	critique
-0.200	0.492	0.272	0.702	1.611	1.611	1.137	0.164	-6.025	-6.025	0.863	-10.239	normal
0.129	1.297	0.610	0.414	-5.668	-6.828	0.813	-11.198	-0.062	-0.355	0.189	-0.083	normal
4.836	4.856	0.765	9.224	3.515	3.821	0.342	6.925	0.445	-3.242	1.348	-2.050	normal
0.304	0.491	0.348	0.565	-0.549	0.960	0.547	-0.048	-4.469	-6.317	0.675	-10.344	normal
-0.118	0.218	0.119	-0.078	-1.267	1.294	0.935	-0.260	-0.339	8.678	3.864	3.238	anomalie
0.691	0.691	0.389	0.459	-0.032	0.753	0.389	1.087	0.845	-0.921	0.636	0.036	normal
0.010	1.057	0.583	0.463	3.649	3.649	0.742	5.958	-1.201	-1.201	0.510	-1.241	normal
3.666	3.666	0.495	6.515	1.160	-7.319	3.291	-3.798	0.994	8.261	3.636	5.460	anomalie
0.283	1.229	0.612	1.140	0.307	0.774	0.360	0.721	2.347	4.867	1.013	6.272	normal
-2.151	-2.914	0.298	-4.606	-15.378	-15.378	6.628	-13.061	0.542	-11.038	4.769	-6.673	critique
-0.031	-2.417	1.111	-1.717	0.683	0.683	0.296	1.065	-0.669	4.163	2.103	-0.006	normal
-1.443	-1.443	0.671	-1.593	-0.424	-1.114	0.681	0.121	-0.160	4.006	1.642	2.346	normal
0.920	-0.968	0.686	0.928	-0.822	15.517	7.096	1.075	0.428	1.230	0.424	1.476	critique
-0.229	1.533	0.657	0.922	-1.364	-1.364	0.876	-0.624	0.706	0.884	0.604	0.903	normal
-0.030	-0.996	0.663	0.358	-0.880	-2.333	1.222	-0.680	-0.141	-0.599	0.164	-0.931	normal
0.001	13.016	5.587	7.371	-0.213	0.583	0.340	-0.339	-0.910	1.856	0.986	-0.186	critique
0.980	4.759	1.872	2.841	3.522	4.505	0.595	7.980	-4.015	-4.015	1.677	-3.674	normal
0.288	-3.118	1.476	-1.488	0.759	-1.436	0.792	-0.751	0.741	0.741	0.510	-0.114	normal
-12.434	-12.434	5.326	-10.158	-0.168	-0.665	0.421	-0.593	0.631	0.631	0.400	0.622	critique
-0.916	-7.851	3.394	-2.067	-2.765	-3.368	0.630	-5.043	0.998	0.998	0.376	1.506	anomalie
-0.461	-8.140	3.587	-1.862	-4.699	-5.425	0.900	-9.337	3.655	3.864	0.466	7.527	anomalie
0.965	-8.847	3.733	-5.767	-0.327	2.017	0.876	0.328	-0.075	1.473	0.727	1.368	anomalie
-1.685	3.791	2.153	-1.123	-1.711	-1.711	0.890	-1.366	-4.815	-5.454	0.661	-9.828	normal
14.004	14.004	6.043	10.258	1.019	1.213	0.662	0.886	1.809	3.993	0.824	4.739	critique
-0.132	1.607	0.759	0.455	-1.007	-1.007	0.642	-0.131	-3.525	-3.525	0.587	-6.315	normal
-0.797	0.935	0.646	-0.294	0.056	1.066	0.454	1.117	0.070	2.726	1.142	0.474	normal
1.437	1.437	0.995	0.208	5.907	6.708	0.504	11.252	0.273	-0.454	0.290	0.056	normal
0.064	0.534	0.255	0.321	-4.912	-6.440	0.723	-10.675	4.806	6.065	0.575	9.828	normal
0.484	-0.839	0.472	-0.507	0.178	-1.469	0.778	0.252	0.732	7.047	2.893	2.292	anomalie
0.156	13.700	6.203	4.218	0.045	-0.600	0.353	-0.279	-0.059	-0.839	0.555	-0.150	critique
6.429	6.429	0.761	11.424	0.525	11.574	4.860	5.842	0.643	-1.152	0.715	0.108	critique
2.016	3.130	0.525	4.448	0.433	-0.462	0.330	0.387	3.225	3.247	0.269	5.463	normal
0.377	4.810	2.153	3.103	-0.245	0.710	0.513	-0.370	-4.625	-6.125	0.661	-10.019	normal
0.379	-0.819	0.439	-0.095	-0.894	1.119	0.865	-1.570	-2.725	-3.698	0.603	-5.558	normal
3.165	3.165	1.735	1.361	0.716	0.899	0.307	0.749	5.633	5.633	0.817	9.842	normal
-0.486	-0.581	0.126	-1.170	0.879	0.879	0.620	0.053	-0.217	1.063	0.552	0.137	normal
0.785	2.664	1.011	1.062	-0.514	-0.677	0.431	-0.718	-5.792	-5.792	0.225	-11.581	normal
0.857	7.875	3.368	3.647	0.752	-1.624	0.920	-0.010	4.048	4.048	0.840	7.735	anomalie
0.419	0.419	0.307	-0.132	-4.125	-4.854	0.260	-9.529	-0.279	1.175	0.674	0.229	normal
-0.596	-0.648	0.234	-1.090	-2.948	-3.486	0.859	-6.149	0.083	12.123	5.034	2.651	critique
-3.389	-5.298	0.775	-8.130	-1.179	-2.959	1.468	-2.739	-0.434	3.238	1.454	0.413	normal
-1.131	-1.131	0.477	-1.335	-0.633	1.647	0.986	-0.205	-1.015	12.363	5.486	3.885	critique
0.101	0.605	0.361	0.521	1.003	1.003	0.440	1.605	-1.145	1.723	1.200	-0.840	normal
-1.119	-1.119	0.902	0.361	0.499	-8.671	3.854	-5.645	8.979	8.979	4.010	6.771	anomalie
2.537	2.537	1.141	1.827	-1.570	-1.570	0.997	-1.566	-6.261	-6.359	0.624	-12.128	normal
0.537	-0.959	0.552	-0.111	2.181	3.138	0.388	5.225	-8.077	-8.077	3.670	-5.945	anomalie
-0.772	-0.772	0.355	-0.754	1.321	-2.043	1.223	0.472	0.168	-1.061	0.445	-0.738	normal
-0.377	-1.125	0.776	-0.542	0.294	15.542	6.832	8.960	0.679	1.853	0.730	1.464	critique
-0.995	-0.995	0.348	-1.026	-0.291	-1.591	0.581	-1.321	-13.003	-13.003	5.769	-10.377	critique
-0.652	-12.153	4.995	-6.252	-2.709	-3.983	0.481	-6.779	0.798	0.798	0.577	0.219	critique
0.002	4.035	2.007	0.081	-0.088	-0.900	0.617	0.585	0.600	0.941	0.392	0.696	normal
1.886	2.638	0.270	4.682	-14.905	-14.905	6.176	-13.732	-3.484	-3.629	0.303	-6.405	critique
6.783	6.783	0.358	12.963	2.489	3.754	0.610	5.199	0.766	1.411	0.459	1.307	normal
0.907	0.997	0.536	0.821	-0.550	-0.579	0.308	-0.266	1.417	12.510	5.049	4.270	critique
0.084	7.743	3.070	5.079	0.598	0.598	0.424	0.126	0.455	-0.703	0.461	-0.087	anomalie
-0.472	1.501	0.861	0.473	-0.737	-0.737	0.501	-0.742	-4.206	-4.206	1.780	-4.199	normal
1.626	1.626	0.810	1.710	-0.284	-1.081	0.684	-0.643	8.742	8.742	3.757	6.905	anomalie
-0.168	1.311	0.696	0.262	0.699	0.846	0.396	0.489	0.230	-8.422	3.875	-3.343	anomalie
0.622	0.635	0.195	0.906	0.035	0.431	0.256	-0.247	-0.386	-0.813	0.565	-0.602	normal
0.552	-0.636	0.437	0.141	0.367	-0.569	0.347	0.050	0.229	15.794	6.465	3.702	critique
-0.677	0.759	0.610	-0.184	-0.674	-0.674	0.328	-0.488	3.643	3.643	0.577	6.487	normal
2.260	3.367	0.539	5.526	3.939	3.939	0.436	6.526	-3.560	-3.560	0.483	-6.471	normal
4.079	5.457	0.885	7.712	-3.640	-5.166	0.809	-7.352	0.178	-1.232	0.863	-0.052	normal
2.981	4.416	0.875	5.709	-2.954	-3.559	0.238	-6.789	0.029	-0.925	0.403	-0.233	normal
2.032	3.526	0.647	4.871	0.913	-1.528	0.878	-0.162	3.822	3.822	0.500	6.906	normal
-2.848	-3.560	0.429	-5.599	2.900	4.784	0.742	7.732	-3.578	-3.578	1.621	-2.912	normal
-15.633	-15.633	6.783	-12.928	-1.588	-1.588	0.887	-1.297	0.907	-3.694	1.680	-1.915	critique
1.047	1.047	0.571	0.487	0.749	-0.814	0.602	0.109	0.442	0.936	0.685	0.989	normal
1.099	-1.278	1.015	0.930	0.184	1.816	0.932	0.726	0.950	0.950	0.744	0.635	normal
-0.132	-0.947	0.388	-0.924	2.201	3.419	0.668	5.326	0.385	-0.657	0.463	-0.526	normal
8.365	8.365	3.692	7.175	-1.838	-1.838	0.860	-2.098	-0.648	8.430	3.676	0.671	anomalie
-4.177	-4.773	0.574	-8.355	0.704	-1.208	0.731	0.567	-0.341	1.105	0.511	0.246	normal
-0.657	-8.189	3.316	-4.733	-9.057	-9.057	4.381	-7.021	-0.204	-1.170	0.679	-0.046	anomalie
2.950	3.246	0.963	4.579	6.607	6.607	0.827	11.528	0.078	0.529	0.345	-0.079	normal
-0.053	1.478	0.635	0.519	-0.428	-0.684	0.396	-0.319	-4.929	-6.380	0.557	-11.203	normal
0.128	-1.670	0.714	-1.034	5.689	5.689	0.750	10.588	0.136	13.317	5.842	7.592	critique
-0.907	-0.907	0.503	-0.455	0.455	-1.395	0.859	0.460	0.126	7.220	3.084	4.636	anomalie
-3.745	-6.480	1.074	-9.789	-0.979	-1.220	0.802	-1.406	0.272	0.748	0.418	0.715	normal
5.612	7.132	0.898	10.709	-0.680	-1.100	0.549	-0.647	0.123	-2.536	1.268	-0.681	normal
-0.828	1.823	1.006	-0.312	0.071	1.712	0.830	0.914	0.287	1.416	0.521	1.233	normal
-3.079	-4.408	0.776	-7.789	4.248	5.609	0.489	9.443	-4.813	-5.116	0.284	-9.027	normal
-3.927	-5.263	0.502	-9.498	1.090	-7.184	3.237	-3.643	-3.815	-3.815	0.696	-6.028	anomalie
-0.335	-1.267	0.656	-0.568	-5.620	-7.018	0.585	-11.906	2.640	2.640	0.280	4.517	normal
4.379	4.379	0.600	7.371	4.543	5.568	0.714	8.538	-3.688	-4.709	0.652	-7.771	normal
0.387	0.993	0.702	0.541	0.810	-1.392	0.811	-0.919	11.519	11.519	5.135	8.942	critique
-1.899	-4.264	0.859	-5.612	2.432	3.152	0.583	4.604	0.597	3.556	1.556	2.421	normal
15.595	15.595	6.782	11.687	-0.139	0.978	0.634	0.184	0.115	15.065	6.922	0.863	critique
-0.421	13.253	5.925	4.259	4.298	5.351	1.337	8.219	-0.919	-1.000	0.565	-1.233	critique
-0.154	-1.159	0.493	-0.740	-0.311	-3.656	1.409	-2.546	0.392	-0.868	0.672	-0.525	normal
5.192	5.352	0.309	10.211	-1.011	-7.163	3.000	-5.221	-5.865	-5.994	0.756	-10.884	anomalie
-1.147	1.298	0.865	-0.666	5.573	5.573	0.362	10.785	-0.132	1.197	0.705	-0.218	normal
-3.625	-5.039	0.962	-8.264	-1.346	-2.619	1.484	-3.078	-0.436	0.447	0.329	-0.084	normal
5.378	7.399	0.788	11.799	3.940	4.835	0.359	8.538	-1.101	-1.101	0.703	-0.999	normal
0.119	-0.886	0.607	0.413	0.925	0.925	0.380	0.545	0.372	1.076	0.376	0.688	normal
-0.625	3.746	1.603	1.856	-0.681	-1.829	0.909	-1.563	0.288	10.843	4.657	5.957	critique
-1.210	-14.877	6.211	-10.659	-4.698	-5.680	0.371	-9.805	1.166	4.248	1.483	2.768	critique
0.009	2.158	1.100	1.732	5.923	5.923	0.378	10.853	4.449	4.449	1.683	4.486	normal
-1.014	-1.014	0.603	-0.724	-0.398	-10.964	4.464	-5.848	-1.174	-1.174	0.911	-0.056	critique
0.657	0.748	0.410	0.520	-0.024	13.355	5.970	4.569	-0.589	1.547	0.932	0.312	critique
3.981	5.233	0.484	9.364	-1.526	4.099	2.002	2.099	14.343	14.343	6.073	11.594	critique
0.043	-1.452	0.618	-2.106	0.126	0.837	0.319	0.290	-0.225	1.375	0.635	1.067	normal
-0.195	-0.905	0.413	-0.462	-0.106	-7.202	3.239	-3.168	2.697	3.146	0.725	4.700	anomalie
-0.915	-2.071	0.484	-2.622	1.618	-1.789	1.329	1.313	0.820	4.250	2.168	2.353	normal
-0.160	-1.047	0.764	-0.173	0.908	-1.106	0.822	1.177	-0.943	1.690	1.056	-0.991	normal
-0.669	1.037	0.802	0.021	-5.663	-6.526	0.462	-11.288	-0.203	-1.587	0.754	-0.083	normal
0.480	3.370	1.304	1.079	4.184	4.340	0.267	8.280	2.710	3.206	0.767	4.885	normal
5.964	5.964	0.572	10.080	3.865	5.492	0.723	7.350	-0.771	-0.987	0.440	-0.664	normal
0.020	-0.270	0.180	-0.198	1.244	1.244	0.774	1.205	-0.578	-0.578	0.386	-0.447	normal
-6.333	-6.333	0.398	-11.675	-5.588	-5.588	0.661	-9.892	-4.293	-6.473	0.844	-9.416	normal
-1.012	-1.388	0.465	-1.465	-0.097	-3.800	1.674	-2.468	-0.023	-0.940	0.477	0.227	normal
-0.611	0.910	0.601	-0.132	0.052	-1.061	0.444	-0.636	-0.931	-8.084	3.267	-6.145	anomalie
-0.423	0.850	0.465	-0.054	-3.547	-3.834	0.415	-6.843	4.932	5.197	0.495	9.119	normal
0.832	0.832	0.531	0.609	0.099	0.409	0.118	0.157	-3.973	-5.037	0.580	-7.776	normal
0.205	-0.819	0.413	-0.430	-6.499	-6.499	0.587	-11.270	0.471	15.190	6.536	5.988	critique
-0.779	-1.132	0.792	-0.633	-15.225	-15.225	6.457	-12.618	-1.488	-1.488	1.134	-1.308	critique
0.522	-1.382	0.735	-0.345	1.398	6.997	2.876	5.072	3.869	4.390	0.230	8.176	anomalie
4.244	4.244	0.367	8.689	-0.192	-0.949	0.617	-0.312	1.886	-4.979	2.560	-1.427	normal
1.798	-5.072	2.583	0.037	6.867	6.867	1.102	10.621	0.258	1.744	0.561	1.546	normal
0.186	-1.261	0.545	0.165	-5.430	-5.955	0.486	-9.963	-1.175	-1.477	0.561	-2.047	normal
14.421	14.421	6.433	10.986	-0.084	4.400	1.932	2.761	0.740	0.740	0.152	0.890	critique
1.134	2.759	1.262	0.893	-0.858	14.565	6.438	1.423	-5.232	-6.042	0.388	-10.659	critique
-0.338	8.039	3.320	1.951	0.351	-3.463	1.503	-0.739	0.720	-0.763	0.581	0.263	anomalie
1.651	3.276	0.674	4.331	1.288	1.288	0.816	1.361	-4.628	-4.628	0.400	-8.128	normal
-0.257	1.750	1.170	0.451	4.341	4.755	0.813	8.549	-0.924	1.041	0.784	-0.456	normal
11.978	11.978	5.140	9.477	-5.001	-6.437	0.825	-10.835	15.427	15.427	6.768	11.729	critique
-0.657	-2.600	1.440	-1.383	-0.840	-0.840	0.570	0.170	-1.036	-1.274	0.549	-1.051	normal
0.412	0.625	0.377	0.085	1.088	-2.237	1.622	1.048	-5.157	-6.287	0.464	-10.573	normal
5.510	6.162	0.587	11.451	-0.705	1.656	0.980	0.041	3.723	4.865	0.666	7.557	normal
-0.350	1.096	0.732	-0.709	-0.772	1.249	0.735	0.368	-4.500	-5.570	0.429	-10.279	normal
-3.759	-4.457	0.623	-7.114	-2.406	-3.047	0.264	-4.776	1.120	-13.354	6.042	-2.535	critique
-0.434	0.473	0.333	-0.577	-0.138	-0.889	0.310	-1.082	-5.536	-5.688	0.225	-10.955	normal
-0.892	0.967	0.663	-0.049	0.755	1.233	0.216	1.360	3.729	3.729	0.520	6.138	normal
0.300	1.315	0.555	1.317	-15.414	-15.414	6.492	-13.150	-4.935	-5.691	0.339	-10.415	critique
-7.562	-7.562	3.377	-6.618	0.701	-13.720	6.066	-5.876	0.984	0.984	0.565	0.479	critique
-3.669	-4.111	0.169	-8.077	-2.570	-2.570	0.515	-3.616	-0.457	-0.457	0.367	0.282	normal
0.418	-0.556	0.450	0.128	-4.309	-5.274	0.430	-9.170	-14.105	-14.105	6.056	-11.089	critique
-3.442	-3.863	0.770	-6.617	5.281	6.853	0.675	11.044	0.548	4.545	1.838	3.108	normal
-0.184	-1.854	0.675	-1.728	2.093	3.424	0.513	4.506	-1.302	-1.302	1.062	-0.095	normal
4.753	4.753	0.697	7.335	1.032	1.032	0.358	1.324	5.573	5.573	0.716	9.718	normal
6.167	6.477	0.901	10.598	0.798	11.718	4.521	6.050	2.340	2.727	0.335	4.839	critique
-1.252	-1.252	0.657	-0.878	-0.357	-15.082	6.321	-9.478	-4.272	-4.272	1.957	-3.607	critique
-0.232	0.532	0.331	-0.445	-0.239	3.589	1.556	1.073	0.469	-1.047	0.729	0.504	normal
-0.593	-7.906	3.482	-1.787	2.937	5.234	0.818	7.079	-0.232	-1.233	0.543	-0.378	anomalie
-2.609	-3.689	0.570	-5.767	-4.829	-4.829	0.342	-9.169	0.197	-0.940	0.480	0.042	normal
3.553	4.150	0.248	7.381	1.287	-1.483	1.225	-0.322	3.984	4.399	0.562	7.436	normal
0.317	0.682	0.368	0.438	1.221	1.221	0.627	1.632	5.179	7.330	0.929	12.035	normal
-0.486	-0.489	0.182	-0.491	-0.378	-15.022	6.404	-10.348	-0.144	-8.543	3.817	-5.225	critique
-3.758	-3.758	0.772	-5.549	-1.307	-1.307	0.724	-0.700	0.490	-8.742	3.978	-2.996	anomalie
0.942	-3.401	1.813	-0.089	1.809	2.702	0.354	4.277	0.169	0.262	0.133	0.445	normal
1.274	1.274	0.482	1.197	0.349	-6.879	3.449	-1.459	0.202	1.232	0.392	1.293	anomalie
0.556	0.924	0.244	1.325	-2.734	-3.763	0.555	-6.002	-0.291	-3.434	1.436	-1.551	normal
4.869	4.869	0.575	8.313	-4.673	-6.497	1.040	-10.341	-3.366	-4.984	0.946	-6.984	normal
3.188	4.354	1.198	5.869	0.089	-3.297	1.524	-0.919	1.298	1.298	0.773	0.916	normal
0.523	-1.453	0.717	-0.268	3.054	3.086	0.454	5.917	0.404	4.637	1.856	3.716	normal
0.774	-4.652	2.273	-2.325	-0.409	-0.913	0.581	-0.931	-0.022	0.695	0.436	-0.271	normal
-2.229	-2.782	0.774	-3.618	1.926	2.726	0.428	3.518	-4.370	-4.773	0.150	-8.760	normal
-5.147	-6.118	0.563	-9.905	1.151	1.151	0.626	0.874	-0.183	-3.518	1.459	-1.556	normal
0.089	-1.378	0.614	-0.718	-0.552	-12.216	5.698	-2.134	-2.638	-2.638	1.230	-2.734	critique
-0.566	-0.566	0.481	-0.103	-3.979	-3.979	0.633	-7.009	0.361	-7.178	3.170	-4.082	anomalie
1.001	1.001	0.389	0.706	0.756	0.851	0.344	0.850	1.055	1.055	0.742	1.318	normal
-2.467	-4.637	0.868	-6.320	-0.555	0.640	0.465	0.076	-0.960	-0.960	0.532	-0.842	normal
-1.070	-1.070	0.831	-1.244	-1.667	-1.667	1.037	-0.914	12.504	12.504	5.658	8.736	critique
-4.279	-6.443	0.928	-10.317	-0.019	0.598	0.352	0.245	-4.180	-5.331	0.624	-8.917	normal
0.252	-0.918	0.523	-0.015	-1.156	-1.156	0.721	-1.194	2.384	3.932	0.561	6.282	normal
-3.103	-3.798	0.579	-6.112	-0.071	-0.531	0.259	-0.736	-0.785	-1.738	0.618	-1.498	normal
-3.467	-3.950	0.555	-6.813	0.220	-14.386	6.102	-6.699	7.688	7.688	3.243	5.912	critique
0.407	0.973	0.490	0.436	0.236	-0.371	0.275	-0.331	0.442	0.666	0.400	0.992	normal
0.528	3.352	1.382	2.347	0.184	-2.226	0.970	-0.589	4.885	5.278	0.145	9.504	normal
0.357	-0.474	0.417	0.175	0.638	7.824	3.152	2.414	-0.867	-0.867	0.533	-1.363	anomalie
-1.165	8.764	3.932	4.568	0.725	1.346	0.608	1.361	0.210	0.576	0.395	0.214	anomalie
0.206	-2.915	1.262	-0.767	1.794	2.487	0.245	3.941	-0.238	-3.090	1.281	-1.607	normal
-0.647	1.389	0.839	-0.506	-0.385	0.781	0.520	-0.595	-4.112	-4.112	0.540	-7.073	normal
0.088	-1.643	0.727	-1.193	-0.392	-0.932	0.477	-0.925	4.026	4.642	0.453	7.882	normal
3.914	5.626	0.676	8.758	0.696	-7.951	3.664	-1.284	0.765	0.765	0.355	1.535	anomalie
4.183	4.415	0.099	8.244	-13.510	-13.510	5.686	-11.703	-0.414	-2.084	1.344	-0.056	critique
0.118	0.793	0.332	0.152	0.209	-0.569	0.342	-0.222	0.102	1.302	0.604	0.880	normal
1.032	1.032	0.683	0.731	-0.545	-1.091	0.729	-1.136	0.578	-1.129	0.672	-0.113	normal
-0.170	-4.305	1.930	-0.682	-1.094	12.920	5.867	4.219	-0.079	-1.268	0.692	-0.322	critique
-0.263	3.785	1.694	1.444	-0.362	-8.594	3.636	-3.625	-2.846	-2.846	0.314	-5.141	anomalie
3.166	3.166	0.525	5.248	1.188	1.188	0.451	0.938	0.141	0.926	0.468	-0.090	normal
-6.185	-6.185	0.399	-11.966	-0.311	1.582	0.746	0.632	-1.037	-4.033	1.607	-3.374	normal
0.509	0.641	0.453	0.428	0.333	-1.129	0.580	-0.960	1.748	2.327	0.265	4.680	normal
-0.416	-1.307	0.406	-1.332	-0.078	-0.588	0.411	-0.378	2.650	3.464	0.313	5.935	normal
0.255	1.290	0.481	1.369	0.837	-3.390	1.640	-0.977	0.665	-1.181	0.758	0.050	normal
0.049	-0.357	0.245	0.626	0.974	0.974	0.555	0.430	-0.211	4.709	2.250	1.717	normal
-2.156	-4.957	1.020	-5.944	-1.968	-4.318	0.836	-6.358	-0.337	-1.038	0.253	-1.274	normal
0.454	-0.592	0.385	0.258	-0.650	-7.109	2.916	-3.317	0.825	0.825	0.548	0.405	anomalie
2.467	3.221	0.287	5.666	0.445	8.403	3.670	3.617	-0.109	0.673	0.405	0.277	anomalie
3.399	3.399	0.577	5.652	-0.186	-0.971	0.328	-0.426	0.034	1.120	0.641	-0.083	normal
0.910	-1.110	0.774	-0.039	-5.033	-5.612	0.401	-10.451	2.812	4.025	0.441	7.064	normal
-0.201	-0.671	0.182	-0.973	3.910	5.846	0.750	8.563	-0.056	1.087	0.515	0.451	normal
0.357	-0.909	0.462	-0.262	0.174	-1.303	0.834	-0.542	3.022	4.317	0.503	7.556	normal
0.712	-8.053	3.477	-3.471	-2.639	-2.639	1.085	-2.501	0.364	1.090	0.312	1.356	anomalie
-5.033	-7.933	1.047	-13.065	-0.389	-1.394	0.539	-0.797	-6.215	-6.702	0.668	-12.245	normal
0.892	1.232	0.197	1.814	-3.234	-4.211	0.557	-6.747	1.103	-14.608	6.539	-2.757	critique
-0.575	-0.575	0.262	-0.792	-0.144	0.546	0.299	-0.257	-1.503	-2.951	0.572	-4.559	normal
-0.176	-0.984	0.604	-0.351	0.092	-7.501	3.366	-2.578	0.597	0.603	0.216	0.523	anomalie
0.478	0.575	0.319	0.768	-0.421	-0.733	0.130	-1.175	3.405	3.405	0.344	6.340	normal
-0.308	0.949	0.444	0.717	-0.889	11.814	5.204	1.857	-0.358	1.097	0.829	0.277	critique
1.048	1.334	0.520	0.754	0.221	-1.474	0.704	-0.271	0.243	-0.901	0.419	-0.815	normal
-4.416	-4.416	1.589	-4.659	1.269	-3.466	1.696	-0.871	0.332	-0.449	0.282	0.237	normal
0.506	-4.216	1.855	-1.909	-8.064	-8.064	3.349	-6.873	-4.754	-5.134	0.159	-9.493	anomalie
-4.948	-4.948	0.575	-8.423	-1.385	-1.385	0.923	-0.688	1.000	1.118	0.166	1.799	normal
3.273	3.273	0.434	5.669	1.267	-1.917	1.164	-0.657	2.694	4.692	0.707	7.785	normal
0.391	0.824	0.234	0.849	-0.534	-0.683	0.396	-0.772	8.383	8.383	3.574	6.584	anomalie
0.536	0.536	0.246	0.982	-1.184	-1.184	0.757	-0.017	1.253	1.253	0.748	-0.074	normal
-4.781	-6.602	0.864	-10.231	4.711	5.091	0.464	8.177	4.409	4.520	0.989	8.057	normal
-5.848	-6.694	0.324	-12.132	0.538	-0.770	0.542	0.414	-2.196	-8.769	3.213	-6.364	anomalie
0.726	0.726	0.406	0.346	2.209	3.219	0.445	4.493	-0.141	-7.179	2.724	-4.118	anomalie
2.419	4.220	0.645	6.196	-2.602	-3.177	0.263	-5.626	-4.165	-4.165	0.544	-7.446	normal
-0.062	1.262	0.688	0.397	0.789	0.789	0.437	0.664	-3.652	-4.603	0.376	-8.186	normal
6.826	6.826	0.600	12.472	-0.147	0.627	0.297	0.144	-1.236	1.421	0.976	0.085	normal
-0.057	-0.649	0.399	-0.218	-0.155	-1.859	1.003	-0.081	-0.016	2.436	1.310	-0.479	normal
-5.351	-6.490	0.446	-11.631	-1.135	-1.289	0.683	-1.224	-2.530	-3.238	0.301	-5.637	normal
2.197	2.197	0.224	3.766	0.728	0.728	0.157	0.824	-0.560	-0.560	0.261	-0.141	normal
-0.486	8.821	3.991	3.242	-0.407	-13.062	5.664	-3.104	-0.324	-0.456	0.086	-0.900	critique
0.329	-14.470	6.273	-9.273	-1.244	-1.244	0.814	-0.767	-3.118	-4.783	1.004	-6.834	critique
-0.199	13.587	5.995	2.187	-0.498	1.258	0.659	0.610	-0.953	-1.314	0.488	-1.600	critique
0.584	1.449	1.093	0.217	0.231	-0.732	0.421	-0.638	0.349	1.366	0.489	1.255	normal
-0.772	-0.772	0.610	-0.044	7.554	7.554	3.291	5.870	-0.490	8.880	3.866	5.560	anomalie
-2.009	-2.469	0.204	-4.473	2.134	2.134	0.433	3.529	1.057	1.057	0.749	1.164	normal
-4.437	-4.443	0.406	-8.636	-0.282	-0.754	0.219	-0.713	-2.128	-2.128	0.864	-1.802	normal
-0.125	0.328	0.183	0.468	-3.317	-4.498	0.524	-7.899	-1.005	-1.005	0.453	-1.666	normal
-0.134	-0.959	0.448	-0.546	3.595	4.771	0.443	7.722	-3.160	-4.223	0.439	-6.764	normal
0.616	0.616	0.180	0.825	0.282	0.445	0.087	0.859	-0.927	-0.927	0.534	-2.149	normal
0.148	-14.285	6.141	-6.283	5.187	5.187	0.894	8.947	0.577	1.405	0.515	1.297	critique
-4.514	-5.650	0.509	-9.200	2.385	3.518	0.849	5.013	0.429	0.915	0.231	0.876	normal
-0.302	-0.961	0.543	-1.059	0.949	-1.170	0.793	-0.223	0.873	-3.345	1.632	-0.219	normal
-1.519	-1.519	0.820	-1.347	-0.333	1.278	0.734	-0.183	-0.623	-0.796	0.383	-1.171	normal
0.865	0.983	0.852	0.793	1.408	12.007	5.166	7.686	0.484	1.552	0.798	0.041	critique
0.343	-1.268	0.761	-0.250	-2.736	-2.736	1.081	-2.811	0.534	0.534	0.245	1.664	normal
0.226	1.678	1.047	-0.061	0.512	0.769	0.478	0.300	-5.928	-6.043	0.493	-11.718	normal
-0.657	-0.988	0.486	-0.875	-0.540	0.949	0.560	0.423	-0.358	7.952	3.525	3.331	anomalie
0.843	0.970	0.760	-0.001	-4.542	-5.052	0.227	-9.266	2.462	4.204	0.642	5.975	normal
0.287	-13.163	5.747	-7.894	0.083	1.334	0.552	0.064	-0.657	1.299	0.711	0.321	critique
-1.377	4.784	2.321	1.424	2.200	3.752	0.569	5.108	-2.459	-2.459	1.218	-1.506	normal
2.087	4.047	0.886	5.506	-0.283	-1.187	0.718	-0.789	-0.444	1.128	0.691	-0.820	normal
0.071	-0.867	0.494	0.360	-0.758	-0.758	0.268	-0.587	-1.156	1.639	1.018	-0.293	normal
-0.560	8.934	3.829	3.440	-0.588	-0.875	0.262	-1.604	4.296	4.296	0.409	8.200	anomalie
-0.179	-1.233	0.521	-0.856	0.227	-1.071	0.608	-0.413	0.896	0.896	0.298	1.632	normal
0.733	0.893	0.399	1.151	-2.462	-3.173	0.386	-5.269	0.384	-13.179	5.804	-5.434	critique
-4.499	-4.756	0.257	-8.751	0.678	0.678	0.519	1.170	-1.967	-8.336	3.304	-6.970	anomalie
-1.473	-3.038	0.670	-4.405	-0.526	12.798	5.551	4.215	1.238	1.238	0.710	0.995	critique
3.606	4.250	0.595	6.734	0.707	3.002	1.289	1.199	-1.116	-1.116	0.778	-0.049	normal
0.137	-7.580	3.205	-4.647	3.759	3.759	0.768	5.457	1.192	-8.602	3.838	-3.256	anomalie
0.513	-8.016	3.681	-4.538	6.456	6.516	0.775	11.962	-2.446	-2.744	0.141	-5.596	anomalie
14.196	14.196	6.236	10.260	4.631	5.821	0.531	9.751	-0.552	1.405	0.712	1.345	critique
-0.573	1.295	0.687	0.079	-0.943	1.270	0.961	-1.510	0.294	1.740	0.644	0.631	normal
6.327	6.327	0.504	12.160	0.323	-0.746	0.454	-0.289	3.462	3.823	0.184	6.698	normal
-1.700	3.828	2.037	-0.019	-2.914	-4.322	0.610	-6.561	-1.118	-1.118	0.623	-0.897	normal
-0.006	-0.437	0.237	0.064	0.535	0.630	0.205	1.057	-0.938	-1.013	0.257	-1.424	normal
-0.630	-0.630	0.324	-0.610	1.035	1.035	0.444	1.501	-0.200	0.845	0.638	0.625	normal
-4.406	-4.887	0.183	-9.395	-6.883	-6.883	0.422	-12.510	0.040	10.984	4.893	1.361	critique
0.431	-1.010	0.598	0.043	-0.965	1.296	0.938	-0.676	8.063	8.063	3.476	6.042	anomalie
0.167	-0.542	0.334	0.138	-4.135	-4.862	0.677	-8.175	-0.085	-0.446	0.212	-0.623	normal
4.138	4.273	0.274	8.088	1.012	1.032	0.580	1.227	-1.741	-1.741	0.658	-2.412	normal
0.422	-1.001	0.767	1.001	0.113	0.814	0.514	0.014	-4.710	-6.117	0.634	-9.984	normal
0.924	1.666	0.827	1.431	-0.951	-3.433	0.938	-4.625	-3.181	-5.720	1.016	-7.279	normal
-5.393	-6.576	0.777	-10.582	-1.043	-4.368	1.644	-2.346	0.919	-2.840	1.457	-0.054	normal
-6.860	-7.063	0.461	-12.815	-0.345	8.296	3.690	0.964	-0.248	0.699	0.534	-0.102	anomalie
-0.199	-0.792	0.387	-0.250	-1.017	-12.917	5.528	-6.547	0.184	-0.201	0.164	-0.190	critique
6.359	6.359	0.251	11.506	-3.849	-3.849	1.730	-2.394	-2.159	-3.943	0.642	-6.142	normal
1.571	2.149	0.385	3.611	0.417	-3.759	1.847	-1.800	0.156	1.154	0.435	0.514	normal
0.052	-0.332	0.196	0.034	0.141	-1.329	1.020	-0.673	-5.794	-5.794	0.629	-9.957	normal
-0.661	-0.661	0.370	0.191	0.496	0.707	0.392	0.751	5.203	5.489	0.233	10.419	normal
1.185	1.185	0.397	1.341	-0.927	0.975	0.735	0.094	-5.421	-5.421	0.131	-10.813	normal
-2.396	-2.396	1.226	-2.762	-0.328	0.585	0.375	-0.581	-4.342	-4.827	0.512	-8.878	normal
-2.237	-2.237	1.536	-0.778	-3.165	-3.753	0.309	-6.349	-4.808	-5.538	0.659	-9.284	normal
-0.356	-2.939	1.283	-1.295	0.667	-1.009	0.615	0.988	-0.316	-1.391	0.484	-1.592	normal
0.554	0.554	0.392	0.077	1.145	-12.233	5.361	-7.750	-3.604	-3.604	0.316	-6.320	critique
-3.220	-4.521	0.722	-5.873	2.820	2.820	0.756	3.743	1.126	8.368	3.680	2.153	anomalie
-1.329	-2.367	0.398	-3.072	0.295	2.710	1.363	0.258	-0.610	0.840	0.615	-0.016	normal
-0.404	7.741	3.522	3.431	-5.053	-5.288	0.491	-9.159	0.563	-1.001	0.770	-0.842	anomalie
-0.850	-0.850	0.625	0.030	-0.509	-0.509	0.237	-1.026	0.790	-0.852	0.700	-0.812	normal
-0.365	7.704	3.325	1.353	-0.761	-0.773	0.574	-0.251	-0.185	2.791	1.304	0.662	anomalie
-0.546	-8.632	3.857	-3.465	0.827	-11.721	5.435	-6.342	0.321	1.464	0.609	1.658	critique
-0.194	-0.902	0.481	-0.330	-3.994	-5.127	0.460	-8.241	-0.950	-1.784	0.885	-1.287	normal
8.392	8.392	3.792	6.544	-3.785	-4.991	0.472	-8.312	-3.867	-3.867	0.191	-7.185	anomalie
0.810	0.810	0.499	0.794	-0.176	1.276	0.799	-0.311	1.056	1.497	0.881	0.524	normal
0.949	8.812	3.543	7.008	0.380	-0.405	0.298	0.064	3.354	3.881	0.517	7.093	anomalie
-1.629	3.016	1.734	-0.131	-0.090	0.969	0.483	0.092	5.990	5.990	0.750	9.920	normal
4.751	4.751	0.678	8.856	4.789	5.956	0.423	10.322	-0.427	-0.871	0.503	-0.039	normal
0.019	0.828	0.416	0.537	3.108	3.900	0.399	6.384	1.449	1.449	0.783	1.433	normal
-0.216	-0.777	0.378	-0.546	0.567	1.636	0.797	0.665	-0.808	-13.502	5.796	-3.415	critique
1.003	1.003	0.595	0.871	-4.717	-4.777	0.461	-8.966	-0.147	-0.747	0.525	0.282	normal
-0.268	-0.452	0.340	-0.422	-0.023	-0.383	0.213	0.501	-0.978	1.264	0.806	0.131	normal
-0.428	0.719	0.409	-0.036	0.255	0.901	0.433	0.538	-0.683	1.801	1.089	-0.235	normal
-1.289	-1.289	0.475	-1.347	13.786	13.786	5.617	12.451	4.282	6.299	0.761	10.376	critique
5.210	5.310	0.454	9.452	-0.688	0.756	0.695	-0.466	1.623	3.280	0.650	5.421	normal
-0.520	-0.520	0.393	-0.754	0.212	0.845	0.484	0.468	-0.177	0.640	0.303	0.563	normal
-0.234	3.042	1.557	-0.124	0.100	12.516	5.470	4.697	0.518	0.518	0.287	0.530	critique
2.020	2.020	0.150	3.832	-0.624	-0.624	0.442	-0.218	0.908	-1.337	0.883	-0.676	normal
-3.622	-4.432	0.392	-7.848	-3.048	-3.048	0.259	-5.364	5.318	6.675	0.852	11.149	normal
0.433	1.983	0.902	0.659	-0.662	1.148	0.735	-0.394	3.752	3.762	0.373	6.790	normal
-0.050	0.718	0.551	0.054	-1.128	-1.128	0.618	-0.450	-0.258	1.629	0.712	0.556	normal
-0.647	-4.168	1.955	-2.678	0.178	-1.091	0.561	-0.023	3.274	4.161	0.790	6.970	normal
-0.352	1.845	0.868	0.754	-0.059	0.734	0.467	0.112	-0.429	14.397	6.029	5.424	critique
3.916	3.959	0.132	7.674	0.368	0.923	0.650	0.185	0.541	0.541	0.326	0.409	normal
5.504	5.504	0.166	11.224	-0.135	-0.750	0.485	-0.261	-0.031	-0.733	0.297	-0.725	normal
-5.139	-6.166	0.523	-10.699	-6.648	-6.648	0.406	-12.048	0.051	-0.274	0.154	-0.067	normal
1.975	4.570	1.094	5.780	0.427	-1.123	0.658	-0.435	0.328	-13.094	5.907	-2.185	critique
-0.450	-0.450	0.403	-0.192	0.143	-11.790	5.259	-2.109	3.438	4.925	0.528	8.273	critique
-0.732	-0.945	0.443	-0.925	-0.919	-3.294	1.295	-2.398	1.533	3.654	0.928	4.290	normal
-5.049	-5.638	0.497	-10.407	2.429	2.429	1.283	2.706	-0.100	0.618	0.349	-0.115	normal
-8.916	-8.916	3.811	-7.527	0.133	-0.582	0.272	-0.196	-1.315	-3.916	1.314	-3.348	anomalie
14.023	14.023	6.010	11.469	1.425	1.425	0.892	1.431	1.140	-4.448	2.223	-0.600	critique
-0.638	3.696	1.545	1.382	1.560	2.131	0.227	3.460	0.154	0.955	0.480	-0.111	normal
-2.553	-2.553	0.580	-3.627	-3.277	-4.437	0.456	-7.656	-4.714	-4.714	2.045	-4.314	normal
4.949	5.070	0.224	10.242	12.018	12.018	5.108	9.765	0.371	-1.528	0.911	-0.444	critique
1.200	8.722	3.422	3.090	-4.878	-4.878	0.843	-7.971	0.028	0.629	0.396	0.201	anomalie
-3.222	-3.222	0.860	-4.895	0.466	0.710	0.382	0.709	-12.361	-12.361	5.296	-10.676	critique
-3.226	-4.302	0.442	-6.702	0.181	-0.951	0.561	0.128	-8.897	-8.897	3.973	-7.020	anomalie
-0.314	-1.018	0.538	-0.683	-1.302	-1.302	0.905	0.033	-0.567	-1.233	0.522	-0.973	normal
0.179	1.335	0.539	0.419	-0.255	0.681	0.437	-0.093	0.307	-1.040	0.516	-0.818	normal
-5.815	-5.815	0.932	-10.157	-0.413	-1.489	0.420	-0.822	0.377	-0.680	0.496	0.535	normal
-0.486	0.637	0.477	-0.206	0.926	-1.248	0.792	0.557	-0.542	-1.311	0.501	-1.528	normal
1.303	-1.719	1.128	0.553	-2.309	-3.352	0.652	-5.241	-2.661	-3.380	0.508	-5.961	normal
3.724	3.724	0.321	7.111	0.295	0.956	0.652	0.022	0.464	1.528	0.527	1.347	normal
0.055	-7.292	3.146	-2.436	0.000	-3.368	1.418	-2.640	0.917	1.267	0.704	0.458	anomalie
0.449	-14.590	6.177	-9.071	-1.310	-1.310	0.641	-1.075	0.237	-1.129	0.557	-0.166	critique
0.482	-0.995	0.584	0.090	0.826	1.533	1.040	0.612	0.920	1.967	0.705	1.874	normal
-0.649	1.031	0.676	-0.014	0.528	0.528	0.365	0.140	0.725	-7.565	3.429	-1.232	anomalie
-0.506	1.117	0.633	0.842	-0.594	-2.385	0.921	-1.447	0.815	-1.050	0.731	0.429	normal
0.207	0.207	0.167	-0.152	-0.897	-0.897	0.430	-0.721	-1.645	-1.645	0.725	-1.729	normal
0.412	1.034	0.390	0.927	0.419	-1.774	0.826	-1.069	1.199	-7.401	3.503	-0.175	anomalie
0.222	-0.477	0.327	0.053	-7.255	-7.717	0.676	-13.886	3.416	3.416	1.596	2.442	normal
-0.759	0.958	0.618	-0.624	-0.506	-0.586	0.207	-0.475	0.231	7.915	3.446	1.477	anomalie
-1.446	-2.465	0.523	-3.366	-7.305	-7.305	3.157	-6.125	0.841	1.654	0.824	0.340	anomalie
4.011	4.011	0.603	6.752	1.721	1.721	0.634	2.234	0.918	-0.989	0.695	0.962	normal
-2.481	-4.293	0.896	-4.890	-1.118	-1.118	0.639	-1.554	5.165	6.611	0.545	11.544	normal
-0.285	-1.622	0.723	-1.202	1.390	6.776	2.498	2.611	-2.327	-2.327	0.253	-4.517	anomalie
1.503	1.503	0.986	1.144	-3.202	-4.355	0.451	-8.084	-5.097	-5.920	0.788	-10.236	normal
3.673	4.656	0.554	7.584	5.028	5.028	0.644	8.993	-0.509	4.249	1.967	1.944	normal
0.402	0.934	0.622	0.861	-2.550	-2.550	0.427	-3.917	1.216	1.216	0.822	1.099	normal
2.345	2.440	0.188	5.135	-1.084	-1.084	0.686	-0.976	3.745	4.283	0.442	6.872	normal
4.327	4.339	0.286	8.688	0.201	0.251	0.150	0.093	0.418	-1.590	0.961	-0.565	normal
-0.101	-3.427	1.814	0.018	-3.159	-5.664	0.894	-8.369	-0.358	0.533	0.374	0.302	normal
-0.232	0.592	0.324	0.898	-0.587	0.697	0.518	-0.368	0.213	-14.534	6.406	-3.068	critique
4.533	5.588	0.724	9.059	5.542	5.929	0.578	11.131	4.918	5.636	0.420	10.262	normal
3.109	3.980	0.372	7.420	3.897	4.650	0.318	8.850	-0.043	7.679	3.428	1.536	anomalie
2.643	2.807	0.244	4.973	0.251	1.507	0.451	1.629	4.650	5.614	0.357	10.992	normal
0.221	-2.338	1.027	-1.555	2.685	2.685	0.636	3.834	5.172	5.893	0.432	10.347	normal
0.007	-7.731	3.110	-2.521	1.773	2.998	0.575	4.689	-3.010	-3.535	0.389	-6.064	anomalie
-0.108	0.743	0.532	-0.665	1.520	12.815	5.448	8.302	0.909	2.298	0.766	2.795	critique
5.234	5.234	0.508	9.004	0.464	-0.785	0.506	0.742	11.357	11.357	5.074	9.119	critique
0.294	0.762	0.311	0.348	1.025	1.387	0.679	1.334	4.193	5.656	0.763	8.355	normal
0.999	1.197	0.749	1.371	-5.274	-5.749	0.519	-10.484	-5.356	-6.336	0.516	-11.270	normal
-1.237	-1.237	0.840	-0.894	1.763	1.763	0.963	1.576	-4.966	-5.979	0.490	-10.198	normal
-0.468	15.086	6.400	3.110	0.136	1.055	0.331	0.727	-15.679	-15.679	6.799	-12.729	critique
1.062	12.226	5.210	4.934	1.019	1.143	0.627	0.557	0.689	1.631	0.835	1.096	critique
0.112	-4.254	2.057	-0.919	-1.223	-1.223	0.554	-1.627	1.338	-11.377	5.003	-4.624	critique
7.253	7.253	3.280	4.837	-4.278	-4.278	0.468	-7.389	3.632	4.253	0.484	6.938	anomalie
4.959	6.628	0.723	10.559	-0.312	-0.631	0.315	0.113	0.106	8.098	3.760	2.459	anomalie
-0.096	1.051	0.655	-0.230	0.033	-0.703	0.369	0.061	-0.173	0.449	0.221	0.005	normal
-0.225	-2.392	1.357	-0.834	-0.401	-1.346	0.505	-0.912	4.334	5.594	0.511	9.706	normal
-4.059	-5.336	0.903	-7.511	0.216	1.113	0.437	1.622	5.619	6.876	0.916	11.179	normal
0.606	0.649	0.426	0.594	-2.729	-3.187	0.338	-5.411	0.270	-7.584	3.401	-2.441	anomalie
0.006	-7.697	3.642	-4.111	-1.702	-2.312	0.245	-3.353	-1.564	1.967	1.254	-0.036	anomalie
0.243	-0.618	0.326	-0.179	-2.436	-3.813	1.345	-4.339	4.067	4.067	0.288	8.234	normal
0.729	0.729	0.384	0.507	-0.166	-1.382	0.768	0.635	-0.629	-0.629	0.457	-0.211	normal
0.644	0.644	0.443	-0.169	-0.892	-0.947	0.379	-1.235	-5.295	-5.765	0.417	-10.241	normal
0.405	-1.704	0.842	-0.630	-4.991	-6.127	0.497	-10.117	-0.995	-0.995	0.575	-0.630	normal
-0.142	-0.518	0.157	-0.553	-5.554	-6.018	0.223	-11.185	0.063	0.797	0.404	0.293	normal
-2.880	-5.234	0.933	-8.307	-1.019	-1.019	0.353	-0.940	3.326	3.519	0.107	7.127	normal
0.364	-1.139	0.570	-0.579	-0.096	-1.064	0.692	-0.361	1.047	5.103	2.214	3.416	normal
-0.117	13.489	5.948	2.317	-1.637	-2.299	0.247	-3.215	-7.934	-7.934	3.201	-7.358	critique
-4.377	-4.377	0.720	-7.645	-7.422	-7.422	3.244	-5.497	0.105	-8.524	3.556	-6.111	anomalie
4.107	4.107	0.049	8.755	3.595	3.595	1.871	1.940	0.344	0.504	0.155	0.830	normal
-3.990	-6.830	1.109	-11.230	0.118	-0.646	0.503	0.043	0.462	-7.794	3.345	-1.918	anomalie
0.225	-1.939	0.781	-1.372	-0.249	2.183	1.475	0.559	-6.328	-6.869	0.686	-12.430	normal
-4.680	-4.680	0.498	-8.287	-0.503	-0.857	0.658	-0.908	-4.777	-4.875	0.604	-9.197	normal
0.954	-1.622	0.960	-0.580	3.444	3.452	0.611	5.676	0.022	-0.978	0.602	-0.611	normal
1.260	1.260	0.615	1.300	3.144	5.298	0.982	7.870	-0.627	-1.735	0.826	-0.926	normal
0.645	-0.803	0.618	0.154	0.292	1.889	1.015	0.723	0.499	1.637	0.695	1.402	normal
0.354	-0.773	0.594	-0.212	-4.098	-4.671	0.236	-8.296	-6.346	-6.346	0.287	-12.120	normal
-1.745	-2.090	0.527	-3.073	5.211	6.825	0.599	11.538	-1.008	-1.008	0.551	-1.137	normal
-4.541	-5.851	0.581	-9.653	-0.877	2.678	1.291	1.015	1.356	1.356	0.705	1.208	normal
-0.930	-1.545	0.751	-0.982	0.506	0.573	0.387	0.232	-1.152	-1.387	0.801	-1.138	normal
0.151	0.767	0.249	0.606	1.019	1.019	0.715	0.283	-4.470	-4.805	0.349	-8.602	normal
-0.109	-3.017	1.660	-0.872	0.438	0.438	0.307	0.248	-7.748	-7.748	3.541	-5.932	anomalie
0.911	0.911	0.509	0.676	5.670	6.813	0.488	12.359	2.493	2.493	0.408	4.361	normal
1.088	2.480	0.536	3.817	-4.600	-6.046	0.738	-10.627	-0.661	-0.740	0.456	-0.728	normal
-11.223	-11.223	4.924	-9.333	0.375	1.660	0.827	1.193	0.339	0.672	0.415	0.580	critique
3.738	3.955	0.804	6.009	4.334	4.334	2.145	2.694	-0.179	-4.380	1.711	-4.251	normal
0.661	0.661	0.185	1.095	3.092	3.092	0.811	4.983	1.023	1.884	0.664	1.994	normal
0.280	-7.136	3.015	-3.251	2.297	2.297	1.062	1.709	-1.225	-1.225	0.809	-1.046	anomalie
4.512	4.512	1.951	4.046	1.256	3.395	0.902	3.838	2.261	2.261	1.013	1.838	normal
-1.217	-2.245	0.424	-3.699	-1.006	-1.006	0.574	-0.927	-0.473	2.032	1.144	0.702	normal
0.102	0.274	0.163	0.269	0.561	0.561	0.379	0.125	-3.646	-4.308	0.614	-7.110	normal
-0.109	-3.629	1.363	-3.017	-0.216	-1.303	0.452	-1.392	0.914	1.370	0.256	2.028	normal
0.079	-7.376	3.000	-2.442	-0.538	-0.538	0.241	-0.468	-3.825	-5.861	0.889	-8.760	anomalie
0.985	-7.619	3.518	-3.369	-1.155	-1.155	0.795	-0.013	-0.243	0.991	0.533	-0.091	anomalie
3.608	3.608	0.382	6.661	-0.415	7.933	3.591	4.392	1.306	1.306	0.425	1.547	anomalie
0.298	8.775	3.817	5.423	-0.024	0.670	0.383	-0.034	-0.786	3.480	1.585	0.477	anomalie
4.870	5.991	0.505	10.486	0.350	-13.769	6.184	-5.458	-3.100	-5.268	0.814	-7.856	critique
-1.688	-1.688	0.800	-1.371	3.135	4.736	0.712	7.270	0.591	-0.926	0.576	-0.049	normal
3.549	4.693	0.447	7.913	0.023	-0.458	0.175	-0.788	-0.388	0.928	0.496	-0.173	normal
-0.682	0.719	0.574	-0.388	-0.288	-1.989	0.936	-0.323	0.144	1.021	0.389	0.869	normal
-13.940	-13.940	6.030	-11.740	-0.947	-14.174	6.041	-4.315	-0.172	0.470	0.249	0.578	critique
0.287	-0.755	0.532	0.318	-1.129	-1.129	0.654	-1.156	-0.698	-0.706	0.325	-1.033	normal
-0.543	-1.110	0.804	-0.468	-0.303	-0.753	0.462	-0.534	-2.256	-3.145	0.428	-4.639	normal
-0.256	3.223	1.358	1.067	0.029	12.545	5.238	5.538	1.528	3.116	0.728	3.951	critique
1.316	-11.929	5.229	-5.600	4.968	5.833	0.336	11.263	-1.757	8.764	4.300	1.735	critique
-0.568	-7.703	3.219	-5.367	-1.317	-1.317	0.805	-0.640	-4.343	-5.376	1.105	-7.397	anomalie
-0.656	-1.126	0.619	-0.982	-0.399	1.352	0.638	0.578	-0.977	-0.977	0.359	-0.890	normal
-0.483	0.783	0.509	-0.153	-0.386	-1.241	0.403	-1.087	-0.872	1.445	0.871	0.347	normal
-13.366	-13.366	5.894	-11.642	-0.900	-7.948	3.125	-5.840	-3.554	-4.169	0.789	-5.964	critique
0.017	-1.241	0.860	0.430	0.427	0.675	0.252	0.291	1.755	2.778	0.598	3.686	normal
-0.357	-14.188	5.855	-7.255	6.065	6.065	0.410	11.381	-3.104	-4.647	0.832	-7.538	critique
-2.942	-2.942	1.489	-1.812	0.421	12.826	5.216	3.784	7.619	7.619	3.318	6.438	critique
-0.873	1.290	0.927	-0.132	-1.506	-2.333	0.481	-2.665	-1.595	3.831	1.952	1.095	normal
0.569	-1.103	0.696	-0.201	-0.284	0.551	0.350	-0.200	-0.634	0.757	0.709	-0.369	normal
-0.091	-1.143	0.432	-0.571	1.149	-1.177	0.826	0.893	-0.193	-4.510	1.884	-3.032	normal
3.638	5.157	0.652	7.312	-0.456	-8.405	3.642	-2.341	-2.613	-2.613	0.344	-4.552	anomalie
0.445	-0.612	0.393	0.106	-0.618	0.915	0.743	0.124	-7.780	-7.780	3.539	-5.808	anomalie
-1.302	-1.302	0.526	-1.587	8.075	8.075	3.519	6.484	2.740	2.907	0.355	4.932	anomalie
0.174	-1.114	0.530	-0.118	0.487	-0.737	0.498	-0.497	-0.434	-0.584	0.444	-0.186	normal
14.393	14.393	6.194	11.402	0.069	-0.766	0.459	-0.066	-0.338	-0.854	0.330	-1.011	critique
-0.036	-8.212	3.447	-4.072	0.056	-11.405	4.862	-5.119	0.320	-0.587	0.378	0.316	critique
0.792	0.792	0.289	0.953	8.499	8.499	3.637	6.980	13.993	13.993	6.304	10.361	critique
0.430	0.430	0.320	0.228	-0.939	-12.780	5.329	-6.832	-0.545	0.951	0.656	-0.206	critique
1.426	3.239	0.713	4.036	-4.656	-6.580	0.733	-11.219	-0.840	-1.164	0.731	-0.565	normal
0.498	7.987	3.351	3.689	0.164	-0.683	0.355	-0.105	0.189	0.766	0.518	-0.376	anomalie
0.446	-0.849	0.603	-0.484	0.523	1.254	0.789	0.681	-6.452	-6.452	0.822	-11.436	normal
-0.212	-8.060	3.694	-2.501	1.679	1.679	0.774	1.603	0.544	-2.733	1.404	-1.078	anomalie
5.455	6.800	0.731	10.879	-0.109	4.327	1.948	3.042	0.137	-1.244	0.959	-0.157	normal
0.688	-0.844	0.542	0.509	-4.105	-4.627	0.335	-8.251	-11.821	-11.821	4.865	-10.836	critique
-0.141	-0.706	0.280	-0.435	-5.271	-5.945	0.349	-10.933	-1.029	-1.029	0.317	-1.643	normal
-0.470	-0.991	0.651	-0.561	0.776	1.380	0.761	1.695	-0.559	8.561	3.779	4.025	anomalie
-0.743	-0.743	0.410	-0.491	-0.470	0.485	0.339	-0.455	1.061	1.061	0.638	-0.192	normal
-0.220	7.960	3.539	3.047	-0.006	0.603	0.361	0.270	-1.736	-1.736	0.667	-1.701	anomalie
-1.530	-1.530	0.811	-0.400	14.031	14.031	6.070	10.827	-0.930	-0.930	0.488	-0.766	critique
1.518	-8.495	3.823	-4.481	11.244	11.244	4.975	8.963	-2.781	-3.874	0.447	-6.950	critique
2.892	4.234	0.833	5.685	-15.100	-15.100	6.463	-12.973	0.507	1.573	0.678	1.361	critique
0.022	-3.339	1.470	-1.425	4.466	4.979	0.418	8.430	-0.377	1.003	0.524	1.339	normal
-0.010	1.317	0.567	0.823	-0.278	1.481	0.637	1.363	-4.879	-6.524	0.673	-11.121	normal
-0.134	-0.906	0.575	-0.435	-1.040	1.217	0.904	0.335	0.342	0.736	0.407	1.410	normal
-0.299	-15.669	6.870	-9.917	3.120	4.262	0.423	6.594	4.957	5.358	0.645	8.727	critique
0.101	0.429	0.338	-0.518	1.280	-3.997	2.058	-1.205	0.012	0.639	0.240	0.224	normal
-0.591	-1.247	0.436	-1.294	-0.549	1.004	0.561	-0.422	-4.727	-5.939	0.498	-10.463	normal
-0.381	7.301	3.407	3.748	2.939	3.898	0.433	6.635	4.303	4.303	0.247	8.136	anomalie
-0.785	-4.788	1.747	-3.613	4.400	5.527	0.431	9.624	-1.386	-1.386	0.827	-1.025	normal
5.569	5.697	0.659	10.290	0.408	-0.804	0.470	-0.155	-1.066	-4.666	1.994	-1.611	normal
-13.812	-13.812	5.981	-11.242	8.688	8.688	3.559	7.073	-1.430	1.535	1.059	-0.520	critique
0.486	7.252	2.944	3.196	2.451	2.954	0.712	4.026	-0.863	8.769	4.120	0.129	anomalie
-0.107	-0.821	0.656	0.196	-2.843	-4.445	0.577	-6.908	5.437	6.053	0.398	11.221	normal
-0.393	8.107	3.421	2.066	0.136	-1.052	0.444	-0.723	0.458	1.174	0.534	1.138	anomalie
0.179	7.711	3.513	4.199	0.341	3.913	1.550	2.183	1.390	3.408	1.180	3.211	anomalie
4.909	4.909	2.136	4.015	-0.317	1.331	0.583	0.857	0.789	-1.058	0.717	0.661	normal
-4.015	-4.015	0.244	-7.449	0.651	1.882	1.064	0.542	-0.013	1.746	0.828	0.034	normal
-0.269	0.804	0.440	0.482	-13.711	-13.711	6.075	-10.888	-1.050	1.833	1.120	-0.329	critique
-0.544	-0.544	0.444	-0.220	-0.743	-7.478	3.077	-2.438	-4.913	-5.740	0.333	-10.409	anomalie
-0.537	-2.499	0.724	-2.321	3.433	3.433	0.489	5.659	-0.150	1.010	0.683	0.217	normal
-0.562	1.432	0.721	-0.183	0.930	0.930	0.356	0.774	-0.036	-0.558	0.187	-1.232	normal
-0.161	-1.259	0.494	-0.668	4.049	6.042	0.737	9.782	4.948	6.076	0.568	10.793	normal
-0.303	-2.056	0.941	-0.306	-3.237	-4.662	1.329	-5.476	-0.594	-1.277	0.680	-0.581	normal
1.089	-1.189	0.834	0.125	-0.769	-0.769	0.402	-0.527	0.692	-0.735	0.543	-0.024	normal
0.424	0.557	0.363	0.863	1.460	1.460	1.080	1.027	0.436	0.983	0.702	0.661	normal
0.344	-8.589	3.649	-2.008	0.963	0.963	0.606	1.636	-1.397	-1.397	0.461	-1.848	anomalie
1.172	1.172	0.545	0.764	-1.971	-1.971	1.231	-0.443	1.964	-6.963	3.252	-1.641	anomalie
1.057	1.482	0.601	1.481	-4.277	-4.564	0.164	-8.816	1.011	1.157	0.576	2.307	normal
-1.176	-1.176	0.552	-1.254	-4.620	-6.153	0.721	-10.023	-5.077	-5.469	0.501	-10.093	normal
1.031	1.031	0.540	0.498	0.302	-0.998	0.547	0.305	2.082	2.082	1.100	2.744	normal
1.058	1.058	0.335	1.720	0.390	-1.097	0.654	-0.253	-0.052	-0.790	0.321	-0.324	normal
4.870	5.407	0.543	9.926	0.559	-1.123	0.809	-0.034	-2.359	-2.482	0.258	-4.366	normal
-0.819	-0.885	0.239	-1.500	0.760	0.889	0.384	1.585	-1.015	-1.845	1.358	-1.247	normal
0.189	0.594	0.312	-0.396	-0.657	-7.665	3.087	-2.991	-2.846	-2.846	1.313	-2.070	anomalie
-0.407	0.870	0.472	-0.445	0.161	8.727	3.784	1.682	0.181	-0.630	0.349	-0.084	anomalie
-3.786	-3.786	1.000	-5.086	8.114	8.114	3.627	6.353	0.987	0.987	0.606	0.146	anomalie
-0.717	15.485	6.954	7.804	0.044	1.187	0.885	-0.371	1.994	1.994	1.108	1.774	critique
3.564	4.343	0.391	6.973	4.852	6.170	0.586	9.882	-4.235	-4.235	0.716	-7.201	normal
-0.316	8.363	3.446	3.730	-5.186	-6.002	0.506	-10.570	-0.024	-12.761	5.645	-4.556	critique
3.973	4.445	0.230	7.959	0.237	14.486	6.405	7.938	-0.096	-15.643	6.785	-7.086	critique
-1.447	-2.512	1.227	-2.458	0.565	-8.646	3.762	-3.440	-0.784	-0.784	0.561	0.270	anomalie
13.184	13.184	5.512	10.706	7.874	7.874	3.232	6.031	0.186	-1.173	0.500	-0.777	critique
4.466	6.291	0.705	10.219	0.753	1.021	0.717	0.561	-0.395	-1.048	0.293	-1.689	normal
0.011	-1.311	0.863	0.568	0.751	0.751	0.483	-0.010	0.365	0.881	0.535	0.156	normal
0.114	0.790	0.380	0.771	-0.355	0.671	0.376	0.710	0.422	-14.365	6.268	-2.954	critique
0.186	3.956	1.411	3.247	0.348	-1.243	0.576	-0.903	-0.546	1.369	0.827	0.004	normal
0.848	7.732	3.342	2.989	-0.389	1.009	0.560	0.012	1.337	1.337	0.788	0.938	anomalie
0.148	1.278	0.742	0.093	-11.106	-11.106	4.836	-8.717	0.830	-7.853	3.685	-3.966	critique
0.334	-0.757	0.560	0.548	-0.890	-0.890	0.511	-1.067	5.954	6.387	0.409	11.571	normal
-0.216	-0.216	0.134	-0.324	0.077	-8.003	3.591	-5.131	0.313	0.395	0.306	-0.021	anomalie
0.321	0.710	0.535	0.232	2.358	3.369	0.358	5.432	5.246	5.487	0.889	9.739	normal
1.176	1.176	0.440	0.838	5.790	5.790	0.451	10.577	-2.891	-2.891	0.580	-4.980	normal
4.036	4.036	0.338	7.614	0.054	-0.805	0.348	-0.020	-3.127	-3.127	0.413	-4.868	normal
2.425	3.627	0.493	5.942	0.133	1.649	1.094	0.205	-3.900	-4.058	0.466	-7.327	normal
-0.201	-1.379	0.668	-0.540	-4.915	-6.465	0.761	-10.645	0.013	-1.079	0.418	-0.392	normal
0.070	-0.562	0.238	0.283	-0.364	0.561	0.409	0.245	2.875	2.888	0.293	6.023	normal
0.989	-1.097	0.809	1.056	0.242	-7.482	3.352	-2.448	-4.618	-6.112	0.684	-10.541	anomalie
0.546	-0.569	0.394	0.514	-0.894	-0.966	0.651	-0.334	-5.403	-5.403	0.605	-9.128	normal
-0.167	1.352	0.573	0.469	-8.537	-8.537	3.866	-6.552	-3.701	-4.114	0.454	-6.546	anomalie
-0.636	-4.479	1.872	-3.580	-0.333	3.408	1.754	1.987	0.101	0.860	0.472	0.243	normal
-0.633	-0.927	0.167	-1.363	0.169	0.608	0.194	0.784	0.251	0.727	0.306	0.739	normal
1.632	2.860	0.779	3.526	0.105	0.786	0.355	0.140	-3.102	-3.102	1.387	-2.434	normal
-0.140	-1.325	0.733	-0.694	0.809	0.809	0.443	0.390	7.859	7.859	3.259	7.078	anomalie
-0.750	-0.750	0.343	-0.791	-3.722	-4.586	0.407	-8.065	-0.418	-1.015	0.620	-0.102	normal
-2.140	-2.700	0.277	-4.382	-0.334	0.606	0.450	-0.520	0.133	-0.779	0.336	-0.694	normal
8.640	8.640	3.775	6.770	4.124	4.154	0.179	7.582	0.056	13.330	5.676	3.441	critique
-0.635	1.348	0.961	-0.496	0.714	-0.775	0.561	-0.236	0.230	-14.835	6.542	-2.752	critique
13.186	13.186	5.868	9.941	0.838	0.838	0.552	0.185	3.686	5.174	0.828	8.288	critique
2.350	2.563	0.413	4.366	0.565	1.801	0.786	1.594	0.878	-0.994	0.676	0.738	normal
-2.590	-2.590	0.396	-4.326	-7.019	-7.019	0.842	-11.739	-0.524	1.292	0.682	0.150	normal
0.242	-11.477	4.982	-6.729	-5.960	-5.960	0.635	-10.884	-0.997	1.055	0.834	0.316	critique
0.184	13.617	5.945	5.451	2.862	2.862	0.420	5.091	6.697	6.697	0.532	12.064	critique
-0.288	-7.769	3.511	-4.827	0.261	-0.399	0.287	0.153	6.238	6.238	0.494	11.368	anomalie
5.073	5.155	0.815	9.559	1.304	1.403	0.564	2.011	0.170	-2.309	1.298	-1.309	normal
6.551	6.931	0.770	12.676	0.244	0.473	0.142	1.088	-0.182	-1.142	0.674	-0.918	normal
0.121	0.836	0.477	0.607	-0.586	1.046	0.583	0.552	-0.344	0.998	0.637	0.077	normal
-0.874	-0.874	0.165	-1.276	-0.088	0.937	0.513	0.279	-1.618	-2.883	1.217	-2.665	normal
0.228	2.126	0.999	0.077	0.622	-0.925	0.612	-0.200	7.289	7.289	0.666	12.761	normal
0.633	1.463	0.755	1.332	0.253	-0.785	0.375	-0.571	0.128	0.901	0.542	0.857	normal
-2.597	-2.597	0.464	-4.485	-7.226	-7.226	3.108	-6.222	5.928	5.928	0.195	11.639	anomalie
-0.621	-0.621	0.341	-1.015	-6.181	-6.181	0.905	-10.605	-0.303	0.806	0.470	0.460	normal
2.210	2.912	0.427	4.928	-5.549	-6.432	0.370	-11.551	0.430	1.146	0.803	0.376	normal
6.569	6.569	0.278	12.853	-0.035	1.222	0.486	1.261	-1.398	-1.398	0.937	-0.436	normal
3.599	4.062	0.752	6.691	0.498	-4.055	1.743	-2.706	0.807	-2.208	1.095	-0.515	normal
0.458	1.433	0.392	1.623	-0.400	3.904	1.851	0.244	1.797	-8.971	4.259	-0.304	anomalie
0.726	4.826	2.292	2.553	-0.051	0.779	0.502	0.355	0.916	-3.415	1.747	-0.043	normal
2.101	2.101	0.755	2.119	-0.110	-1.960	1.121	0.234	-2.151	-2.151	0.961	-2.661	normal
1.250	5.002	1.917	4.372	-5.894	-5.894	0.349	-11.532	-0.244	11.927	5.052	6.806	critique
5.920	6.001	0.434	10.830	0.585	-1.125	0.690	0.016	0.664	0.664	0.384	0.471	normal
-0.273	-0.468	0.277	-0.074	0.242	0.917	0.379	1.163	4.975	4.975	1.020	8.710	normal
0.638	-13.236	5.825	-2.483	4.713	6.243	0.643	10.140	0.980	0.980	0.466	1.417	critique
2.572	3.909	0.646	6.385	0.588	0.912	0.615	1.188	0.451	0.569	0.099	0.865	normal
3.978	4.608	0.243	8.792	-1.661	-1.661	0.914	-0.715	3.190	3.470	0.229	5.706	normal
2.786	2.786	1.541	1.264	-0.004	-0.624	0.250	-0.563	1.951	3.603	0.706	4.507	normal
-5.146	-5.684	0.344	-10.545	-0.646	-1.257	0.747	-0.428	4.281	4.281	0.099	7.949	normal
-3.103	-3.966	0.665	-6.333	-0.331	0.884	0.461	0.273	8.153	8.153	3.488	6.423	anomalie
0.325	-0.766	0.414	0.071	5.012	5.622	0.379	9.613	-8.791	-8.791	4.043	-6.573	anomalie
0.440	0.440	0.211	0.939	-0.805	-0.805	0.462	-0.464	-0.655	1.324	0.701	0.046	normal
-1.282	14.755	6.599	1.524	0.626	0.952	0.129	1.966	0.695	-1.377	0.799	-0.116	critique
0.074	9.071	4.044	1.121	0.255	2.833	1.175	2.200	0.225	-0.971	0.518	-0.237	anomalie
0.329	1.199	0.653	1.287	-2.154	-3.980	0.756	-5.735	-2.943	-2.943	1.277	-2.094	normal
3.732	4.570	0.316	8.421	-2.614	-3.585	0.584	-5.261	1.004	-1.809	1.047	0.130	normal
-0.276	2.038	1.001	1.268	1.803	1.803	0.841	1.476	3.776	3.776	0.999	6.296	normal
-6.046	-6.046	0.495	-10.687	3.641	4.555	0.359	7.608	-0.468	-7.920	3.224	-5.254	anomalie
-2.242	-3.514	1.608	-3.756	-4.654	-4.654	1.910	-3.853	0.523	4.201	1.951	2.686	normal
-0.826	-0.869	0.118	-1.129	-0.074	0.868	0.627	-0.033	-0.378	0.970	0.546	0.682	normal
-0.590	-0.601	0.500	-0.347	-0.204	1.167	0.625	0.184	-0.497	-0.844	0.307	-1.213	normal
-3.936	-3.936	0.243	-7.562	3.100	3.252	0.068	5.738	8.516	8.516	3.727	6.958	anomalie
0.994	0.994	0.302	1.804	-2.955	-3.914	0.660	-5.737	-4.441	-6.918	0.880	-11.033	normal
0.412	-0.994	0.603	0.310	0.252	0.646	0.377	0.979	5.802	6.233	0.241	11.909	normal
0.538	0.689	0.250	1.399	0.003	1.494	0.978	0.829	-0.357	-7.462	3.198	-5.038	anomalie
-0.634	-0.634	0.320	-0.805	-0.071	-13.335	5.882	-5.032	0.296	1.516	0.707	-0.036	critique
-0.221	-8.147	3.571	-2.939	-4.517	-6.096	0.594	-10.418	-0.210	-11.908	5.204	-4.938	critique
0.489	-12.847	5.737	-2.320	0.002	-3.730	1.391	-4.030	0.427	13.856	5.926	2.738	critique
0.167	0.640	0.349	0.130	0.235	-0.406	0.269	0.205	-0.620	0.861	0.549	-0.582	normal
-0.225	4.376	1.846	1.659	-0.149	0.658	0.417	-0.469	-0.174	2.546	1.121	0.769	normal
4.070	4.070	0.493	7.112	-0.310	-0.423	0.317	-0.568	-0.378	-0.378	0.281	-0.322	normal
-5.997	-5.997	0.619	-10.945	-0.411	0.533	0.366	0.287	-1.582	-1.582	1.020	-1.150	normal
-0.390	-1.654	0.633	-1.455	0.409	3.450	1.129	3.501	-0.020	-0.649	0.395	0.073	normal
-0.884	-0.884	0.524	-0.662	-0.938	-0.938	0.560	-0.140	-3.652	-3.652	0.561	-6.055	normal
0.377	0.529	0.339	0.421	-6.217	-6.217	0.449	-11.616	-0.188	-1.595	0.725	-1.563	normal
-0.012	0.198	0.140	0.202	0.063	0.588	0.323	0.025	11.209	11.209	4.784	9.384	critique
0.688	1.247	0.530	1.078	-0.268	1.259	0.630	1.043	-0.497	-6.837	2.853	-4.787	anomalie
-3.163	-3.554	0.400	-6.048	-1.729	-1.729	0.964	-1.086	3.994	4.448	0.372	7.685	normal
-0.187	-0.187	0.138	0.346	0.265	-7.560	3.527	-1.605	-0.157	-12.458	5.683	-4.408	critique
0.742	1.155	0.234	1.246	-3.886	-4.054	0.093	-7.929	-0.429	-0.924	0.567	-0.299	normal
-0.078	0.519	0.231	0.680	0.548	0.642	0.455	0.592	-14.132	-14.132	5.836	-11.715	critique
-0.768	-11.525	5.022	-2.640	-1.334	2.761	1.555	-0.588	-5.993	-6.464	0.393	-12.259	critique
-0.582	0.963	0.580	0.459	2.637	2.637	1.118	2.142	-0.252	-8.347	3.804	-1.263	anomalie
1.004	-2.251	1.338	0.717	-3.315	-3.315	0.629	-5.017	-0.312	1.039	0.596	0.622	normal
0.263	0.792	0.450	0.226	0.658	0.658	0.412	-0.223	-0.827	-0.827	0.381	-0.546	normal
1.070	-3.052	1.615	0.574	0.556	-13.320	6.092	-2.323	0.180	0.886	0.439	-0.034	critique
-0.061	-0.563	0.362	-0.386	-1.243	3.957	2.017	-0.115	0.374	1.602	0.650	1.166	normal
2.974	3.440	0.851	6.542	-1.994	-3.058	0.564	-4.697	-1.042	-1.042	0.725	-0.202	normal
-0.983	-15.444	6.618	-10.635	0.192	-1.935	1.154	-0.018	-0.072	0.470	0.297	-0.081	critique
0.375	-15.740	6.927	-3.019	5.544	5.814	0.532	10.985	-0.476	1.531	0.742	0.835	critique
0.608	0.857	0.694	0.783	0.936	0.936	0.408	0.716	0.391	7.638	3.220	3.345	anomalie
0.551	1.236	0.312	0.930	-1.149	-1.149	0.652	-0.718	-3.429	-4.585	0.824	-6.674	normal
-0.219	0.734	0.394	-0.319	5.192	6.439	0.460	10.798	0.653	-1.516	0.980	0.272	normal
-0.355	-12.159	5.549	-7.496	0.229	-0.344	0.240	-0.152	-0.753	-0.753	0.396	-0.140	critique
-0.260	-13.579	6.031	-2.482	0.108	0.759	0.313	0.630	-0.396	0.421	0.320	0.096	critique
5.477	5.477	0.893	9.779	4.827	4.959	0.447	9.688	0.158	-1.604	0.673	-1.374	normal
-0.181	14.556	6.368	5.030	-5.171	-5.171	0.792	-8.028	4.107	4.107	1.382	5.231	critique
1.427	-7.799	3.765	-3.079	-1.801	-1.801	1.006	-1.247	4.713	6.059	0.853	9.374	anomalie
0.502	1.031	0.615	1.092	4.468	5.075	0.290	8.582	-0.967	1.226	0.940	-1.345	normal
5.847	5.847	0.638	10.220	0.318	3.293	1.526	1.947	-1.534	-1.534	0.788	-1.460	normal
0.131	1.052	0.778	0.738	0.595	-0.658	0.606	0.764	-1.406	-1.406	0.744	-1.288	normal
0.418	-4.145	1.905	-0.836	1.945	8.650	3.751	2.752	2.455	2.455	1.079	3.099	anomalie
-1.236	-13.141	5.364	-9.098	-0.223	-3.413	1.630	-1.188	-4.606	-4.606	0.542	-8.175	critique
-0.189	1.442	0.634	0.497	-0.860	0.870	0.615	-0.130	-0.998	1.400	0.990	-0.679	normal
-0.513	-0.905	0.419	-1.387	-1.021	1.119	0.761	-0.502	1.828	1.828	0.979	1.967	normal
-2.190	-3.398	0.465	-5.778	-0.475	1.168	0.593	0.360	-0.200	-1.093	0.337	-1.702	normal
-0.134	-1.339	0.714	-1.102	-0.225	13.614	5.861	7.841	-0.584	1.677	0.814	0.431	critique
-0.213	15.803	6.893	8.518	-7.664	-7.664	3.202	-6.879	-1.578	-2.403	1.156	-2.951	critique
0.599	8.720	3.579	4.392	3.121	3.121	0.469	4.817	-4.334	-4.334	1.789	-3.946	anomalie
3.757	3.757	0.920	5.966	-0.430	-15.596	6.713	-3.581	-5.793	-6.932	0.457	-12.376	critique
-0.154	-0.323	0.204	0.006	-1.119	-1.119	0.454	-1.152	-14.872	-14.872	6.652	-11.192	critique
-0.439	1.040	0.621	0.056	0.634	12.908	5.254	8.527	4.851	5.208	0.569	9.343	critique
0.771	-4.505	2.154	-0.234	3.192	4.337	0.487	7.961	-0.979	-0.979	0.649	-0.473	normal
-0.188	-1.038	0.319	-1.223	0.307	0.441	0.338	0.495	0.514	1.074	0.211	1.541	normal
-3.468	-4.880	0.526	-8.217	-0.341	3.468	1.636	0.297	-0.297	1.685	0.886	0.035	normal
-0.272	1.125	0.652	0.175	0.873	0.873	0.441	0.741	1.025	14.434	6.107	9.264	critique
-1.040	-1.040	0.737	-1.009	-0.524	1.003	0.545	0.258	-0.986	1.210	0.835	0.296	normal
-1.268	-1.303	0.546	-1.817	-5.348	-5.651	0.630	-10.785	-4.248	-4.248	1.827	-3.626	normal
0.079	-1.215	0.565	-0.085	-0.937	-8.795	3.575	-4.739	1.339	1.339	0.322	2.296	anomalie
6.058	6.058	0.405	11.624	5.368	5.368	0.711	9.160	3.936	4.320	0.443	8.137	normal
-11.815	-11.815	5.022	-9.645	0.913	-7.298	3.388	-3.932	-0.370	-0.370	0.227	-0.720	critique
1.023	-8.184	3.635	-4.658	-3.489	-3.726	1.072	-5.253	1.491	1.491	0.953	0.149	anomalie
-0.165	-8.072	3.353	-2.435	0.937	14.257	6.060	5.626	0.441	-1.329	0.687	0.395	critique
0.337	13.612	5.678	6.074	-4.225	-4.225	2.072	-3.245	-4.542	-4.542	0.823	-6.378	critique
-0.086	1.429	0.878	0.279	1.087	7.758	3.126	4.581	2.232	2.468	0.342	4.514	anomalie
1.732	1.732	0.975	1.068	-0.440	8.224	3.630	1.540	-1.093	-1.093	0.619	-1.589	anomalie
2.144	3.621	0.896	4.303	1.010	-1.117	0.794	0.627	0.564	-1.111	0.683	-0.920	normal
0.294	-1.248	0.800	-0.221	4.219	4.219	0.809	7.371	-0.443	-7.070	2.917	-4.066	anomalie
0.104	-8.625	3.947	-2.866	-5.827	-7.131	1.030	-11.591	-0.391	-1.001	0.450	-0.716	anomalie
1.321	2.071	0.996	2.294	0.470	-0.935	0.503	-0.352	1.077	1.077	0.472	0.624	normal
-0.886	0.966	0.729	-0.088	6.142	6.142	0.319	11.663	-0.914	-0.914	0.546	-1.256	normal
-0.161	1.134	0.677	0.094	-0.146	0.956	0.589	-0.288	-0.914	-1.215	0.606	-1.550	normal
-7.749	-7.749	3.558	-6.201	-1.534	-7.319	2.784	-4.907	-0.122	0.296	0.160	0.184	anomalie
0.251	0.928	0.342	0.961	2.516	4.557	0.861	7.131	-0.310	11.799	5.115	1.586	critique
0.163	-4.279	2.133	-1.975	0.861	-0.927	0.738	1.192	-1.222	-3.958	1.560	-1.821	normal
0.161	-0.770	0.469	0.052	-7.101	-7.101	3.136	-5.768	4.362	6.263	0.750	11.373	anomalie
-0.156	-11.448	4.666	-5.705	-0.217	-0.832	0.476	-0.170	-0.126	-1.468	0.924	-0.171	critique
-0.336	0.908	0.607	-0.358	0.361	-0.755	0.551	0.249	-0.748	11.034	4.918	1.685	critique
-0.367	1.537	0.692	1.060	0.478	-1.203	0.727	0.284	-5.896	-6.706	0.668	-11.295	normal
0.423	-0.910	0.495	-0.257	0.164	-0.957	0.657	-0.072	0.460	-1.228	0.721	-0.740	normal
-0.160	-0.759	0.351	-0.050	-13.887	-13.887	6.059	-11.088	4.916	4.916	0.606	8.964	critique
0.771	1.217	0.292	1.248	-0.700	1.162	0.728	-0.550	0.241	-0.868	0.399	-0.129	normal
-0.411	-0.834	0.416	-0.644	-0.182	-7.711	3.281	-5.013	0.364	-7.660	3.243	-3.569	anomalie
-0.887	-14.124	6.350	-2.678	0.210	1.489	0.476	1.928	-1.168	-1.541	0.990	-0.705	critique
-0.937	-0.937	0.684	0.442	0.523	1.289	0.494	1.148	3.602	5.136	0.733	8.155	normal
-0.213	-2.558	1.005	-1.074	2.775	4.123	1.126	4.621	0.922	1.103	0.785	1.488	normal
-0.413	-1.087	0.643	-0.022	2.074	2.713	0.247	4.190	-0.421	-0.967	0.535	-0.634	normal
0.817	7.899	3.135	3.282	0.100	7.404	3.312	0.961	0.079	-7.231	3.077	-3.345	anomalie
-3.942	-3.942	0.517	-6.394	-0.403	-0.641	0.198	-0.868	-0.487	-1.054	0.246	-1.665	normal
-0.480	-1.104	0.436	-1.229	-0.174	0.906	0.580	0.091	-0.076	8.688	4.200	0.361	anomalie
0.745	1.873	0.917	0.858	0.815	0.815	0.554	-0.043	0.030	1.434	0.537	1.067	normal
3.022	3.022	0.270	5.484	0.098	-0.857	0.537	-0.362	0.254	-0.515	0.377	0.166	normal
-5.452	-6.509	0.547	-11.708	-7.709	-7.709	3.113	-7.416	1.788	3.301	0.635	5.101	anomalie
0.049	1.028	0.524	-0.272	-5.773	-5.914	0.143	-11.357	3.331	5.784	0.943	9.025	normal
1.165	-8.277	3.799	-3.042	0.413	2.610	1.085	2.268	0.421	-0.889	0.498	0.522	anomalie
0.614	0.658	0.431	0.920	-3.814	-4.560	0.295	-7.996	-11.595	-11.595	5.150	-9.133	critique
2.072	3.361	0.510	5.034	-1.112	-1.112	0.410	-1.321	-3.461	-3.461	1.689	-2.875	normal
-0.764	-1.803	0.788	-0.966	-2.410	-2.410	0.227	-4.337	8.322	8.322	3.818	6.703	anomalie
-0.653	-7.194	3.165	-3.380	0.519	-7.833	3.570	-2.655	3.930	6.479	0.977	10.147	anomalie
1.725	3.510	0.651	5.448	-4.777	-4.777	1.263	-5.917	0.587	-0.882	0.536	0.421	normal
0.077	1.735	0.630	1.515	-0.238	-0.768	0.368	-0.609	-0.324	0.428	0.313	0.006	normal
-0.151	3.367	1.681	1.342	-4.001	-5.795	0.734	-10.306	1.190	-2.969	1.500	-1.329	normal
3.807	4.803	0.878	7.113	0.034	7.227	2.945	4.617	0.389	-2.269	0.983	-1.627	anomalie
8.318	8.318	3.973	5.305	-3.503	-3.503	1.871	-2.668	0.650	-0.803	0.661	-0.226	anomalie
12.082	12.082	5.346	8.707	-0.004	-1.632	0.715	-0.548	0.949	-1.306	0.941	-0.290	critique
0.234	0.823	0.410	0.600	0.950	-2.311	1.289	-0.503	-0.256	-0.737	0.297	-0.612	normal
-8.879	-8.879	4.124	-6.550	0.680	0.680	0.432	0.599	-0.786	-0.786	0.569	-0.353	anomalie
0.020	-0.998	0.379	-0.830	0.548	8.406	3.654	2.118	-0.758	-15.402	6.409	-7.532	critique
2.612	2.612	1.089	2.061	0.400	-1.164	0.638	0.016	-3.008	-4.721	0.608	-7.331	normal
-0.377	-1.200	0.351	-1.183	-0.328	-0.328	0.245	-0.018	-2.082	-2.581	0.253	-4.889	normal
0.293	-2.580	1.162	-0.858	0.786	0.786	0.594	0.262	2.402	3.288	0.457	5.338	normal
-0.805	-1.063	0.540	-1.454	5.698	6.180	0.201	11.741	-0.836	-1.001	0.539	-0.924	normal
-0.403	-11.456	5.196	-1.614	-0.051	-14.869	6.331	-10.015	0.167	-0.302	0.195	0.312	critique
-0.637	-15.501	6.669	-10.226	0.233	-0.701	0.403	-0.138	-0.627	12.821	5.692	2.083	critique
-0.705	-0.705	0.518	-0.511	-0.480	-0.480	0.340	-0.838	1.122	1.122	0.596	1.616	normal
-1.521	-1.521	0.722	-2.156	-0.480	0.658	0.437	0.005	-0.120	1.103	0.471	-0.181	normal
0.913	-11.838	5.474	-6.399	0.621	1.402	0.846	0.487	-4.139	-4.765	0.388	-8.864	critique
-0.241	-4.811	2.183	-1.937	-0.233	-7.840	3.258	-3.737	4.174	4.174	0.604	6.785	anomalie
0.429	0.856	0.501	0.161	0.996	0.996	0.624	0.453	0.544	-1.298	0.726	0.039	normal
0.598	8.855	3.874	3.754	-0.691	1.120	0.640	-0.235	5.072	5.632	0.200	10.760	anomalie
3.180	4.300	0.947	5.547	-2.355	-3.504	0.479	-5.628	2.777	4.189	0.730	5.436	normal
0.219	1.070	0.478	0.506	-0.604	14.000	6.211	4.403	-5.555	-5.939	0.282	-11.371	critique
-0.349	0.706	0.480	-0.332	0.278	-0.608	0.372	-0.136	3.901	3.901	0.266	7.292	normal
-3.277	-4.006	0.610	-6.912	-0.546	-0.546	0.306	-0.913	-1.242	-1.242	0.748	-0.252	normal
-0.433	0.902	0.514	-0.072	-0.303	1.022	0.506	0.375	-0.894	-0.931	0.669	-0.733	normal
-0.356	-0.956	0.695	0.207	-0.367	7.579	3.219	3.210	-0.066	1.039	0.608	-0.462	anomalie
0.048	1.255	0.726	0.150	-0.257	-0.562	0.292	-0.827	0.262	1.358	0.752	0.864	normal
1.501	-7.205	3.549	-2.885	-5.397	-5.938	0.258	-10.972	-5.188	-5.440	0.597	-9.584	anomalie
0.451	0.451	0.265	0.226	0.361	13.753	5.911	2.882	-5.283	-6.055	0.736	-10.017	critique
-0.256	-0.552	0.223	-1.198	0.378	-1.143	0.652	0.115	-0.602	0.944	0.626	-0.357	normal
0.078	1.599	0.696	0.973	-4.965	-5.257	0.192	-10.351	-3.063	-3.076	0.672	-5.100	normal
0.222	0.300	0.187	0.156	-1.258	-1.748	0.587	-1.281	-0.129	-3.797	1.879	-0.104	normal
-1.861	-1.861	0.938	-1.272	0.600	-0.907	0.545	0.668	0.173	-1.721	0.888	0.261	normal
0.045	0.893	0.622	0.493	0.501	-0.951	0.515	0.495	-0.297	-1.269	0.580	-0.541	normal
3.257	4.374	0.452	7.925	-0.311	-14.219	6.039	-6.658	1.006	14.886	6.318	6.282	critique
0.047	-0.636	0.305	-0.505	-5.650	-5.650	0.570	-9.835	-0.090	0.397	0.295	0.192	normal
0.320	-13.182	5.904	-2.233	-0.303	-0.370	0.164	-0.237	14.462	14.462	6.355	11.450	critique
0.193	-1.036	0.713	0.650	12.598	12.598	5.627	9.396	4.612	5.285	0.655	8.901	critique
-1.394	-1.394	0.821	-0.543	0.703	-15.748	6.980	-5.644	-0.130	-8.581	3.808	-1.713	critique
-8.361	-8.361	3.689	-6.449	0.995	0.995	0.647	0.772	-0.391	11.789	4.840	6.950	critique
-1.010	-1.531	0.811	-1.907	0.650	0.793	0.103	0.977	0.885	0.885	0.444	0.325	normal
-1.412	-3.506	0.882	-3.626	0.903	0.903	0.653	-0.450	-0.019	-11.775	5.227	-7.290	critique
-0.628	-1.037	0.724	-0.410	-4.902	-5.436	0.370	-9.917	0.132	-2.129	0.951	-0.922	normal
-0.242	1.200	0.676	-0.426	-0.253	14.769	6.238	3.063	-0.343	1.479	0.758	0.638	critique
-0.704	0.989	0.631	-0.004	-5.368	-6.514	0.543	-10.790	-6.471	-6.471	0.362	-12.408	normal
-0.360	0.520	0.321	-0.530	-0.049	0.746	0.560	0.261	0.124	1.157	0.458	0.751	normal
-0.725	1.485	0.868	-0.046	-3.767	-5.951	1.041	-7.638	-0.652	8.654	3.831	1.505	anomalie
0.857	0.885	0.520	1.483	0.370	0.440	0.115	1.125	1.143	-7.156	3.264	-1.129	anomalie
2.743	4.169	0.538	7.057	-4.728	-4.728	0.573	-8.565	0.458	0.831	0.333	0.446	normal
0.204	1.293	0.817	-0.121	7.394	7.394	2.996	6.140	0.218	1.193	0.540	0.076	anomalie
-12.086	-12.086	5.071	-9.936	-0.316	3.888	1.770	1.436	0.404	12.101	5.346	4.235	critique
4.331	4.331	0.451	7.837	0.618	0.618	0.249	0.203	0.411	-1.230	0.621	-0.280	normal
-0.540	0.984	0.605	0.103	-1.059	-1.059	0.687	-0.904	1.168	1.168	0.386	1.509	normal
-3.908	-4.086	0.285	-7.351	1.193	1.558	1.056	0.853	-0.076	0.984	0.422	1.268	normal
0.175	-0.952	0.411	-0.520	-5.053	-5.053	0.122	-9.704	-0.190	-7.452	3.280	-4.479	anomalie
0.259	0.473	0.369	0.556	-0.092	1.690	1.062	1.559	-1.398	1.550	1.110	-0.078	normal
0.117	-1.657	0.860	-0.761	1.613	1.613	0.994	0.945	11.687	11.687	4.835	9.463	critique
4.257	4.257	0.152	7.818	0.099	-1.057	0.744	-0.837	0.170	1.909	1.034	1.033	normal
0.434	-0.785	0.514	0.418	-0.259	-12.104	5.368	-2.373	0.221	1.901	0.770	1.755	critique
-0.819	1.274	0.878	-0.426	-0.208	-0.692	0.218	-0.985	-0.184	0.853	0.604	-0.276	normal
-0.110	4.079	1.665	2.185	-2.017	-2.486	0.217	-3.802	0.517	12.542	5.474	7.637	critique
2.038	3.295	0.521	4.820	-0.562	1.532	0.841	0.232	-5.674	-6.932	0.457	-12.270	normal
-0.150	-1.050	0.582	-0.015	-0.204	-1.287	0.515	-1.019	-0.936	-4.359	1.773	-2.961	normal
-0.153	-1.161	0.415	-0.744	-1.222	12.434	5.821	5.737	-0.692	-0.869	0.319	-1.123	critique
0.437	0.437	0.275	0.446	-12.165	-12.165	5.318	-9.430	-3.696	-3.730	0.311	-6.899	critique
0.559	1.163	0.753	0.935	-0.030	-1.064	0.390	-0.647	-4.376	-5.141	0.812	-9.001	normal
1.065	1.065	0.610	0.593	1.763	1.763	0.823	1.659	7.527	7.527	3.359	5.419	anomalie
-0.260	0.287	0.196	0.374	-0.334	0.450	0.369	0.234	-0.460	1.035	0.539	0.705	normal
0.997	0.997	0.715	0.909	-0.112	-0.949	0.415	-0.850	0.074	0.810	0.540	0.373	normal
-0.248	-12.661	5.444	-3.173	-1.514	3.238	1.783	0.968	1.299	1.466	0.776	1.858	critique
-0.801	15.659	7.028	1.985	0.931	7.490	3.417	2.628	0.621	0.621	0.384	0.234	critique
1.404	1.404	0.924	1.037	-2.610	-4.959	1.338	-5.837	-0.556	-0.556	0.318	-0.939	normal
0.411	-8.018	3.541	-4.271	0.034	1.004	0.494	-0.096	4.250	5.482	0.495	9.586	anomalie
0.448	0.976	0.375	0.646	-4.003	-4.788	0.431	-8.003	-0.535	8.244	3.767	2.195	anomalie
5.447	6.188	0.998	10.751	-5.033	-5.033	0.240	-10.035	-2.529	-4.825	0.832	-6.803	normal
0.059	0.184	0.133	0.097	-0.093	-0.814	0.581	0.072	-0.893	-0.893	0.468	0.054	normal
0.127	-13.617	6.186	-7.848	11.671	11.671	4.871	10.396	-0.038	1.770	0.822	0.994	critique
-0.242	-4.166	1.961	-3.054	-0.131	1.189	0.829	-0.100	0.346	0.676	0.267	0.375	normal
5.078	5.168	0.459	10.145	-1.125	-1.125	0.794	-0.626	-1.156	3.585	1.811	0.674	normal
-4.287	-4.327	0.124	-8.226	2.362	2.362	1.065	2.607	0.286	-0.713	0.599	0.289	normal
0.897	-1.074	0.898	-0.087	-1.227	1.244	0.930	-0.948	0.144	-0.792	0.335	0.065	normal
-0.318	2.062	1.195	0.300	0.275	2.485	0.898	0.909	4.631	4.631	0.536	7.781	normal
0.393	3.063	1.392	0.833	-0.404	0.581	0.444	-1.008	-8.107	-8.107	0.806	-14.315	normal
2.643	3.036	0.191	5.084	2.681	2.681	0.398	4.400	3.078	3.651	0.230	6.796	normal
0.367	8.529	3.638	3.432	-1.662	-1.662	0.706	-1.949	0.028	-0.540	0.295	-0.107	anomalie
-0.812	3.008	1.570	-0.006	-1.849	-1.849	0.844	-1.552	-2.746	-4.356	0.729	-6.341	normal
-2.216	-4.491	0.813	-6.298	-0.349	0.494	0.311	-0.236	0.730	-1.244	0.781	0.313	normal
-0.386	-0.882	0.457	-0.428	-0.378	3.190	1.765	0.393	-0.079	-3.769	1.832	-2.084	normal
3.528	5.418	0.849	8.259	0.168	0.627	0.270	0.424	0.625	-3.289	1.520	-0.891	normal
-0.581	-2.418	1.061	-1.573	0.793	0.877	0.522	1.350	-0.871	1.839	1.122	-0.385	normal
0.441	0.607	0.228	0.556	4.970	5.282	0.447	9.573	0.710	0.977	0.527	0.638	normal
5.728	5.857	0.622	10.673	3.280	4.992	0.642	8.207	0.265	-1.762	1.019	-0.510	normal
5.028	6.140	0.762	10.225	0.676	-0.700	0.529	-0.032	1.236	14.735	5.969	6.990	critique
-5.376	-5.376	0.847	-8.807	0.485	-0.592	0.428	-0.029	-1.045	-1.045	0.425	-1.909	normal
0.114	1.086	0.612	0.314	0.461	-1.242	0.615	-0.690	-3.971	-4.364	0.167	-7.494	normal
-2.816	-4.955	0.800	-6.747	-0.623	8.605	3.750	4.730	1.759	2.414	0.324	3.739	anomalie
-0.069	0.991	0.420	-0.250	0.708	0.965	0.319	1.173	0.596	13.215	5.701	5.218	critique
-3.901	-3.901	1.858	-2.425	-4.097	-4.097	2.014	-3.290	-0.044	-15.062	6.818	-9.175	critique
-0.816	-14.238	6.069	-6.417	8.853	8.853	3.828	7.289	-0.170	1.054	0.468	-0.078	critique
-1.157	-1.460	1.224	0.034	-0.881	7.374	3.195	1.276	-0.546	-0.776	0.500	-0.780	anomalie
-4.444	-5.511	0.418	-9.538	-5.583	-5.583	0.453	-9.974	0.148	1.947	1.000	0.286	normal
-0.198	-0.661	0.306	-0.557	1.233	1.233	0.746	0.576	4.953	5.308	0.148	10.914	normal
-5.832	-6.549	0.340	-12.112	4.429	5.020	0.240	9.797	-1.395	-2.541	1.189	-1.664	normal
-0.175	1.075	0.690	0.704	0.959	0.959	0.640	1.011	-0.223	1.053	0.701	-0.458	normal
-0.262	-3.117	1.323	-1.642	2.274	3.175	0.664	4.887	-0.041	-1.372	0.874	-0.496	normal
-5.709	-6.433	0.632	-10.635	0.714	0.714	0.381	0.570	0.641	-0.833	0.554	0.472	normal
9.155	9.155	4.538	4.895	4.006	4.006	1.893	2.921	-0.266	0.708	0.480	0.004	anomalie
2.062	3.087	0.445	4.575	-5.215	-6.454	0.725	-10.953	-1.028	-1.028	0.699	-0.028	normal
-0.134	14.291	6.117	8.146	-0.733	13.167	5.694	1.817	-5.197	-5.620	0.462	-10.316	critique
1.802	2.155	1.074	2.493	-0.321	-4.576	2.250	-3.011	0.591	-1.111	0.684	0.352	normal
0.115	-1.360	0.744	-1.162	0.651	12.645	5.518	2.518	-4.459	-5.907	0.923	-9.672	critique
1.288	1.288	0.601	1.350	3.808	3.988	0.116	7.891	-0.418	-1.526	0.954	0.038	normal
3.110	3.755	0.446	6.016	-0.081	-0.594	0.214	-0.069	-0.530	1.218	0.707	-0.279	normal
0.538	7.826	3.258	5.373	0.085	7.263	3.055	3.213	7.198	7.198	3.356	5.136	anomalie
0.579	1.023	0.514	0.661	0.939	1.632	0.641	1.585	1.323	-2.418	1.333	-0.023	normal
-1.057	-1.311	0.649	-1.049	-0.206	1.305	0.847	0.456	1.024	-1.766	1.012	0.138	normal
-0.150	3.372	1.530	2.013	-1.893	-3.908	0.929	-3.979	-0.924	-0.924	0.598	-0.398	normal
0.174	3.978	1.684	2.870	-1.843	-3.499	0.827	-4.825	-0.634	1.185	0.682	-0.931	normal
-4.219	-4.219	0.302	-7.641	2.456	2.456	1.221	2.008	-15.138	-15.138	6.365	-13.113	critique
-0.798	0.849	0.789	-0.358	0.394	0.533	0.135	0.920	-4.913	-5.411	0.181	-10.560	normal
-0.583	1.159	0.707	0.041	0.803	0.803	0.533	0.535	0.137	-7.960	3.503	-2.831	anomalie
-3.548	-4.795	0.449	-7.762	-0.633	0.660	0.478	0.023	-3.408	-4.206	0.772	-6.320	normal
1.282	-12.935	5.662	-4.804	3.134	4.540	0.716	7.075	7.253	7.253	2.989	6.361	critique
0.713	4.331	2.003	2.391	-1.034	-1.034	0.350	-1.403	-0.321	-0.505	0.241	-0.650	normal
-5.155	-5.627	0.177	-10.478	-0.025	-11.527	5.216	-4.036	0.712	0.712	0.293	0.819	critique
0.379	-0.450	0.381	0.284	0.201	-1.353	0.554	0.098	-11.117	-11.117	4.544	-9.763	critique
0.611	1.264	0.901	-0.146	-1.198	-1.198	0.654	-0.742	-1.078	1.803	1.056	0.349	normal
-5.547	-6.183	0.528	-11.256	-0.088	11.766	5.230	6.282	-0.227	1.200	0.606	0.342	critique
0.496	-0.663	0.507	0.336	3.674	3.674	1.973	2.051	-0.206	-1.501	0.470	-1.696	normal
5.689	7.020	0.768	12.523	-0.139	0.620	0.428	-0.037	0.076	7.476	3.068	4.075	anomalie
0.707	-0.735	0.565	-0.129	-0.247	-1.042	0.284	-0.793	-0.235	1.023	0.493	1.161	normal
-5.026	-6.236	0.511	-10.768	0.332	-0.590	0.408	-0.096	-0.046	0.755	0.547	0.185	normal
5.989	5.989	0.399	11.000	4.060	4.922	0.366	9.309	-2.983	-4.693	0.647	-7.486	normal
-1.168	-1.697	0.968	-1.055	-0.226	-0.990	0.472	-0.555	-0.144	0.629	0.283	0.116	normal
-0.460	11.145	5.009	3.551	-1.034	-1.700	0.808	-1.774	0.749	2.741	1.388	0.779	critique
-4.571	-4.571	0.600	-7.598	-5.744	-6.474	0.893	-10.812	-0.074	-0.773	0.252	-0.585	normal
0.654	-1.577	1.030	0.204	3.442	3.776	0.310	7.134	1.028	1.028	0.642	0.858	normal
1.403	1.403	0.677	0.991	-0.483	-1.350	0.808	-0.993	1.066	1.066	0.328	1.546	normal
5.110	6.317	0.447	11.198	1.186	1.228	0.262	2.000	-13.362	-13.362	5.690	-10.640	critique
2.435	4.089	0.644	6.054	-5.513	-5.513	0.665	-9.387	-0.413	12.383	5.477	3.932	critique
-0.922	1.508	0.890	-0.155	0.403	3.793	1.712	1.764	-4.880	-4.880	0.521	-8.010	normal
14.499	14.499	6.004	11.984	-0.348	-7.234	2.867	-3.625	-0.337	13.349	5.748	2.985	critique
-0.464	-1.027	0.740	-0.643	-4.941	-6.924	0.788	-10.968	0.484	-1.622	0.787	-0.689	normal
-1.366	-1.366	0.616	-0.854	0.121	1.344	0.465	1.164	0.033	-1.524	0.657	-0.991	normal
-0.350	0.522	0.416	-0.318	0.448	1.257	0.500	1.193	-5.777	-6.965	0.568	-13.007	normal
0.694	0.694	0.405	0.669	0.088	-0.763	0.341	-0.693	-5.186	-5.789	0.228	-10.795	normal
-4.149	-4.149	0.421	-7.389	5.468	6.317	0.612	10.205	-3.550	-4.378	0.523	-7.231	normal
-0.427	2.904	1.449	-0.462	0.308	-0.447	0.277	-0.065	-1.135	1.508	0.974	0.372	normal
0.745	15.208	6.363	10.025	2.684	3.786	0.503	6.005	6.784	6.784	0.557	12.572	critique
-3.199	-5.172	0.772	-8.291	0.115	0.678	0.221	0.409	0.781	3.891	1.521	1.718	normal
0.382	-0.613	0.416	-0.224	-2.163	-2.846	0.274	-4.419	-4.046	-4.160	0.598	-7.307	normal
-2.883	-2.883	0.487	-4.787	0.524	1.562	0.905	1.482	-0.921	4.063	1.953	1.304	normal
-4.694	-5.722	0.433	-9.669	0.938	-8.873	4.039	-2.821	0.589	-15.743	6.710	-9.827	critique
1.429	1.429	0.828	1.530	-5.791	-6.388	0.349	-11.638	-1.285	-1.285	0.895	-1.226	normal
-0.304	1.366	0.719	0.194	0.275	-1.085	0.770	-0.402	1.978	2.433	0.246	3.925	normal
0.059	0.504	0.314	0.203	0.033	-7.810	3.275	-5.268	0.123	-1.253	0.574	0.112	anomalie
4.115	5.359	0.608	9.222	3.374	3.374	0.229	5.520	0.445	-1.250	0.612	-0.220	normal
-0.423	13.980	6.358	4.209	5.517	5.908	0.666	10.918	6.043	6.043	0.378	11.128	critique
0.722	13.328	5.405	6.236	-0.776	-0.776	0.310	-0.613	-3.300	-5.091	0.726	-7.819	critique
-1.723	-1.723	0.929	-1.689	2.585	3.664	0.430	5.843	0.490	-2.039	1.062	-0.171	normal
-0.492	8.151	3.839	1.373	-0.300	1.345	0.718	-0.216	-5.584	-5.584	0.639	-9.828	anomalie
-0.533	0.967	0.708	-0.663	0.590	0.590	0.339	-0.020	5.171	5.399	0.638	9.696	normal
2.353	3.649	1.089	5.460	-3.916	-3.916	0.643	-7.205	0.455	0.455	0.077	0.087	normal
-5.482	-5.761	0.335	-11.394	-1.312	1.486	1.086	-1.296	5.180	5.180	0.027	9.939	normal
6.112	6.112	0.594	10.441	0.290	-8.812	3.800	-4.953	-7.923	-7.923	3.675	-6.000	anomalie
-0.283	-0.283	0.212	-0.103	0.202	-0.750	0.385	-0.554	0.401	2.095	0.997	0.650	normal
0.954	0.954	0.375	0.816	1.793	1.793	0.767	1.792	1.083	1.083	0.743	0.802	normal
-5.228	-7.355	0.817	-11.482	-0.100	-0.950	0.675	-0.419	0.485	0.840	0.338	0.991	normal
-0.122	-1.316	0.747	-0.514	0.081	-3.783	1.439	-2.540	-0.671	0.795	0.537	-0.563	normal
-1.958	-3.817	0.754	-4.357	-4.558	-4.558	1.969	-3.932	4.412	6.547	1.009	10.321	normal
-0.875	-1.208	0.489	-1.768	-4.486	-4.486	0.689	-7.384	-3.090	-3.398	0.408	-6.356	normal
1.456	2.972	0.588	4.072	-0.153	-0.958	0.484	-0.341	-0.892	-1.347	0.465	-1.334	normal
-0.394	0.742	0.637	-0.380	-3.270	-4.366	0.535	-7.314	-1.026	4.528	2.227	0.448	normal
0.163	1.657	0.707	0.389	3.695	4.163	0.278	7.356	6.409	7.413	0.608	13.606	normal
3.595	3.595	0.361	6.556	0.107	-0.651	0.337	-0.035	-0.215	0.351	0.259	-0.055	normal
2.523	2.633	0.404	4.583	1.140	1.151	0.529	1.370	1.371	1.371	1.043	0.425	normal
-1.563	-1.563	0.633	-1.520	0.571	-2.146	1.218	0.439	-0.230	-1.283	0.852	-0.127	normal
0.781	14.328	6.276	5.727	0.435	-0.786	0.531	-0.187	0.184	-0.804	0.450	-0.775	critique
0.074	-8.504	4.008	-4.927	3.758	3.758	1.088	5.963	0.751	-0.914	0.662	-0.057	anomalie
-5.481	-5.481	0.652	-9.191	0.276	0.862	0.271	1.162	0.390	-1.041	0.510	-0.047	normal
-1.010	-8.070	3.671	-1.611	-0.698	-1.029	0.651	-0.518	-2.196	-2.270	0.393	-3.822	anomalie
-0.188	0.839	0.482	-0.352	0.319	1.395	0.821	1.137	3.312	4.449	0.671	7.038	normal
-0.417	2.809	1.376	0.159	-4.487	-5.125	0.783	-9.044	-1.122	-1.575	1.095	-0.145	normal
-0.275	0.339	0.246	0.139	-11.644	-11.644	5.135	-9.601	0.025	1.680	0.942	0.347	critique
1.819	-4.257	2.533	0.831	-0.433	0.956	0.685	-0.591	-0.173	1.276	0.904	-0.643	normal
1.238	-1.255	0.947	0.559	-2.201	-2.201	0.900	-1.715	12.736	12.736	5.360	10.597	critique
-0.524	-1.379	0.989	-0.240	0.514	-0.911	0.633	0.507	-0.378	-0.599	0.426	-0.552	normal
-4.862	-4.862	0.501	-9.269	0.001	9.015	4.022	2.808	-0.689	-0.689	0.379	-0.452	anomalie
0.014	8.903	3.954	5.123	-0.173	-0.616	0.327	-0.193	-2.784	-2.784	0.961	-3.146	anomalie
0.426	-1.319	0.655	-0.638	-0.141	0.836	0.540	-0.415	0.123	1.301	0.513	1.084	normal
6.505	6.586	0.200	13.093	0.680	11.243	4.628	7.839	-0.637	1.253	0.689	0.070	critique
-1.075	-1.075	0.676	-1.017	1.206	-7.824	3.783	-0.813	-1.204	-1.204	0.603	-1.491	anomalie
0.064	0.871	0.328	0.777	0.152	-0.366	0.235	-0.074	-3.082	-5.500	1.089	-7.225	normal
-1.063	-1.063	0.220	-1.918	-0.513	1.135	0.596	0.335	-6.028	-6.028	0.826	-10.124	normal
0.301	-1.037	0.568	0.222	-0.114	4.225	1.927	0.513	0.238	12.839	5.338	5.554	critique
-0.059	0.290	0.173	-0.053	-0.876	-0.876	0.366	-0.992	-0.079	-1.223	0.658	-0.409	normal
-4.441	-5.579	0.525	-9.428	0.419	-0.545	0.474	0.113	0.131	-0.878	0.383	-0.210	normal
0.013	-11.052	5.064	-5.712	1.122	1.615	0.793	1.786	-11.570	-11.570	5.097	-8.779	critique
-0.340	-2.757	1.360	-1.813	-0.205	-1.147	0.378	-1.060	1.238	1.238	0.708	0.667	normal
-3.208	-4.039	0.314	-7.097	0.155	-0.881	0.409	0.059	-2.371	-3.253	0.465	-5.026	normal
-3.541	-3.972	0.716	-6.600	-8.942	-8.942	3.948	-6.936	0.538	0.761	0.388	0.305	anomalie
-3.952	-3.952	1.767	-3.016	0.840	-3.638	1.688	-1.440	-3.622	-3.963	0.372	-7.505	normal
0.453	-0.520	0.409	0.217	0.874	7.796	3.517	1.632	0.351	-8.334	3.655	-3.311	anomalie
-1.120	-1.725	0.928	-1.564	1.381	1.665	0.590	2.346	2.417	2.417	1.263	1.178	normal
7.661	7.661	3.145	7.185	-2.166	-3.209	0.707	-4.657	0.796	-1.101	0.881	0.286	anomalie
3.960	3.960	0.723	6.222	-0.648	-7.140	3.040	-2.749	4.215	5.342	0.437	9.246	anomalie
-3.899	-4.564	0.514	-6.862	0.654	-1.295	0.766	-0.401	-4.856	-5.697	0.545	-9.935	normal
1.880	3.462	0.785	4.166	-0.573	1.410	0.985	-0.311	1.127	-1.518	0.938	-0.427	normal
0.414	-16.075	6.996	-3.521	1.013	1.013	0.698	0.398	-0.306	0.947	0.455	0.171	critique
1.891	1.891	0.887	1.829	3.339	5.507	0.796	6.875	5.283	7.161	0.765	11.840	normal
1.657	3.238	0.617	5.215	-2.679	-4.412	0.627	-7.593	2.394	2.394	1.301	1.436	normal
0.091	-0.871	0.519	-0.249	0.053	1.447	0.710	0.813	-7.843	-7.843	3.603	-6.225	anomalie
0.119	1.176	0.694	-0.014	4.974	6.799	0.652	11.021	-5.692	-6.446	0.354	-12.302	normal
0.660	1.737	0.693	1.673	-0.167	0.987	0.573	0.121	0.391	0.956	0.331	0.279	normal
-0.238	7.642	3.420	0.892	1.608	2.958	0.624	4.452	3.836	3.836	0.707	6.350	anomalie
3.841	5.626	0.691	9.374	-2.731	-3.288	0.489	-5.787	0.630	1.258	0.342	1.474	normal
-1.079	-1.079	0.562	-1.340	0.598	-14.002	6.219	-6.484	1.143	13.448	5.881	8.738	critique
-1.098	-4.770	2.197	-1.505	-0.989	1.069	0.734	0.137	-1.461	-1.461	1.039	-0.309	normal
-0.625	0.961	0.599	0.187	-2.501	-4.014	0.627	-5.286	-3.102	-3.102	1.733	-1.641	normal
-0.629	1.849	0.984	0.096	-3.576	-3.576	1.534	-2.959	0.494	0.595	0.445	0.638	normal
0.329	-0.895	0.582	-0.369	2.491	3.504	0.371	6.138	8.167	8.167	3.365	7.072	anomalie
-0.580	-7.996	3.240	-5.570	7.296	7.296	3.087	6.144	-11.357	-11.357	4.706	-10.078	critique
4.266	5.159	0.347	9.210	2.334	3.360	0.381	5.845	-0.259	-0.800	0.459	-0.253	normal
-4.717	-4.717	1.974	-4.091	0.738	4.887	1.929	2.409	-0.501	1.069	0.592	0.465	normal
-0.102	0.576	0.270	0.567	-0.649	-0.766	0.330	-0.558	0.887	0.887	0.375	0.528	normal
3.531	3.531	0.294	7.440	-0.089	-2.095	1.134	-0.679	0.161	-11.870	5.493	-6.404	critique
-2.109	-2.632	0.697	-3.518	-0.037	-13.823	5.962	-6.549	0.095	-4.162	1.716	-2.780	critique
3.558	3.558	0.269	6.356	3.407	4.149	0.831	6.591	-0.548	3.261	1.564	1.448	normal
0.036	1.064	0.865	0.181	0.110	7.176	3.265	0.678	-0.075	7.783	3.617	2.095	anomalie
-0.372	-7.954	3.644	-4.460	0.568	-0.630	0.494	0.654	-1.410	-1.410	0.914	-0.838	anomalie
12.452	12.452	5.403	9.698	-3.251	-3.773	0.196	-6.910	0.328	0.536	0.337	0.462	critique
2.143	2.191	0.534	4.205	1.728	2.861	0.571	4.357	6.720	6.720	0.694	11.516	normal
-4.897	-5.364	0.189	-10.047	0.498	3.510	1.126	3.696	1.070	1.070	0.624	1.032	normal
-0.875	7.727	3.678	0.143	0.175	-0.522	0.309	0.246	2.231	3.227	0.426	4.521	anomalie
-1.225	-7.806	3.644	-0.981	-0.698	-11.200	4.762	-3.100	-0.720	1.065	0.844	-0.012	critique
-0.265	-7.151	3.196	-3.228	-4.374	-4.374	1.850	-3.840	0.170	-1.004	0.707	0.214	anomalie
-0.759	4.455	2.490	1.581	-0.145	-1.081	0.396	-1.018	1.308	1.308	0.530	1.732	normal
1.154	1.154	0.626	0.667	-4.051	-4.125	0.365	-8.006	8.842	8.842	3.863	7.082	anomalie
-0.102	0.787	0.457	-0.033	0.188	-1.242	0.662	0.318	0.740	0.740	0.536	0.691	normal
-0.654	-0.654	0.379	-0.302	0.922	7.611	3.028	2.937	-6.375	-6.959	0.606	-12.684	anomalie
-0.682	-1.039	0.364	-1.180	-0.480	-0.685	0.290	-1.146	0.675	0.675	0.434	0.129	normal
3.115	3.824	0.465	5.642	0.549	-7.983	3.612	-3.695	1.173	1.173	0.758	0.725	anomalie
4.157	4.157	0.717	6.448	0.714	0.714	0.489	0.738	-8.583	-8.583	3.532	-7.701	anomalie
0.506	1.073	0.279	1.405	-7.904	-7.904	3.352	-6.947	-0.058	0.433	0.192	0.098	anomalie
2.732	2.732	0.370	4.706	-5.618	-6.990	0.756	-11.406	-0.385	-1.005	0.583	-0.749	normal
-1.128	-2.621	1.156	-2.060	0.927	-1.081	0.748	-0.597	-0.707	-0.743	0.447	-0.555	normal
0.767	0.767	0.458	0.149	2.068	3.237	0.508	5.130	-0.123	0.817	0.333	0.499	normal
-0.555	-7.263	3.197	-4.188	0.797	-1.118	0.702	0.191	-0.119	-0.843	0.269	-0.232	anomalie
-0.320	-0.874	0.381	-0.556	0.346	0.668	0.429	-0.105	0.459	13.276	5.590	5.900	critique
0.290	15.329	6.577	8.736	-0.758	-7.367	3.183	-3.589	-4.997	-4.997	0.787	-8.400	critique
1.146	1.146	0.812	1.068	-0.831	14.557	6.182	2.943	-0.108	-0.168	0.088	-0.255	critique
0.711	0.711	0.388	0.691	-1.152	1.196	0.912	-1.009	-0.803	-15.167	6.224	-4.358	critique
0.519	-0.787	0.594	0.534	-0.260	-1.427	0.608	-0.869	0.368	-0.540	0.434	-0.675	normal
-0.276	-0.863	0.374	-0.393	-1.236	8.428	3.816	0.721	-2.729	-2.729	0.214	-5.490	anomalie
0.338	-1.407	0.833	0.109	0.154	-13.614	6.089	-2.282	0.952	-4.837	2.374	0.189	critique
-0.291	-3.790	1.420	-2.453	12.102	12.102	5.410	9.652	-0.169	0.847	0.403	0.140	critique
-2.540	-3.109	0.206	-5.545	-0.380	-1.162	0.725	-0.397	-0.230	1.123	0.590	0.440	normal
1.252	1.252	0.901	0.750	0.335	-0.485	0.291	-0.158	0.551	1.198	0.440	0.838	normal
1.579	1.579	0.719	1.782	2.626	3.494	0.446	5.885	1.821	2.917	0.431	5.061	normal
5.615	6.359	0.503	11.493	-0.367	-0.965	0.496	-0.318	-0.375	-0.375	0.291	-0.297	normal
0.277	-1.198	0.698	-0.038	0.631	0.860	0.563	0.740	-0.190	0.440	0.248	0.342	normal
5.080	5.815	0.392	9.670	-0.543	0.665	0.486	-0.599	5.261	6.385	0.631	10.868	normal
-0.203	-0.203	0.162	-0.272	-0.199	-0.878	0.511	-0.277	1.204	1.204	0.571	1.215	normal
3.450	4.173	0.306	7.306	-4.811	-6.082	0.496	-10.788	0.600	-0.956	0.665	-0.214	normal
0.137	-1.037	0.678	0.231	-3.958	-4.086	0.121	-7.817	0.448	0.678	0.419	-0.039	normal
0.142	-1.362	0.652	-1.139	-0.195	1.796	1.143	1.981	0.006	-13.060	5.658	-8.651	critique
0.024	-13.834	5.830	-3.591	0.054	-0.952	0.398	-0.210	-0.115	1.034	0.468	0.351	critique
-0.426	1.574	1.121	0.182	0.194	1.403	0.634	0.687	4.239	5.201	0.391	9.298	normal
1.029	7.741	3.110	2.676	-1.051	-1.694	0.796	-1.405	-1.321	-12.120	4.938	-6.140	critique
0.963	8.634	3.739	1.882	0.396	-4.781	2.107	-0.681	-0.454	-0.805	0.247	-0.859	anomalie
-2.310	-2.310	1.053	-1.620	0.498	13.922	5.937	5.714	1.737	3.545	0.698	5.100	critique
2.435	4.100	0.961	5.759	-0.552	-1.193	0.228	-1.661	0.004	1.372	0.757	0.466	normal
0.126	-1.023	0.610	-0.419	-0.998	-1.634	0.858	-1.643	0.017	1.142	0.656	0.901	normal
1.190	-14.854	6.978	-4.131	-1.265	-1.265	0.729	-2.011	-0.145	-1.271	0.433	-1.305	critique
0.432	15.408	6.698	5.883	-2.481	-2.481	0.253	-3.529	1.656	1.656	0.691	1.072	critique
-0.352	1.165	0.656	0.504	0.272	0.481	0.178	0.474	-2.916	-3.594	0.439	-5.791	normal
-0.535	12.070	5.314	6.692	0.625	-1.168	0.651	-0.147	0.469	-1.026	0.597	-0.302	critique
2.490	2.490	0.657	3.201	-0.425	-1.161	0.378	-0.764	-8.088	-8.088	3.352	-7.369	anomalie
2.086	2.437	0.472	4.301	-0.570	3.486	1.525	1.354	5.216	5.985	0.302	10.974	normal
5.034	5.467	0.308	9.798	-0.173	-14.819	6.375	-6.499	0.303	-0.633	0.346	0.722	critique
0.530	-0.664	0.509	-0.316	0.326	-3.167	1.361	-1.409	-0.691	1.017	0.627	0.453	normal
0.273	-0.659	0.406	-0.299	-0.245	-0.916	0.511	-0.350	-3.258	-5.193	0.809	-8.090	normal
0.842	1.933	0.861	1.825	0.492	14.115	5.842	8.677	1.204	1.254	0.543	1.880	critique
-3.269	-3.269	1.504	-2.183	0.061	1.400	1.005	-0.646	-0.233	-15.935	6.879	-7.129	critique
-0.406	8.145	3.667	3.752	0.219	-7.677	3.452	-0.896	5.499	5.499	0.646	9.721	anomalie
4.201	5.515	0.789	8.873	-0.787	2.105	1.303	-1.409	-0.549	-0.605	0.463	0.058	normal
-6.162	-6.162	0.418	-11.463	0.267	-0.284	0.212	0.308	1.074	1.074	0.699	0.552	normal
0.593	4.400	1.635	3.534	0.831	-1.776	0.978	-0.862	12.457	12.457	5.362	9.904	critique
0.591	0.717	0.444	0.863	3.195	4.179	0.541	6.416	-1.198	-15.626	6.436	-11.205	critique
0.422	0.545	0.396	-0.122	-0.718	-0.718	0.428	-1.085	1.454	-6.930	3.517	-1.002	anomalie
-0.463	0.539	0.428	-0.200	6.149	6.149	0.622	11.074	0.508	-1.327	0.705	-0.533	normal
-0.756	0.971	0.666	-0.453	-0.221	-1.020	0.336	-1.918	0.030	0.979	0.611	-0.046	normal
0.078	-1.554	0.604	-0.534	0.797	7.182	2.960	2.207	4.230	4.230	1.891	3.429	anomalie
-0.334	14.253	6.384	7.848	4.814	4.814	0.378	9.330	-0.679	1.133	0.644	0.299	critique
-0.344	-14.470	6.255	-3.646	-0.300	1.300	0.729	0.199	-2.515	-11.746	4.934	-8.988	critique
0.834	4.728	2.136	1.623	3.961	3.961	1.765	3.135	-1.529	-1.529	0.405	-2.010	normal
0.478	-1.215	0.746	0.586	0.501	-0.646	0.436	0.546	-0.608	-0.608	0.395	-0.314	normal
-1.860	-1.860	1.444	-0.654	4.944	5.789	0.360	10.207	0.624	-8.070	3.941	-2.760	anomalie
-0.564	-13.046	5.835	-5.453	5.312	5.520	0.621	9.958	-0.197	13.520	6.207	1.327	critique
0.620	0.620	0.538	-0.389	-3.623	-4.211	0.408	-7.239	-0.157	-0.847	0.412	-0.494	normal
-5.058	-6.766	0.637	-11.579	0.488	1.228	0.844	0.817	-1.013	-1.051	0.719	-0.658	normal
-2.061	-2.939	0.457	-4.447	0.103	-7.950	3.468	-2.911	-4.685	-5.909	0.526	-9.703	anomalie
-0.415	-1.274	0.612	-0.771	0.371	8.086	3.486	3.974	0.373	1.040	0.576	0.031	anomalie
2.701	2.701	1.527	1.152	-0.234	-5.033	1.960	-3.144	0.430	-1.038	0.682	-0.092	normal
-0.428	0.791	0.459	-0.349	1.395	2.313	0.365	3.012	-0.067	-12.482	5.579	-5.350	critique
-1.156	-1.156	0.368	-1.340	0.033	-8.229	3.618	-1.573	-0.409	7.094	3.513	1.136	anomalie
0.226	0.588	0.207	0.513	3.793	3.793	0.710	6.494	0.567	0.860	0.114	1.213	normal
0.700	-16.119	7.162	-10.093	0.006	14.790	6.178	3.365	1.132	1.132	0.581	1.119	critique
7.079	7.079	0.741	12.958	-1.927	-2.735	0.621	-3.649	-4.204	-4.807	0.490	-8.298	normal
-0.862	2.405	1.424	-0.781	-4.457	-6.003	0.679	-10.047	0.143	-1.892	1.328	0.112	normal
-4.160	-4.181	0.328	-8.408	0.098	-7.468	3.168	-2.055	4.805	4.805	0.874	7.991	anomalie
0.269	-1.043	0.516	0.007	2.695	2.695	0.247	4.650	3.315	4.256	0.353	7.571	normal
-0.209	0.889	0.465	0.244	0.715	-1.144	0.669	0.233	0.625	2.888	1.422	2.260	normal
-15.266	-15.266	6.851	-11.677	0.805	15.330	6.594	3.465	0.097	-0.901	0.655	-0.027	critique
-0.059	0.773	0.303	0.735	-0.036	-3.722	1.513	-1.948	0.711	-0.987	0.679	-0.101	normal
-0.155	3.238	1.703	-0.043	0.336	0.795	0.371	0.560	5.582	6.651	0.595	11.594	normal
7.556	7.556	0.846	12.616	-0.286	-1.004	0.310	-0.590	-0.142	2.907	1.412	1.653	normal
3.560	4.781	0.812	7.822	-0.054	-1.255	0.954	0.196	-0.099	-0.826	0.319	-0.466	normal
-4.192	-4.192	1.511	-4.107	-0.751	-0.751	0.355	-0.216	0.571	15.980	6.744	9.979	critique
0.150	0.911	0.470	0.849	0.892	0.892	0.202	1.663	-2.658	-2.658	0.954	-2.779	normal
-0.435	4.557	2.162	1.049	-0.213	1.196	0.509	0.526	0.507	0.608	0.494	0.515	normal
-0.149	0.511	0.279	0.034	5.409	6.544	0.879	10.780	-0.322	-0.887	0.566	0.204	normal
0.075	-0.700	0.509	-0.420	-14.748	-14.748	6.256	-13.150	-0.051	11.911	5.164	4.836	critique
-0.721	1.609	0.902	0.363	-3.278	-3.681	0.498	-6.101	2.813	2.813	0.210	5.253	normal
0.719	1.205	0.435	1.109	0.438	-12.845	5.704	-7.224	0.359	-1.456	0.750	-0.225	critique
-0.459	-3.793	1.442	-2.841	0.475	-0.638	0.397	0.431	5.363	6.384	1.021	10.171	normal
0.233	1.150	0.372	1.013	0.390	1.028	0.739	0.219	5.391	5.391	0.512	9.511	normal
0.086	-0.610	0.312	0.186	-1.048	-1.048	0.446	-1.368	-0.116	-1.734	0.725	-1.182	normal
-0.667	14.265	6.465	1.378	5.070	5.930	0.393	10.693	-12.496	-12.496	5.062	-11.343	critique
-0.893	8.040	3.673	0.996	3.188	3.374	0.184	6.644	-0.341	-0.914	0.524	-0.002	anomalie
-0.211	-8.717	3.685	-4.266	-0.069	-0.697	0.254	-0.244	0.002	-0.332	0.205	-0.255	anomalie
-1.383	-3.234	0.674	-4.172	1.549	-1.675	1.202	-0.510	-0.462	0.737	0.448	0.018	normal
-0.710	-2.267	1.294	-0.525	0.009	-0.785	0.398	-0.401	-2.860	-2.860	0.443	-4.536	normal
4.497	5.697	0.447	10.191	-2.665	-2.690	0.362	-4.686	2.818	3.110	0.678	4.415	normal
4.932	5.390	0.267	10.056	-3.917	-5.725	0.710	-8.782	0.283	1.148	0.367	0.711	normal
0.562	-1.334	0.876	0.905	0.016	1.459	0.666	0.771	0.730	4.947	1.875	2.096	normal
0.241	15.039	6.504	5.711	0.139	-1.065	0.498	0.010	-0.810	-0.905	0.329	-1.596	critique
0.121	-0.366	0.201	-0.266	0.439	-0.462	0.339	0.928	-1.109	-1.109	0.668	-0.805	normal
0.458	1.447	0.762	1.151	-2.435	-3.177	0.264	-5.716	-0.289	7.508	3.379	1.090	anomalie
-1.141	-1.141	0.513	-1.612	3.970	4.485	0.513	8.279	0.491	-7.702	3.405	-2.734	anomalie
0.783	0.847	0.717	0.391	-6.633	-6.730	0.820	-12.330	1.298	1.298	0.764	0.388	normal
1.941	1.941	1.017	0.572	-1.537	-1.537	0.611	-1.544	0.524	0.705	0.509	0.523	normal
1.261	1.261	0.733	1.509	-0.867	-0.867	0.445	-0.598	-0.983	-0.983	0.293	-0.847	normal
-1.328	-1.328	0.844	-0.099	1.290	1.290	0.939	-0.043	0.707	1.448	0.610	0.911	normal
4.807	5.854	0.372	10.263	-0.178	0.561	0.412	-0.274	4.839	4.839	0.572	8.563	normal
-0.490	2.306	1.220	-0.592	-1.560	-1.560	0.527	-1.828	2.990	4.048	0.413	7.189	normal
0.416	0.541	0.274	0.499	-0.168	1.442	0.949	0.037	0.359	0.370	0.284	0.337	normal
0.584	0.584	0.476	0.363	4.057	4.330	0.408	7.981	0.017	10.978	4.836	2.409	critique
-0.004	1.764	0.659	1.473	-0.639	1.108	0.729	0.547	1.059	1.059	0.598	0.497	normal
-0.280	-1.122	0.395	-1.614	-0.359	-0.946	0.339	-0.706	-0.622	-0.622	0.491	-0.035	normal
-5.430	-5.889	0.719	-10.436	-0.287	1.261	0.720	0.371	0.307	-0.633	0.467	-0.228	normal
1.445	14.884	6.142	9.904	-0.768	2.282	1.222	0.927	0.693	0.693	0.329	0.382	critique
-2.436	-2.436	1.229	-1.965	-0.941	-4.238	1.543	-1.938	12.584	12.584	5.452	9.450	critique
13.906	13.906	6.164	10.204	0.910	1.145	0.418	1.702	-0.327	1.202	0.564	0.656	critique
-0.027	-0.348	0.160	-0.716	0.564	-2.740	1.349	-0.623	0.324	1.837	1.097	1.015	normal
-0.786	-0.786	0.450	-1.169	0.636	0.998	0.704	-0.031	-0.234	-1.442	0.592	-0.610	normal
4.673	4.762	0.211	9.261	-4.977	-4.977	0.780	-7.969	0.985	-2.145	1.426	0.128	normal
0.512	-0.717	0.574	0.659	-0.322	1.323	0.606	0.857	-5.280	-5.280	0.842	-9.234	normal
-1.603	-1.603	0.792	-1.523	0.502	1.546	0.616	0.896	4.827	4.914	0.375	9.533	normal
-0.702	2.080	1.505	-0.260	-0.112	1.011	0.619	0.687	-0.055	13.156	5.695	7.550	critique
-0.310	0.896	0.575	-0.299	-0.454	12.766	5.637	2.491	0.275	3.969	1.542	1.933	critique
0.689	0.689	0.392	0.540	5.124	5.809	0.759	10.022	0.994	0.994	0.688	0.602	normal
-0.518	-0.867	0.621	-0.597	0.127	-11.762	4.994	-2.806	-0.031	-0.752	0.403	-0.361	critique
1.136	7.202	3.166	3.304	-0.288	-0.850	0.413	-0.572	-0.080	0.642	0.262	0.256	anomalie
-0.893	-1.204	0.879	-1.446	-0.158	0.712	0.533	0.309	-0.469	-0.469	0.190	-0.483	normal
1.468	1.468	0.506	1.796	-0.805	-8.380	3.511	-2.621	-3.754	-6.433	0.958	-9.578	anomalie
-0.594	-7.784	3.346	-5.019	-4.948	-4.948	2.601	-2.869	0.619	-1.295	0.772	-0.753	anomalie
1.409	1.489	0.702	1.762	-1.839	-3.305	0.579	-4.494	0.530	-8.784	3.981	-0.927	anomalie
-0.516	-7.093	2.944	-2.092	-0.938	0.975	0.692	-0.467	-6.600	-6.600	0.825	-10.945	anomalie
-4.076	-4.496	0.529	-7.139	0.099	-1.314	0.619	-0.832	-0.693	0.881	0.643	-0.456	normal
0.655	0.674	0.280	1.136	-0.174	1.088	0.652	0.506	-4.267	-5.512	0.682	-9.111	normal
0.279	-8.080	3.525	-2.524	-3.125	-3.125	0.687	-5.261	2.868	2.868	1.667	3.198	anomalie
-3.403	-4.565	0.473	-8.493	-6.756	-6.756	0.540	-12.101	4.979	5.272	0.456	9.201	normal
-4.011	-4.257	0.601	-6.830	13.590	13.590	6.040	11.013	-0.673	-0.673	0.427	-0.322	critique
-0.381	-0.845	0.333	-0.969	0.512	-0.750	0.518	0.183	8.529	8.529	3.905	6.939	anomalie
-4.771	-5.371	0.349	-10.164	1.916	3.638	0.887	4.411	-0.114	15.715	6.894	2.643	critique
-0.330	0.776	0.450	0.115	0.460	-0.881	0.574	0.563	0.345	-0.687	0.499	0.158	normal
-5.902	-5.902	0.602	-11.090	1.400	1.400	0.756	1.034	-0.609	2.242	1.408	0.926	normal
1.140	1.140	0.361	1.415	-0.250	-0.501	0.380	-0.258	-0.365	-0.415	0.239	-0.893	normal
-0.215	1.117	0.560	-0.117	13.875	13.875	6.221	10.272	-0.678	12.575	5.893	2.881	critique
-0.769	1.553	0.905	0.043	-3.964	-6.043	0.853	-10.528	0.052	12.207	5.054	5.173	critique
0.854	0.854	0.487	0.686	0.501	-0.826	0.532	-0.017	0.168	-3.504	1.709	-0.410	normal
1.194	-7.646	3.643	-0.246	-3.688	-3.688	0.558	-6.297	0.130	-0.436	0.235	0.224	anomalie
-0.311	-3.464	1.292	-3.057	0.780	8.717	3.730	1.802	-1.945	-1.945	0.876	-1.136	anomalie
-0.718	-3.776	1.528	-3.378	-0.035	7.940	3.759	0.056	-0.143	0.223	0.198	0.012	anomalie
4.532	5.509	0.707	9.297	0.325	7.912	3.311	5.282	-0.170	0.538	0.252	-0.012	anomalie
-3.756	-4.249	0.254	-7.101	-3.450	-4.965	0.658	-7.855	1.726	1.726	0.626	2.505	normal
7.425	7.425	3.127	6.364	-0.794	-0.794	0.332	-1.074	-0.572	1.020	0.671	0.615	anomalie
-0.318	-0.318	0.168	-0.519	-4.092	-4.690	0.644	-7.409	0.742	1.215	0.457	1.236	normal
-0.277	-1.272	0.428	-1.514	-0.758	-1.528	1.098	-1.691	0.679	11.888	4.750	7.373	critique
-15.073	-15.073	6.893	-12.226	2.556	3.692	0.629	5.810	3.150	3.150	0.541	4.894	critique
-0.502	-0.502	0.205	-0.216	-4.304	-5.284	0.400	-8.803	-0.952	-1.497	0.739	-0.999	normal
0.040	-8.124	3.588	-1.729	-3.598	-3.598	0.728	-6.298	-0.729	0.777	0.563	-0.045	anomalie
-0.914	-0.914	0.599	-0.016	-0.351	-0.638	0.480	-0.533	1.633	1.633	0.546	1.866	normal
0.062	-1.038	0.478	-1.072	-0.498	-1.140	0.511	-0.587	0.482	-0.886	0.510	0.123	normal
0.431	7.592	3.198	2.063	0.336	0.692	0.509	-0.245	-6.502	-6.625	0.325	-12.452	anomalie
-0.210	0.963	0.698	0.222	7.137	7.137	3.172	5.482	-4.883	-4.883	2.076	-3.670	anomalie
0.230	0.827	0.467	0.736	-0.150	-0.733	0.359	-0.595	-0.766	1.658	1.072	0.779	normal
-3.791	-4.379	0.357	-7.391	-2.260	-3.134	0.363	-4.713	-1.167	3.069	1.498	0.775	normal
-0.187	8.825	3.635	4.069	3.940	5.892	0.728	9.383	-0.026	-0.760	0.355	0.021	anomalie
-3.832	-3.832	1.695	-2.525	1.309	2.750	0.546	2.940	-0.152	4.805	2.129	0.726	normal
-0.450	-2.654	1.485	-1.604	2.689	3.574	0.640	6.326	2.992	4.193	0.721	5.287	normal
-2.018	-4.163	0.791	-5.967	1.236	2.067	0.860	2.586	0.239	-2.344	1.030	-1.337	normal
-0.220	-8.886	4.179	-2.926	-0.915	-0.915	0.724	-0.534	-0.169	1.301	0.656	0.409	anomalie
5.058	5.547	0.391	9.901	-0.482	-8.562	3.630	-4.484	-4.217	-6.019	0.720	-8.995	anomalie
-5.645	-5.645	0.362	-9.816	0.305	-0.778	0.637	0.082	0.382	-1.065	0.538	-0.267	normal
-1.545	3.020	1.663	0.730	-0.851	-0.851	0.303	-0.856	-0.082	7.772	3.357	1.609	anomalie
-0.781	-1.075	0.798	-1.372	0.059	-0.720	0.303	-0.331	-0.854	-0.854	0.636	-0.066	normal
4.276	5.534	0.943	8.700	-0.223	1.315	0.661	0.063	3.581	3.874	0.878	7.300	normal
0.576	1.044	0.790	0.821	2.423	3.338	0.369	5.764	-0.063	-2.552	1.019	-1.506	normal
-0.746	-2.355	0.625	-2.699	-0.250	-0.503	0.363	-0.388	0.241	1.000	0.607	-0.646	normal
-4.483	-5.178	0.431	-9.299	-0.170	0.264	0.192	0.013	-5.602	-5.602	0.660	-9.506	normal
-0.269	-0.700	0.454	-0.268	0.154	11.365	4.991	6.764	3.836	3.870	0.179	7.581	critique
5.433	5.433	0.211	10.006	0.503	12.629	5.582	4.904	0.488	0.979	0.339	1.043	critique
0.254	-0.443	0.273	-0.221	1.956	1.956	1.214	1.407	-1.565	-1.565	0.815	-1.137	normal
-0.498	-0.751	0.499	0.275	-0.048	0.658	0.268	0.508	-0.225	1.858	0.883	-0.038	normal
-0.051	-0.994	0.546	-0.587	-5.459	-6.387	0.613	-10.617	-0.186	-1.122	0.490	-0.021	normal
0.193	-13.559	5.983	-8.278	-1.417	-1.539	0.915	-1.886	-0.210	-2.093	1.084	-0.179	critique
0.873	0.873	0.635	0.427	0.038	0.798	0.537	-0.083	1.058	1.058	0.573	0.392	normal
-0.232	-0.921	0.569	0.241	-5.213	-5.213	0.262	-10.033	0.194	5.025	2.180	1.198	normal
5.773	5.773	0.550	10.185	-8.283	-8.283	3.507	-7.070	-0.036	3.318	1.315	1.664	anomalie
-0.560	1.976	1.009	0.280	0.170	-1.976	0.895	0.073	-1.917	-1.917	1.019	-1.307	normal
0.830	1.649	0.943	1.493	-7.418	-7.418	1.130	-12.297	-0.604	7.406	3.261	2.831	anomalie
0.495	1.005	0.498	0.975	0.402	-13.967	6.400	-4.949	-4.801	-4.801	0.789	-8.066	critique
-0.188	11.802	4.958	4.252	0.651	0.940	0.455	0.576	-2.131	-2.131	0.859	-2.039	critique
0.262	16.038	6.814	6.860	-1.654	-11.866	4.822	-6.536	-0.540	0.840	0.543	0.156	critique
0.442	1.413	0.860	0.305	0.159	0.159	0.116	0.101	-1.219	-13.417	5.781	-6.809	critique
0.593	0.940	0.477	1.066	-0.612	0.787	0.532	-0.056	-0.964	1.077	0.833	0.135	normal
-4.026	-4.779	0.282	-8.240	3.230	3.230	1.725	2.967	-0.468	-0.732	0.461	-0.319	normal
0.126	-7.060	3.306	-3.826	-0.432	-2.745	1.087	-1.427	3.231	4.515	0.558	7.280	anomalie
-0.586	-0.586	0.196	-0.664	-0.528	-1.288	0.525	-0.851	0.694	-8.590	4.288	-4.515	anomalie
5.709	6.285	0.335	11.371	5.632	5.632	0.594	10.297	0.185	0.866	0.587	0.470	normal
0.702	0.702	0.519	0.265	-0.368	0.435	0.315	0.014	-0.428	-0.591	0.244	0.060	normal
0.000	-3.629	1.608	-2.625	-1.243	11.280	5.053	3.269	-0.062	0.619	0.415	0.316	critique
-2.922	-2.922	1.002	-3.637	-0.330	0.771	0.551	-0.658	-0.679	-0.679	0.331	-0.661	normal
6.679	6.956	0.652	13.277	7.498	7.498	3.093	5.925	-1.971	-2.659	0.286	-4.258	anomalie
0.135	0.901	0.298	0.592	5.008	7.696	1.256	12.218	0.210	-0.936	0.452	-0.342	normal
5.100	6.339	0.952	10.546	-3.696	-3.696	0.571	-6.197	0.149	1.264	0.735	0.261	normal
-2.959	-2.959	0.897	-4.181	5.139	6.034	0.609	10.209	5.891	5.891	0.607	10.114	normal
12.669	12.669	5.333	10.104	-0.552	-4.643	2.148	-0.409	-12.819	-12.819	5.736	-9.717	critique
1.700	1.700	1.036	1.543	-0.732	15.133	6.713	1.599	0.202	1.240	0.462	0.923	critique
-0.153	-0.615	0.367	-0.133	0.560	15.751	6.773	9.021	-0.322	4.849	2.204	2.344	critique
0.618	-1.089	0.616	-0.623	0.464	-0.834	0.554	0.102	0.647	-8.486	3.884	-1.196	anomalie
-11.194	-11.194	4.495	-9.879	0.238	-1.367	0.699	0.115	-0.464	-1.388	0.757	-0.484	critique
0.544	-1.324	0.737	-0.890	-0.103	8.506	3.669	1.580	-4.873	-4.873	0.250	-9.517	anomalie
0.168	-0.747	0.356	-0.342	5.728	6.618	0.326	11.868	0.529	-1.623	0.823	-0.865	normal
-1.391	-1.391	0.642	-0.861	4.336	4.336	0.765	6.455	-0.128	-0.846	0.484	-0.730	normal
0.282	7.385	3.194	4.811	-0.599	0.687	0.527	0.080	-4.493	-4.493	1.032	-6.581	anomalie
-3.302	-4.133	0.335	-7.198	0.709	0.783	0.193	1.710	5.833	5.833	0.386	11.307	normal
0.374	0.754	0.239	1.154	0.854	0.854	0.278	0.709	0.182	-0.603	0.405	-0.499	normal
-0.278	-0.875	0.670	-0.212	5.483	6.536	0.409	12.062	-0.749	1.853	1.192	-0.335	normal
0.194	-15.722	6.873	-9.676	0.586	11.896	5.168	6.919	-2.674	-2.855	0.674	-4.739	critique
-4.136	-4.136	1.735	-3.770	4.030	5.953	0.707	8.990	-0.071	-0.552	0.311	-0.255	normal
5.767	5.851	0.574	10.918	-0.344	-8.648	3.678	-4.245	6.066	7.172	0.395	12.736	anomalie
-0.652	7.661	3.584	3.731	2.449	4.422	0.924	6.169	0.091	1.349	0.910	0.290	anomalie
1.448	3.068	0.865	2.812	-0.101	0.731	0.345	0.299	-0.129	-1.430	0.637	-1.737	normal
-0.205	12.484	5.411	7.288	-0.100	0.580	0.282	0.349	-4.261	-4.261	1.924	-3.415	critique
4.758	4.758	0.661	9.213	0.304	-0.883	0.559	-0.054	-0.264	0.834	0.442	0.005	normal
0.876	-0.963	0.769	0.632	-6.117	-7.001	0.692	-11.922	-1.124	-1.124	0.793	-0.407	normal
3.843	6.960	1.180	10.855	-11.441	-11.441	4.774	-10.075	0.011	-0.710	0.316	-0.713	critique
3.245	4.443	0.658	7.089	4.266	5.100	0.349	9.289	0.099	-15.273	6.652	-9.418	critique
-0.510	1.133	0.822	-0.054	-1.885	-4.283	0.875	-6.322	-0.477	-8.205	3.318	-3.164	anomalie
0.674	-7.256	3.366	-3.783	-0.094	12.901	5.657	6.860	1.830	13.841	5.862	8.683	critique
-0.484	-0.768	0.387	-1.203	4.086	4.159	0.539	7.194	0.035	1.722	0.898	0.862	normal
